{"type": "FeatureCollection", "features": [{"type": "Feature", "properties": {"mag": 5, "place": "Kermadec Islands region", "time": 1775822923066, "updated": 1775824818040, "tz": null, "url": "https://earthquake.usgs.gov/earthquakes/eventpage/us6000snxb", "detail": "https://earthquake.usgs.gov/fdsnws/event/1/query?eventid=us6000snxb&format=geojson", "felt": null, "cdi": null, "mmi": null, "alert": null, "status": "reviewed", "tsunami": 0, "sig": 385, "net": "us", "code": "6000snxb", "ids": ",us6000snxb,", "sources": ",us,", "types": ",origin,phase-data,", "nst": 37, "dmin": 2.686, "rms": 1.05, "gap": 73, "magType": "mb", "type": "earthquake", "title": "M 5.0 - Kermadec Islands region"}, "geometry": {"type": "Point", "coordinates": [-178.0211, -31.9392, 10]}, "id": "us6000snxb"}, {"type": "Feature", "properties": {"mag": 5.1, "place": "20 km NW of Curup, Indonesia", "time": 1775819333559, "updated": 1775822206136, "tz": null, "url": "https://earthquake.usgs.gov/earthquakes/eventpage/us6000snwt", "detail": "https://earthquake.usgs.gov/fdsnws/event/1/query?eventid=us6000snwt&format=geojson", "felt": 11, "cdi": 4.3, "mmi": null, "alert": null, "status": "reviewed", "tsunami": 0, "sig": 405, "net": "us", "code": "6000snwt", "ids": ",us6000snwt,usauto6000snwt,", "sources": ",us,usauto,", "types": ",dyfi,internal-moment-tensor,origin,phase-data,", "nst": 70, "dmin": 1.161, "rms": 0.91, "gap": 61, "magType": "mb", "type": "earthquake", "title": "M 5.1 - 20 km NW of Curup, Indonesia"}, "geometry": {"type": "Point", "coordinates": [102.382, -3.3432, 107.404]}, "id": "us6000snwt"}, {"type": "Feature", "properties": {"mag": 5.2, "place": "South Shetland Islands", "time": 1775771960634, "updated": 1775827577926, "tz": null, "url": "https://earthquake.usgs.gov/earthquakes/eventpage/us6000sntm", "detail": "https://earthquake.usgs.gov/fdsnws/event/1/query?eventid=us6000sntm&format=geojson", "felt": 0, "cdi": 1, "mmi": null, "alert": null, "status": "reviewed", "tsunami": 0, "sig": 416, "net": "us", "code": "6000sntm", "ids": ",us6000sntm,", "sources": ",us,", "types": ",dyfi,origin,phase-data,", "nst": 38, "dmin": 8.549, "rms": 0.96, "gap": 98, "magType": "mb", "type": "earthquake", "title": "M 5.2 - South Shetland Islands"}, "geometry": {"type": "Point", "coordinates": [-56.2015, -60.9923, 10]}, "id": "us6000sntm"}, {"type": "Feature", "properties": {"mag": 5.1, "place": "Izu Islands, Japan region", "time": 1775760864963, "updated": 1775761998040, "tz": null, "url": "https://earthquake.usgs.gov/earthquakes/eventpage/us6000snqs", "detail": "https://earthquake.usgs.gov/fdsnws/event/1/query?eventid=us6000snqs&format=geojson", "felt": null, "cdi": null, "mmi": null, "alert": null, "status": "reviewed", "tsunami": 0, "sig": 400, "net": "us", "code": "6000snqs", "ids": ",usauto6000snqs,us6000snqs,", "sources": ",usauto,us,", "types": ",internal-moment-tensor,moment-tensor,origin,phase-data,", "nst": 70, "dmin": 6.082, "rms": 0.77, "gap": 118, "magType": "mww", "type": "earthquake", "title": "M 5.1 - Izu Islands, Japan region"}, "geometry": {"type": "Point", "coordinates": [141.9379, 30.8731, 10]}, "id": "us6000snqs"}, {"type": "Feature", "properties": {"mag": 5.1, "place": "93 km ENE of Nabire, Indonesia", "time": 1775719941057, "updated": 1775721061040, "tz": null, "url": "https://earthquake.usgs.gov/earthquakes/eventpage/us6000snmv", "detail": "https://earthquake.usgs.gov/fdsnws/event/1/query?eventid=us6000snmv&format=geojson", "felt": null, "cdi": null, "mmi": null, "alert": null, "status": "reviewed", "tsunami": 0, "sig": 400, "net": "us", "code": "6000snmv", "ids": ",us6000snmv,", "sources": ",us,", "types": ",origin,phase-data,", "nst": 65, "dmin": 4.004, "rms": 0.67, "gap": 52, "magType": "mb", "type": "earthquake", "title": "M 5.1 - 93 km ENE of Nabire, Indonesia"}, "geometry": {"type": "Point", "coordinates": [136.2579, -2.9855, 10]}, "id": "us6000snmv"}, {"type": "Feature", "properties": {"mag": 5.1, "place": "State of Yap, Federated States of Micronesia", "time": 1775712900259, "updated": 1775713694040, "tz": null, "url": "https://earthquake.usgs.gov/earthquakes/eventpage/us6000snmg", "detail": "https://earthquake.usgs.gov/fdsnws/event/1/query?eventid=us6000snmg&format=geojson", "felt": null, "cdi": null, "mmi": null, "alert": null, "status": "reviewed", "tsunami": 0, "sig": 400, "net": "us", "code": "6000snmg", "ids": ",us6000snmg,", "sources": ",us,", "types": ",origin,phase-data,", "nst": 52, "dmin": 5.384, "rms": 0.58, "gap": 71, "magType": "mb", "type": "earthquake", "title": "M 5.1 - State of Yap, Federated States of Micronesia"}, "geometry": {"type": "Point", "coordinates": [145.8264, 9.8171, 10]}, "id": "us6000snmg"}, {"type": "Feature", "properties": {"mag": 5, "place": "western Indian-Antarctic Ridge", "time": 1775661243918, "updated": 1775666875040, "tz": null, "url": "https://earthquake.usgs.gov/earthquakes/eventpage/us7000sbbr", "detail": "https://earthquake.usgs.gov/fdsnws/event/1/query?eventid=us7000sbbr&format=geojson", "felt": null, "cdi": null, "mmi": null, "alert": null, "status": "reviewed", "tsunami": 0, "sig": 385, "net": "us", "code": "7000sbbr", "ids": ",us7000sbbr,", "sources": ",us,", "types": ",origin,phase-data,", "nst": 19, "dmin": 17.645, "rms": 0.75, "gap": 146, "magType": "mww", "type": "earthquake", "title": "M 5.0 - western Indian-Antarctic Ridge"}, "geometry": {"type": "Point", "coordinates": [125.5082, -49.4766, 29.265]}, "id": "us7000sbbr"}, {"type": "Feature", "properties": {"mag": 5.6, "place": "64 km SSE of Sovetabad, Azerbaijan", "time": 1775639136878, "updated": 1775727068654, "tz": null, "url": "https://earthquake.usgs.gov/earthquakes/eventpage/us7000sbau", "detail": "https://earthquake.usgs.gov/fdsnws/event/1/query?eventid=us7000sbau&format=geojson", "felt": null, "cdi": null, "mmi": 4.978, "alert": "green", "status": "reviewed", "tsunami": 0, "sig": 482, "net": "us", "code": "7000sbau", "ids": ",usauto7000sbau,us7000sbau,", "sources": ",usauto,us,", "types": ",internal-moment-tensor,losspager,moment-tensor,origin,phase-data,shakemap,", "nst": 61, "dmin": 0.577, "rms": 0.67, "gap": 64, "magType": "mww", "type": "earthquake", "title": "M 5.6 - 64 km SSE of Sovetabad, Azerbaijan"}, "geometry": {"type": "Point", "coordinates": [49.6001, 38.8408, 10]}, "id": "us7000sbau"}, {"type": "Feature", "properties": {"mag": 5, "place": "145 km SE of Kirakira, Solomon Islands", "time": 1775637196977, "updated": 1775638445040, "tz": null, "url": "https://earthquake.usgs.gov/earthquakes/eventpage/us7000sbap", "detail": "https://earthquake.usgs.gov/fdsnws/event/1/query?eventid=us7000sbap&format=geojson", "felt": null, "cdi": null, "mmi": null, "alert": null, "status": "reviewed", "tsunami": 0, "sig": 385, "net": "us", "code": "7000sbap", "ids": ",usauto7000sbap,us7000sbap,", "sources": ",usauto,us,", "types": ",internal-moment-tensor,origin,phase-data,", "nst": 36, "dmin": 3.479, "rms": 1.15, "gap": 48, "magType": "mb", "type": "earthquake", "title": "M 5.0 - 145 km SE of Kirakira, Solomon Islands"}, "geometry": {"type": "Point", "coordinates": [162.9599, -11.273, 10]}, "id": "us7000sbap"}, {"type": "Feature", "properties": {"mag": 5.1, "place": "99 km E of Tadine, New Caledonia", "time": 1775607087976, "updated": 1775615038040, "tz": null, "url": "https://earthquake.usgs.gov/earthquakes/eventpage/us7000sb8q", "detail": "https://earthquake.usgs.gov/fdsnws/event/1/query?eventid=us7000sb8q&format=geojson", "felt": null, "cdi": null, "mmi": null, "alert": null, "status": "reviewed", "tsunami": 0, "sig": 400, "net": "us", "code": "7000sb8q", "ids": ",us7000sb8q,", "sources": ",us,", "types": ",origin,phase-data,", "nst": 38, "dmin": 1.723, "rms": 0.55, "gap": 122, "magType": "mb", "type": "earthquake", "title": "M 5.1 - 99 km E of Tadine, New Caledonia"}, "geometry": {"type": "Point", "coordinates": [168.8373, -21.4657, 10]}, "id": "us7000sb8q"}, {"type": "Feature", "properties": {"mag": 5, "place": "186 km WSW of Bandar Lampung, Indonesia", "time": 1775569215182, "updated": 1775618146911, "tz": null, "url": "https://earthquake.usgs.gov/earthquakes/eventpage/us6000sn81", "detail": "https://earthquake.usgs.gov/fdsnws/event/1/query?eventid=us6000sn81&format=geojson", "felt": 1, "cdi": 1, "mmi": null, "alert": null, "status": "reviewed", "tsunami": 0, "sig": 385, "net": "us", "code": "6000sn81", "ids": ",us6000sn81,", "sources": ",us,", "types": ",dyfi,origin,phase-data,", "nst": 106, "dmin": 1.989, "rms": 0.64, "gap": 64, "magType": "mb", "type": "earthquake", "title": "M 5.0 - 186 km WSW of Bandar Lampung, Indonesia"}, "geometry": {"type": "Point", "coordinates": [103.7635, -6.1919, 30.783]}, "id": "us6000sn81"}, {"type": "Feature", "properties": {"mag": 5.2, "place": "Pacific-Antarctic Ridge", "time": 1775552864598, "updated": 1775569825040, "tz": null, "url": "https://earthquake.usgs.gov/earthquakes/eventpage/us6000sn72", "detail": "https://earthquake.usgs.gov/fdsnws/event/1/query?eventid=us6000sn72&format=geojson", "felt": null, "cdi": null, "mmi": null, "alert": null, "status": "reviewed", "tsunami": 0, "sig": 416, "net": "us", "code": "6000sn72", "ids": ",usauto6000sn72,us6000sn72,", "sources": ",usauto,us,", "types": ",internal-moment-tensor,moment-tensor,origin,phase-data,", "nst": 45, "dmin": 30.428, "rms": 0.66, "gap": 131, "magType": "mb", "type": "earthquake", "title": "M 5.2 - Pacific-Antarctic Ridge"}, "geometry": {"type": "Point", "coordinates": [-128.4399, -55.1335, 10]}, "id": "us6000sn72"}, {"type": "Feature", "properties": {"mag": 5.9, "place": "Pacific-Antarctic Ridge", "time": 1775474317401, "updated": 1775562168597, "tz": null, "url": "https://earthquake.usgs.gov/earthquakes/eventpage/us6000sn11", "detail": "https://earthquake.usgs.gov/fdsnws/event/1/query?eventid=us6000sn11&format=geojson", "felt": null, "cdi": null, "mmi": 0, "alert": "green", "status": "reviewed", "tsunami": 0, "sig": 536, "net": "us", "code": "6000sn11", "ids": ",usauto6000sn11,us6000sn11,", "sources": ",usauto,us,", "types": ",internal-moment-tensor,losspager,moment-tensor,origin,phase-data,shakemap,", "nst": 63, "dmin": 31.57, "rms": 0.7, "gap": 69, "magType": "mww", "type": "earthquake", "title": "M 5.9 - Pacific-Antarctic Ridge"}, "geometry": {"type": "Point", "coordinates": [-129.111, -54.994, 10]}, "id": "us6000sn11"}, {"type": "Feature", "properties": {"mag": 5.2, "place": "0 km S of Tabonok, Philippines", "time": 1775460162142, "updated": 1775711790622, "tz": null, "url": "https://earthquake.usgs.gov/earthquakes/eventpage/us6000sn00", "detail": "https://earthquake.usgs.gov/fdsnws/event/1/query?eventid=us6000sn00&format=geojson", "felt": 37, "cdi": 6.4, "mmi": null, "alert": null, "status": "reviewed", "tsunami": 0, "sig": 440, "net": "us", "code": "6000sn00", "ids": ",us6000sn00,usauto6000sn00,", "sources": ",us,usauto,", "types": ",dyfi,internal-moment-tensor,moment-tensor,origin,phase-data,", "nst": 87, "dmin": 4.11, "rms": 0.88, "gap": 51, "magType": "mww", "type": "earthquake", "title": "M 5.2 - 0 km S of Tabonok, Philippines"}, "geometry": {"type": "Point", "coordinates": [123.8752, 10.8435, 10]}, "id": "us6000sn00"}, {"type": "Feature", "properties": {"mag": 5.2, "place": "south of the Kermadec Islands", "time": 1775456125459, "updated": 1775457134040, "tz": null, "url": "https://earthquake.usgs.gov/earthquakes/eventpage/us6000smzu", "detail": "https://earthquake.usgs.gov/fdsnws/event/1/query?eventid=us6000smzu&format=geojson", "felt": null, "cdi": null, "mmi": null, "alert": null, "status": "reviewed", "tsunami": 0, "sig": 416, "net": "us", "code": "6000smzu", "ids": ",us6000smzu,", "sources": ",us,", "types": ",origin,phase-data,", "nst": 38, "dmin": 2.79, "rms": 0.89, "gap": 81, "magType": "mb", "type": "earthquake", "title": "M 5.2 - south of the Kermadec Islands"}, "geometry": {"type": "Point", "coordinates": [-177.9761, -32.0443, 10]}, "id": "us6000smzu"}, {"type": "Feature", "properties": {"mag": 5.2, "place": "Kermadec Islands region", "time": 1775436146628, "updated": 1775524174682, "tz": null, "url": "https://earthquake.usgs.gov/earthquakes/eventpage/us6000smyb", "detail": "https://earthquake.usgs.gov/fdsnws/event/1/query?eventid=us6000smyb&format=geojson", "felt": null, "cdi": null, "mmi": 5.436, "alert": "green", "status": "reviewed", "tsunami": 0, "sig": 416, "net": "us", "code": "6000smyb", "ids": ",us6000smyb,usauto6000smyb,", "sources": ",us,usauto,", "types": ",ground-failure,internal-moment-tensor,losspager,origin,phase-data,shakemap,", "nst": 55, "dmin": 2.698, "rms": 0.86, "gap": 75, "magType": "mww", "type": "earthquake", "title": "M 5.2 - Kermadec Islands region"}, "geometry": {"type": "Point", "coordinates": [-178.0646, -31.9492, 10]}, "id": "us6000smyb"}, {"type": "Feature", "properties": {"mag": 5.4, "place": "south of the Kermadec Islands", "time": 1775409647491, "updated": 1775498885570, "tz": null, "url": "https://earthquake.usgs.gov/earthquakes/eventpage/us6000smwq", "detail": "https://earthquake.usgs.gov/fdsnws/event/1/query?eventid=us6000smwq&format=geojson", "felt": null, "cdi": null, "mmi": 5.667, "alert": "green", "status": "reviewed", "tsunami": 0, "sig": 449, "net": "us", "code": "6000smwq", "ids": ",us6000smwq,usauto6000smwq,", "sources": ",us,usauto,", "types": ",ground-failure,internal-moment-tensor,losspager,moment-tensor,origin,phase-data,shakemap,", "nst": 44, "dmin": 2.815, "rms": 1.05, "gap": 127, "magType": "mww", "type": "earthquake", "title": "M 5.4 - south of the Kermadec Islands"}, "geometry": {"type": "Point", "coordinates": [-177.9594, -32.0691, 11]}, "id": "us6000smwq"}, {"type": "Feature", "properties": {"mag": 5.2, "place": "south of the Kermadec Islands", "time": 1775409591822, "updated": 1775412281040, "tz": null, "url": "https://earthquake.usgs.gov/earthquakes/eventpage/us6000smww", "detail": "https://earthquake.usgs.gov/fdsnws/event/1/query?eventid=us6000smww&format=geojson", "felt": null, "cdi": null, "mmi": null, "alert": null, "status": "reviewed", "tsunami": 0, "sig": 416, "net": "us", "code": "6000smww", "ids": ",us6000smww,", "sources": ",us,", "types": ",origin,phase-data,", "nst": 46, "dmin": 2.841, "rms": 0.74, "gap": 69, "magType": "mb", "type": "earthquake", "title": "M 5.2 - south of the Kermadec Islands"}, "geometry": {"type": "Point", "coordinates": [-178.0867, -32.0921, 10]}, "id": "us6000smww"}, {"type": "Feature", "properties": {"mag": 5.1, "place": "Kermadec Islands region", "time": 1775409041726, "updated": 1775410302040, "tz": null, "url": "https://earthquake.usgs.gov/earthquakes/eventpage/us6000smwn", "detail": "https://earthquake.usgs.gov/fdsnws/event/1/query?eventid=us6000smwn&format=geojson", "felt": null, "cdi": null, "mmi": null, "alert": null, "status": "reviewed", "tsunami": 0, "sig": 400, "net": "us", "code": "6000smwn", "ids": ",us6000smwn,", "sources": ",us,", "types": ",origin,phase-data,", "nst": 34, "dmin": 2.747, "rms": 0.83, "gap": 138, "magType": "mb", "type": "earthquake", "title": "M 5.1 - Kermadec Islands region"}, "geometry": {"type": "Point", "coordinates": [-178.5931, -31.9405, 35]}, "id": "us6000smwn"}, {"type": "Feature", "properties": {"mag": 5.5, "place": "south of the Kermadec Islands", "time": 1775395335957, "updated": 1775483523441, "tz": null, "url": "https://earthquake.usgs.gov/earthquakes/eventpage/us6000smui", "detail": "https://earthquake.usgs.gov/fdsnws/event/1/query?eventid=us6000smui&format=geojson", "felt": null, "cdi": null, "mmi": 5.97, "alert": "green", "status": "reviewed", "tsunami": 0, "sig": 465, "net": "us", "code": "6000smui", "ids": ",us6000smui,usauto6000smui,", "sources": ",us,usauto,", "types": ",ground-failure,internal-moment-tensor,losspager,moment-tensor,origin,phase-data,shakemap,", "nst": 27, "dmin": 2.788, "rms": 1.05, "gap": 158, "magType": "mww", "type": "earthquake", "title": "M 5.5 - south of the Kermadec Islands"}, "geometry": {"type": "Point", "coordinates": [-177.8645, -32.0412, 10]}, "id": "us6000smui"}, {"type": "Feature", "properties": {"mag": 5.1, "place": "Bonin Islands, Japan region", "time": 1775355482073, "updated": 1775356878040, "tz": null, "url": "https://earthquake.usgs.gov/earthquakes/eventpage/us6000smq4", "detail": "https://earthquake.usgs.gov/fdsnws/event/1/query?eventid=us6000smq4&format=geojson", "felt": null, "cdi": null, "mmi": null, "alert": null, "status": "reviewed", "tsunami": 0, "sig": 400, "net": "us", "code": "6000smq4", "ids": ",us6000smq4,", "sources": ",us,", "types": ",origin,phase-data,", "nst": 34, "dmin": 8.424, "rms": 1.01, "gap": 142, "magType": "mb", "type": "earthquake", "title": "M 5.1 - Bonin Islands, Japan region"}, "geometry": {"type": "Point", "coordinates": [142.6478, 28.4548, 10]}, "id": "us6000smq4"}, {"type": "Feature", "properties": {"mag": 5, "place": "Kermadec Islands region", "time": 1775341880621, "updated": 1775343025040, "tz": null, "url": "https://earthquake.usgs.gov/earthquakes/eventpage/us6000smp9", "detail": "https://earthquake.usgs.gov/fdsnws/event/1/query?eventid=us6000smp9&format=geojson", "felt": null, "cdi": null, "mmi": null, "alert": null, "status": "reviewed", "tsunami": 0, "sig": 385, "net": "us", "code": "6000smp9", "ids": ",us6000smp9,", "sources": ",us,", "types": ",origin,phase-data,", "nst": 26, "dmin": 2.268, "rms": 1.25, "gap": 151, "magType": "mb", "type": "earthquake", "title": "M 5.0 - Kermadec Islands region"}, "geometry": {"type": "Point", "coordinates": [-177.9766, -31.5203, 30.861]}, "id": "us6000smp9"}, {"type": "Feature", "properties": {"mag": 5.5, "place": "81 km S of Yulara, Australia", "time": 1775327173834, "updated": 1775576814264, "tz": null, "url": "https://earthquake.usgs.gov/earthquakes/eventpage/us6000smm5", "detail": "https://earthquake.usgs.gov/fdsnws/event/1/query?eventid=us6000smm5&format=geojson", "felt": 2, "cdi": 3.1, "mmi": 7.453, "alert": "green", "status": "reviewed", "tsunami": 0, "sig": 466, "net": "us", "code": "6000smm5", "ids": ",us6000smm5,usauto6000smm5,", "sources": ",us,usauto,", "types": ",dyfi,ground-failure,impact-text,internal-moment-tensor,losspager,moment-tensor,origin,phase-data,shakemap,", "nst": 283, "dmin": 3.601, "rms": 0.54, "gap": 20, "magType": "mww", "type": "earthquake", "title": "M 5.5 - 81 km S of Yulara, Australia"}, "geometry": {"type": "Point", "coordinates": [130.843, -25.9643, 10]}, "id": "us6000smm5"}, {"type": "Feature", "properties": {"mag": 5.2, "place": "4 km NE of Hualien City, Taiwan", "time": 1775322898646, "updated": 1775579016132, "tz": null, "url": "https://earthquake.usgs.gov/earthquakes/eventpage/us6000smlu", "detail": "https://earthquake.usgs.gov/fdsnws/event/1/query?eventid=us6000smlu&format=geojson", "felt": 37, "cdi": 5.2, "mmi": 5.654, "alert": "green", "status": "reviewed", "tsunami": 0, "sig": 435, "net": "us", "code": "6000smlu", "ids": ",us6000smlu,usauto6000smlu,", "sources": ",us,usauto,", "types": ",dyfi,ground-failure,internal-moment-tensor,losspager,moment-tensor,origin,phase-data,shakemap,", "nst": 212, "dmin": 0.176, "rms": 0.69, "gap": 28, "magType": "mww", "type": "earthquake", "title": "M 5.2 - 4 km NE of Hualien City, Taiwan"}, "geometry": {"type": "Point", "coordinates": [121.6426, 24.0026, 29.676]}, "id": "us6000smlu"}, {"type": "Feature", "properties": {"mag": 5.2, "place": "155 km E of Kokopo, Papua New Guinea", "time": 1775319787684, "updated": 1775578518040, "tz": null, "url": "https://earthquake.usgs.gov/earthquakes/eventpage/us6000smlm", "detail": "https://earthquake.usgs.gov/fdsnws/event/1/query?eventid=us6000smlm&format=geojson", "felt": null, "cdi": null, "mmi": null, "alert": null, "status": "reviewed", "tsunami": 0, "sig": 416, "net": "us", "code": "6000smlm", "ids": ",usauto6000smlm,us6000smlm,", "sources": ",usauto,us,", "types": ",internal-moment-tensor,moment-tensor,origin,phase-data,", "nst": 192, "dmin": 1.535, "rms": 0.58, "gap": 54, "magType": "mww", "type": "earthquake", "title": "M 5.2 - 155 km E of Kokopo, Papua New Guinea"}, "geometry": {"type": "Point", "coordinates": [153.65, -4.5923, 108.286]}, "id": "us6000smlm"}, {"type": "Feature", "properties": {"mag": 5.2, "place": "46 km E of Tuapejat, Indonesia", "time": 1775301672368, "updated": 1775302611040, "tz": null, "url": "https://earthquake.usgs.gov/earthquakes/eventpage/us6000smjx", "detail": "https://earthquake.usgs.gov/fdsnws/event/1/query?eventid=us6000smjx&format=geojson", "felt": null, "cdi": null, "mmi": null, "alert": null, "status": "reviewed", "tsunami": 0, "sig": 416, "net": "us", "code": "6000smjx", "ids": ",usauto6000smjx,us6000smjx,", "sources": ",usauto,us,", "types": ",internal-moment-tensor,origin,phase-data,", "nst": 74, "dmin": 3.719, "rms": 0.9, "gap": 94, "magType": "mww", "type": "earthquake", "title": "M 5.2 - 46 km E of Tuapejat, Indonesia"}, "geometry": {"type": "Point", "coordinates": [100.0086, -2.0711, 40.845]}, "id": "us6000smjx"}, {"type": "Feature", "properties": {"mag": 5, "place": "41 km E of Onagawa Ch\u014d, Japan", "time": 1775299006191, "updated": 1775300335040, "tz": null, "url": "https://earthquake.usgs.gov/earthquakes/eventpage/us6000smj7", "detail": "https://earthquake.usgs.gov/fdsnws/event/1/query?eventid=us6000smj7&format=geojson", "felt": null, "cdi": null, "mmi": null, "alert": null, "status": "reviewed", "tsunami": 0, "sig": 385, "net": "us", "code": "6000smj7", "ids": ",us6000smj7,", "sources": ",us,", "types": ",origin,phase-data,", "nst": 43, "dmin": 2.442, "rms": 1.03, "gap": 94, "magType": "mb", "type": "earthquake", "title": "M 5.0 - 41 km E of Onagawa Ch\u014d, Japan"}, "geometry": {"type": "Point", "coordinates": [141.9269, 38.4373, 67.953]}, "id": "us6000smj7"}, {"type": "Feature", "properties": {"mag": 6, "place": "90 km SE of Sarangani, Philippines", "time": 1775298871609, "updated": 1775386653383, "tz": null, "url": "https://earthquake.usgs.gov/earthquakes/eventpage/us6000smj4", "detail": "https://earthquake.usgs.gov/fdsnws/event/1/query?eventid=us6000smj4&format=geojson", "felt": 11, "cdi": 4.2, "mmi": 4.065, "alert": "green", "status": "reviewed", "tsunami": 0, "sig": 558, "net": "us", "code": "6000smj4", "ids": ",us6000smj4,usauto6000smj4,", "sources": ",us,usauto,", "types": ",dyfi,ground-failure,internal-moment-tensor,losspager,moment-tensor,origin,phase-data,shakemap,", "nst": 61, "dmin": 2.228, "rms": 1.16, "gap": 41, "magType": "mww", "type": "earthquake", "title": "M 6.0 - 90 km SE of Sarangani, Philippines"}, "geometry": {"type": "Point", "coordinates": [126.1031, 4.8892, 99.568]}, "id": "us6000smj4"}, {"type": "Feature", "properties": {"mag": 5, "place": "246 km N of Hicks Bay, New Zealand", "time": 1775290371492, "updated": 1775292317040, "tz": null, "url": "https://earthquake.usgs.gov/earthquakes/eventpage/us6000smic", "detail": "https://earthquake.usgs.gov/fdsnws/event/1/query?eventid=us6000smic&format=geojson", "felt": null, "cdi": null, "mmi": null, "alert": null, "status": "reviewed", "tsunami": 0, "sig": 385, "net": "us", "code": "6000smic", "ids": ",us6000smic,", "sources": ",us,", "types": ",origin,phase-data,", "nst": 19, "dmin": 2.176, "rms": 0.42, "gap": 129, "magType": "mb", "type": "earthquake", "title": "M 5.0 - 246 km N of Hicks Bay, New Zealand"}, "geometry": {"type": "Point", "coordinates": [178.6358, -35.3979, 10]}, "id": "us6000smic"}, {"type": "Feature", "properties": {"mag": 5.1, "place": "21 km SSE of Erci\u015f, Turkey", "time": 1775281962749, "updated": 1775307358280, "tz": null, "url": "https://earthquake.usgs.gov/earthquakes/eventpage/us6000smhq", "detail": "https://earthquake.usgs.gov/fdsnws/event/1/query?eventid=us6000smhq&format=geojson", "felt": 4, "cdi": 4.6, "mmi": null, "alert": null, "status": "reviewed", "tsunami": 0, "sig": 402, "net": "us", "code": "6000smhq", "ids": ",us6000smhq,usauto6000smhq,", "sources": ",us,usauto,", "types": ",dyfi,internal-moment-tensor,origin,phase-data,", "nst": 61, "dmin": 0.643, "rms": 0.5, "gap": 43, "magType": "mww", "type": "earthquake", "title": "M 5.1 - 21 km SSE of Erci\u015f, Turkey"}, "geometry": {"type": "Point", "coordinates": [43.4874, 38.8615, 6.338]}, "id": "us6000smhq"}, {"type": "Feature", "properties": {"mag": 5.5, "place": "Mid-Indian Ridge", "time": 1775278532105, "updated": 1775366367952, "tz": null, "url": "https://earthquake.usgs.gov/earthquakes/eventpage/us6000smhl", "detail": "https://earthquake.usgs.gov/fdsnws/event/1/query?eventid=us6000smhl&format=geojson", "felt": null, "cdi": null, "mmi": 0, "alert": "green", "status": "reviewed", "tsunami": 0, "sig": 465, "net": "us", "code": "6000smhl", "ids": ",us6000smhl,", "sources": ",us,", "types": ",losspager,origin,phase-data,shakemap,", "nst": 64, "dmin": 5.595, "rms": 0.87, "gap": 40, "magType": "mb", "type": "earthquake", "title": "M 5.5 - Mid-Indian Ridge"}, "geometry": {"type": "Point", "coordinates": [68.913, -21.8707, 10]}, "id": "us6000smhl"}, {"type": "Feature", "properties": {"mag": 5.9, "place": "111 km ESE of Bitung, Indonesia", "time": 1775266500602, "updated": 1775354267756, "tz": null, "url": "https://earthquake.usgs.gov/earthquakes/eventpage/us6000smgy", "detail": "https://earthquake.usgs.gov/fdsnws/event/1/query?eventid=us6000smgy&format=geojson", "felt": 3, "cdi": 3.8, "mmi": 4.275, "alert": "green", "status": "reviewed", "tsunami": 0, "sig": 537, "net": "us", "code": "6000smgy", "ids": ",us6000smgy,usauto6000smgy,pt26094000,", "sources": ",us,usauto,pt,", "types": ",dyfi,internal-moment-tensor,internal-origin,losspager,moment-tensor,origin,phase-data,shakemap,", "nst": 73, "dmin": 5.94, "rms": 0.99, "gap": 37, "magType": "mb", "type": "earthquake", "title": "M 5.9 - 111 km ESE of Bitung, Indonesia"}, "geometry": {"type": "Point", "coordinates": [126.0732, 1.1109, 48.684]}, "id": "us6000smgy"}, {"type": "Feature", "properties": {"mag": 5.1, "place": "125 km E of Bitung, Indonesia", "time": 1775251146281, "updated": 1775252679040, "tz": null, "url": "https://earthquake.usgs.gov/earthquakes/eventpage/us6000smfm", "detail": "https://earthquake.usgs.gov/fdsnws/event/1/query?eventid=us6000smfm&format=geojson", "felt": null, "cdi": null, "mmi": null, "alert": null, "status": "reviewed", "tsunami": 0, "sig": 400, "net": "us", "code": "6000smfm", "ids": ",us6000smfm,", "sources": ",us,", "types": ",origin,phase-data,", "nst": 73, "dmin": 5.6, "rms": 0.94, "gap": 80, "magType": "mb", "type": "earthquake", "title": "M 5.1 - 125 km E of Bitung, Indonesia"}, "geometry": {"type": "Point", "coordinates": [126.26, 1.4735, 35]}, "id": "us6000smfm"}, {"type": "Feature", "properties": {"mag": 5.8, "place": "35 km S of Jurm, Afghanistan", "time": 1775232778037, "updated": 1775320558997, "tz": null, "url": "https://earthquake.usgs.gov/earthquakes/eventpage/us6000smda", "detail": "https://earthquake.usgs.gov/fdsnws/event/1/query?eventid=us6000smda&format=geojson", "felt": 36, "cdi": 4.1, "mmi": 3.478, "alert": "green", "status": "reviewed", "tsunami": 0, "sig": 532, "net": "us", "code": "6000smda", "ids": ",us6000smda,usauto6000smda,", "sources": ",us,usauto,", "types": ",dyfi,internal-moment-tensor,losspager,moment-tensor,origin,phase-data,shakemap,", "nst": 80, "dmin": 2.189, "rms": 0.99, "gap": 22, "magType": "mww", "type": "earthquake", "title": "M 5.8 - 35 km S of Jurm, Afghanistan"}, "geometry": {"type": "Point", "coordinates": [70.852, 36.5479, 186.371]}, "id": "us6000smda"}, {"type": "Feature", "properties": {"mag": 5.1, "place": "132 km NW of Ternate, Indonesia", "time": 1775213947488, "updated": 1775214903040, "tz": null, "url": "https://earthquake.usgs.gov/earthquakes/eventpage/us6000smbs", "detail": "https://earthquake.usgs.gov/fdsnws/event/1/query?eventid=us6000smbs&format=geojson", "felt": null, "cdi": null, "mmi": null, "alert": null, "status": "reviewed", "tsunami": 0, "sig": 400, "net": "us", "code": "6000smbs", "ids": ",us6000smbs,", "sources": ",us,", "types": ",origin,phase-data,", "nst": 64, "dmin": 5.593, "rms": 0.69, "gap": 72, "magType": "mb", "type": "earthquake", "title": "M 5.1 - 132 km NW of Ternate, Indonesia"}, "geometry": {"type": "Point", "coordinates": [126.4253, 1.5039, 35]}, "id": "us6000smbs"}, {"type": "Feature", "properties": {"mag": 5.5, "place": "49 km ESE of Rasht, Tajikistan", "time": 1775212002802, "updated": 1775300002808, "tz": null, "url": "https://earthquake.usgs.gov/earthquakes/eventpage/us6000smbl", "detail": "https://earthquake.usgs.gov/fdsnws/event/1/query?eventid=us6000smbl&format=geojson", "felt": 1, "cdi": 2.2, "mmi": 6.626, "alert": "green", "status": "reviewed", "tsunami": 0, "sig": 466, "net": "us", "code": "6000smbl", "ids": ",us6000smbl,usauto6000smbl,", "sources": ",us,usauto,", "types": ",dyfi,ground-failure,internal-moment-tensor,losspager,origin,phase-data,shakemap,", "nst": 79, "dmin": 0.898, "rms": 0.92, "gap": 44, "magType": "mb", "type": "earthquake", "title": "M 5.5 - 49 km ESE of Rasht, Tajikistan"}, "geometry": {"type": "Point", "coordinates": [70.917, 38.8967, 10]}, "id": "us6000smbl"}, {"type": "Feature", "properties": {"mag": 5.1, "place": "223 km ESE of Attu Station, Alaska", "time": 1775204528857, "updated": 1775206664478, "tz": null, "url": "https://earthquake.usgs.gov/earthquakes/eventpage/us6000smax", "detail": "https://earthquake.usgs.gov/fdsnws/event/1/query?eventid=us6000smax&format=geojson", "felt": null, "cdi": null, "mmi": 3.359, "alert": null, "status": "reviewed", "tsunami": 0, "sig": 400, "net": "us", "code": "6000smax", "ids": ",aka2026gnnlzb,us6000smax,", "sources": ",ak,us,", "types": ",origin,phase-data,shakemap,", "nst": 61, "dmin": 1.407, "rms": 0.76, "gap": 71, "magType": "mb", "type": "earthquake", "title": "M 5.1 - 223 km ESE of Attu Station, Alaska"}, "geometry": {"type": "Point", "coordinates": [176.3511, 52.279, 10]}, "id": "us6000smax"}, {"type": "Feature", "properties": {"mag": 5.2, "place": "101 km E of Bitung, Indonesia", "time": 1775191325125, "updated": 1775192451040, "tz": null, "url": "https://earthquake.usgs.gov/earthquakes/eventpage/us6000sma8", "detail": "https://earthquake.usgs.gov/fdsnws/event/1/query?eventid=us6000sma8&format=geojson", "felt": null, "cdi": null, "mmi": null, "alert": null, "status": "reviewed", "tsunami": 0, "sig": 416, "net": "us", "code": "6000sma8", "ids": ",us6000sma8,", "sources": ",us,", "types": ",origin,phase-data,", "nst": 66, "dmin": 5.646, "rms": 0.97, "gap": 43, "magType": "mb", "type": "earthquake", "title": "M 5.2 - 101 km E of Bitung, Indonesia"}, "geometry": {"type": "Point", "coordinates": [126.0406, 1.4051, 35]}, "id": "us6000sma8"}, {"type": "Feature", "properties": {"mag": 5.4, "place": "111 km WNW of Ternate, Indonesia", "time": 1775187436087, "updated": 1775275193000, "tz": null, "url": "https://earthquake.usgs.gov/earthquakes/eventpage/us6000sm9y", "detail": "https://earthquake.usgs.gov/fdsnws/event/1/query?eventid=us6000sm9y&format=geojson", "felt": null, "cdi": null, "mmi": 4.078, "alert": "green", "status": "reviewed", "tsunami": 0, "sig": 449, "net": "us", "code": "6000sm9y", "ids": ",usauto6000sm9y,us6000sm9y,", "sources": ",usauto,us,", "types": ",internal-moment-tensor,losspager,moment-tensor,origin,phase-data,shakemap,", "nst": 71, "dmin": 6.085, "rms": 1.03, "gap": 80, "magType": "mb", "type": "earthquake", "title": "M 5.4 - 111 km WNW of Ternate, Indonesia"}, "geometry": {"type": "Point", "coordinates": [126.4074, 1.0005, 35]}, "id": "us6000sm9y"}, {"type": "Feature", "properties": {"mag": 5, "place": "Kermadec Islands region", "time": 1775183629551, "updated": 1775184736040, "tz": null, "url": "https://earthquake.usgs.gov/earthquakes/eventpage/us6000sm9g", "detail": "https://earthquake.usgs.gov/fdsnws/event/1/query?eventid=us6000sm9g&format=geojson", "felt": null, "cdi": null, "mmi": null, "alert": null, "status": "reviewed", "tsunami": 0, "sig": 385, "net": "us", "code": "6000sm9g", "ids": ",us6000sm9g,", "sources": ",us,", "types": ",origin,phase-data,", "nst": 51, "dmin": 1.366, "rms": 1.36, "gap": 75, "magType": "mb", "type": "earthquake", "title": "M 5.0 - Kermadec Islands region"}, "geometry": {"type": "Point", "coordinates": [-179.0112, -30.2388, 217.264]}, "id": "us6000sm9g"}, {"type": "Feature", "properties": {"mag": 5.1, "place": "Kuril Islands", "time": 1775182253447, "updated": 1775183466040, "tz": null, "url": "https://earthquake.usgs.gov/earthquakes/eventpage/us6000sm96", "detail": "https://earthquake.usgs.gov/fdsnws/event/1/query?eventid=us6000sm96&format=geojson", "felt": null, "cdi": null, "mmi": null, "alert": null, "status": "reviewed", "tsunami": 0, "sig": 400, "net": "us", "code": "6000sm96", "ids": ",usauto6000sm96,us6000sm96,", "sources": ",usauto,us,", "types": ",internal-moment-tensor,origin,phase-data,", "nst": 48, "dmin": 6.978, "rms": 0.85, "gap": 102, "magType": "mb", "type": "earthquake", "title": "M 5.1 - Kuril Islands"}, "geometry": {"type": "Point", "coordinates": [152.8112, 46.886, 35]}, "id": "us6000sm96"}, {"type": "Feature", "properties": {"mag": 5.3, "place": "124 km WNW of Ternate, Indonesia", "time": 1775180653456, "updated": 1775234899040, "tz": null, "url": "https://earthquake.usgs.gov/earthquakes/eventpage/us6000sm8r", "detail": "https://earthquake.usgs.gov/fdsnws/event/1/query?eventid=us6000sm8r&format=geojson", "felt": null, "cdi": null, "mmi": null, "alert": null, "status": "reviewed", "tsunami": 0, "sig": 432, "net": "us", "code": "6000sm8r", "ids": ",usauto6000sm8r,us6000sm8r,", "sources": ",usauto,us,", "types": ",internal-moment-tensor,moment-tensor,origin,phase-data,", "nst": 58, "dmin": 6.054, "rms": 0.94, "gap": 89, "magType": "mb", "type": "earthquake", "title": "M 5.3 - 124 km WNW of Ternate, Indonesia"}, "geometry": {"type": "Point", "coordinates": [126.288, 1.0169, 35]}, "id": "us6000sm8r"}, {"type": "Feature", "properties": {"mag": 5.3, "place": "130 km WNW of Ternate, Indonesia", "time": 1775176377016, "updated": 1775177145040, "tz": null, "url": "https://earthquake.usgs.gov/earthquakes/eventpage/us6000sm8h", "detail": "https://earthquake.usgs.gov/fdsnws/event/1/query?eventid=us6000sm8h&format=geojson", "felt": null, "cdi": null, "mmi": null, "alert": null, "status": "reviewed", "tsunami": 0, "sig": 432, "net": "us", "code": "6000sm8h", "ids": ",us6000sm8h,", "sources": ",us,", "types": ",origin,phase-data,", "nst": 45, "dmin": 5.831, "rms": 1.15, "gap": 78, "magType": "mb", "type": "earthquake", "title": "M 5.3 - 130 km WNW of Ternate, Indonesia"}, "geometry": {"type": "Point", "coordinates": [126.2978, 1.2437, 35]}, "id": "us6000sm8h"}, {"type": "Feature", "properties": {"mag": 5.6, "place": "120 km WNW of Ternate, Indonesia", "time": 1775175740421, "updated": 1775263792055, "tz": null, "url": "https://earthquake.usgs.gov/earthquakes/eventpage/us6000sm8g", "detail": "https://earthquake.usgs.gov/fdsnws/event/1/query?eventid=us6000sm8g&format=geojson", "felt": null, "cdi": null, "mmi": 4.294, "alert": "green", "status": "reviewed", "tsunami": 0, "sig": 482, "net": "us", "code": "6000sm8g", "ids": ",usauto6000sm8g,us6000sm8g,", "sources": ",usauto,us,", "types": ",internal-moment-tensor,losspager,moment-tensor,origin,phase-data,shakemap,", "nst": 97, "dmin": 5.778, "rms": 1.1, "gap": 23, "magType": "mww", "type": "earthquake", "title": "M 5.6 - 120 km WNW of Ternate, Indonesia"}, "geometry": {"type": "Point", "coordinates": [126.4332, 1.3163, 35]}, "id": "us6000sm8g"}, {"type": "Feature", "properties": {"mag": 5.4, "place": "73 km NNE of Isangel, Vanuatu", "time": 1775172134773, "updated": 1775260010157, "tz": null, "url": "https://earthquake.usgs.gov/earthquakes/eventpage/us6000sm8a", "detail": "https://earthquake.usgs.gov/fdsnws/event/1/query?eventid=us6000sm8a&format=geojson", "felt": null, "cdi": null, "mmi": 2.798, "alert": "green", "status": "reviewed", "tsunami": 0, "sig": 449, "net": "us", "code": "6000sm8a", "ids": ",usauto6000sm8a,us6000sm8a,", "sources": ",usauto,us,", "types": ",internal-moment-tensor,losspager,origin,phase-data,shakemap,", "nst": 70, "dmin": 4.072, "rms": 0.67, "gap": 55, "magType": "mww", "type": "earthquake", "title": "M 5.4 - 73 km NNE of Isangel, Vanuatu"}, "geometry": {"type": "Point", "coordinates": [169.4841, -18.906, 278.376]}, "id": "us6000sm8a"}, {"type": "Feature", "properties": {"mag": 5, "place": "103 km ESE of Bitung, Indonesia", "time": 1775155571597, "updated": 1775158247040, "tz": null, "url": "https://earthquake.usgs.gov/earthquakes/eventpage/us6000sm6e", "detail": "https://earthquake.usgs.gov/fdsnws/event/1/query?eventid=us6000sm6e&format=geojson", "felt": null, "cdi": null, "mmi": null, "alert": null, "status": "reviewed", "tsunami": 0, "sig": 385, "net": "us", "code": "6000sm6e", "ids": ",us6000sm6e,", "sources": ",us,", "types": ",origin,phase-data,", "nst": 79, "dmin": 5.92, "rms": 0.86, "gap": 35, "magType": "mb", "type": "earthquake", "title": "M 5.0 - 103 km ESE of Bitung, Indonesia"}, "geometry": {"type": "Point", "coordinates": [126.001, 1.1246, 35]}, "id": "us6000sm6e"}, {"type": "Feature", "properties": {"mag": 5.1, "place": "116 km E of Bitung, Indonesia", "time": 1775146226585, "updated": 1775147353040, "tz": null, "url": "https://earthquake.usgs.gov/earthquakes/eventpage/us6000sm5i", "detail": "https://earthquake.usgs.gov/fdsnws/event/1/query?eventid=us6000sm5i&format=geojson", "felt": null, "cdi": null, "mmi": null, "alert": null, "status": "reviewed", "tsunami": 0, "sig": 400, "net": "us", "code": "6000sm5i", "ids": ",us6000sm5i,", "sources": ",us,", "types": ",origin,phase-data,", "nst": 38, "dmin": 5.819, "rms": 0.91, "gap": 85, "magType": "mb", "type": "earthquake", "title": "M 5.1 - 116 km E of Bitung, Indonesia"}, "geometry": {"type": "Point", "coordinates": [126.1543, 1.2405, 35]}, "id": "us6000sm5i"}, {"type": "Feature", "properties": {"mag": 5.3, "place": "81 km WSW of Nabire, Indonesia", "time": 1775144196646, "updated": 1775145310040, "tz": null, "url": "https://earthquake.usgs.gov/earthquakes/eventpage/us6000sm43", "detail": "https://earthquake.usgs.gov/fdsnws/event/1/query?eventid=us6000sm43&format=geojson", "felt": null, "cdi": null, "mmi": null, "alert": null, "status": "reviewed", "tsunami": 0, "sig": 432, "net": "us", "code": "6000sm43", "ids": ",usauto6000sm43,us6000sm43,", "sources": ",usauto,us,", "types": ",internal-moment-tensor,origin,phase-data,", "nst": 32, "dmin": 2.722, "rms": 0.56, "gap": 61, "magType": "mb", "type": "earthquake", "title": "M 5.3 - 81 km WSW of Nabire, Indonesia"}, "geometry": {"type": "Point", "coordinates": [134.8597, -3.7097, 33.785]}, "id": "us6000sm43"}, {"type": "Feature", "properties": {"mag": 5.1, "place": "131 km E of Bitung, Indonesia", "time": 1775144063732, "updated": 1775145154040, "tz": null, "url": "https://earthquake.usgs.gov/earthquakes/eventpage/us6000sm40", "detail": "https://earthquake.usgs.gov/fdsnws/event/1/query?eventid=us6000sm40&format=geojson", "felt": null, "cdi": null, "mmi": null, "alert": null, "status": "reviewed", "tsunami": 0, "sig": 400, "net": "us", "code": "6000sm40", "ids": ",us6000sm40,", "sources": ",us,", "types": ",origin,phase-data,", "nst": 43, "dmin": 7.008, "rms": 0.95, "gap": 96, "magType": "mb", "type": "earthquake", "title": "M 5.1 - 131 km E of Bitung, Indonesia"}, "geometry": {"type": "Point", "coordinates": [126.3035, 1.5322, 10]}, "id": "us6000sm40"}, {"type": "Feature", "properties": {"mag": 5.8, "place": "121 km WNW of Ternate, Indonesia", "time": 1775140499320, "updated": 1775228237798, "tz": null, "url": "https://earthquake.usgs.gov/earthquakes/eventpage/us6000sm21", "detail": "https://earthquake.usgs.gov/fdsnws/event/1/query?eventid=us6000sm21&format=geojson", "felt": null, "cdi": null, "mmi": 4.59, "alert": "green", "status": "reviewed", "tsunami": 0, "sig": 518, "net": "us", "code": "6000sm21", "ids": ",usauto6000sm21,pt26092002,us6000sm21,", "sources": ",usauto,pt,us,", "types": ",internal-moment-tensor,internal-origin,losspager,origin,phase-data,shakemap,", "nst": 54, "dmin": 5.881, "rms": 1.01, "gap": 82, "magType": "mww", "type": "earthquake", "title": "M 5.8 - 121 km WNW of Ternate, Indonesia"}, "geometry": {"type": "Point", "coordinates": [126.3735, 1.2035, 35]}, "id": "us6000sm21"}, {"type": "Feature", "properties": {"mag": 5.9, "place": "130 km WNW of Ternate, Indonesia", "time": 1775139229201, "updated": 1775227249307, "tz": null, "url": "https://earthquake.usgs.gov/earthquakes/eventpage/us6000sm1v", "detail": "https://earthquake.usgs.gov/fdsnws/event/1/query?eventid=us6000sm1v&format=geojson", "felt": null, "cdi": null, "mmi": 4.865, "alert": "green", "status": "reviewed", "tsunami": 0, "sig": 536, "net": "us", "code": "6000sm1v", "ids": ",us6000sm1v,usauto6000sm1v,pt26092001,", "sources": ",us,usauto,pt,", "types": ",ground-failure,internal-moment-tensor,internal-origin,losspager,moment-tensor,origin,phase-data,shakemap,", "nst": 62, "dmin": 5.835, "rms": 1, "gap": 82, "magType": "mww", "type": "earthquake", "title": "M 5.9 - 130 km WNW of Ternate, Indonesia"}, "geometry": {"type": "Point", "coordinates": [126.3004, 1.2401, 35]}, "id": "us6000sm1v"}, {"type": "Feature", "properties": {"mag": 5.2, "place": "128 km E of Bitung, Indonesia", "time": 1775129735014, "updated": 1775130656040, "tz": null, "url": "https://earthquake.usgs.gov/earthquakes/eventpage/us6000slzh", "detail": "https://earthquake.usgs.gov/fdsnws/event/1/query?eventid=us6000slzh&format=geojson", "felt": null, "cdi": null, "mmi": null, "alert": null, "status": "reviewed", "tsunami": 0, "sig": 416, "net": "us", "code": "6000slzh", "ids": ",us6000slzh,", "sources": ",us,", "types": ",origin,phase-data,", "nst": 63, "dmin": 5.721, "rms": 0.76, "gap": 70, "magType": "mb", "type": "earthquake", "title": "M 5.2 - 128 km E of Bitung, Indonesia"}, "geometry": {"type": "Point", "coordinates": [126.2823, 1.3537, 35]}, "id": "us6000slzh"}, {"type": "Feature", "properties": {"mag": 5.1, "place": "132 km E of Bitung, Indonesia", "time": 1775119926334, "updated": 1775121141040, "tz": null, "url": "https://earthquake.usgs.gov/earthquakes/eventpage/us6000slyx", "detail": "https://earthquake.usgs.gov/fdsnws/event/1/query?eventid=us6000slyx&format=geojson", "felt": null, "cdi": null, "mmi": null, "alert": null, "status": "reviewed", "tsunami": 0, "sig": 400, "net": "us", "code": "6000slyx", "ids": ",us6000slyx,", "sources": ",us,", "types": ",origin,phase-data,", "nst": 51, "dmin": 6.863, "rms": 1.01, "gap": 73, "magType": "mb", "type": "earthquake", "title": "M 5.1 - 132 km E of Bitung, Indonesia"}, "geometry": {"type": "Point", "coordinates": [126.3203, 1.3718, 35]}, "id": "us6000slyx"}, {"type": "Feature", "properties": {"mag": 5.1, "place": "121 km ESE of Bitung, Indonesia", "time": 1775119139182, "updated": 1775120781040, "tz": null, "url": "https://earthquake.usgs.gov/earthquakes/eventpage/us6000slyt", "detail": "https://earthquake.usgs.gov/fdsnws/event/1/query?eventid=us6000slyt&format=geojson", "felt": null, "cdi": null, "mmi": null, "alert": null, "status": "reviewed", "tsunami": 0, "sig": 400, "net": "us", "code": "6000slyt", "ids": ",us6000slyt,", "sources": ",us,", "types": ",origin,phase-data,", "nst": 73, "dmin": 5.953, "rms": 0.74, "gap": 91, "magType": "mb", "type": "earthquake", "title": "M 5.1 - 121 km ESE of Bitung, Indonesia"}, "geometry": {"type": "Point", "coordinates": [126.1708, 1.1063, 35]}, "id": "us6000slyt"}, {"type": "Feature", "properties": {"mag": 5.2, "place": "62 km SSE of \u00dcr\u00fcmqi, China", "time": 1775115551152, "updated": 1775116613040, "tz": null, "url": "https://earthquake.usgs.gov/earthquakes/eventpage/us6000slyj", "detail": "https://earthquake.usgs.gov/fdsnws/event/1/query?eventid=us6000slyj&format=geojson", "felt": null, "cdi": null, "mmi": null, "alert": null, "status": "reviewed", "tsunami": 0, "sig": 416, "net": "us", "code": "6000slyj", "ids": ",us6000slyj,", "sources": ",us,", "types": ",origin,phase-data,", "nst": 97, "dmin": 5.26, "rms": 0.52, "gap": 51, "magType": "mb", "type": "earthquake", "title": "M 5.2 - 62 km SSE of \u00dcr\u00fcmqi, China"}, "geometry": {"type": "Point", "coordinates": [87.7852, 43.2572, 10]}, "id": "us6000slyj"}, {"type": "Feature", "properties": {"mag": 5.2, "place": "118 km WNW of Ternate, Indonesia", "time": 1775113454816, "updated": 1775114470040, "tz": null, "url": "https://earthquake.usgs.gov/earthquakes/eventpage/us6000slyf", "detail": "https://earthquake.usgs.gov/fdsnws/event/1/query?eventid=us6000slyf&format=geojson", "felt": null, "cdi": null, "mmi": null, "alert": null, "status": "reviewed", "tsunami": 0, "sig": 416, "net": "us", "code": "6000slyf", "ids": ",us6000slyf,", "sources": ",us,", "types": ",origin,phase-data,", "nst": 93, "dmin": 5.809, "rms": 0.53, "gap": 79, "magType": "mb", "type": "earthquake", "title": "M 5.2 - 118 km WNW of Ternate, Indonesia"}, "geometry": {"type": "Point", "coordinates": [126.4449, 1.287, 35]}, "id": "us6000slyf"}, {"type": "Feature", "properties": {"mag": 5.3, "place": "Pagan region, Northern Mariana Islands", "time": 1775110420637, "updated": 1775888635154, "tz": null, "url": "https://earthquake.usgs.gov/earthquakes/eventpage/us6000sly3", "detail": "https://earthquake.usgs.gov/fdsnws/event/1/query?eventid=us6000sly3&format=geojson", "felt": null, "cdi": null, "mmi": null, "alert": null, "status": "reviewed", "tsunami": 0, "sig": 432, "net": "us", "code": "6000sly3", "ids": ",us6000sly3,", "sources": ",us,", "types": ",event-sequence,oaf,origin,phase-data,", "nst": 136, "dmin": 3.071, "rms": 0.83, "gap": 90, "magType": "mb", "type": "earthquake", "title": "M 5.3 - Pagan region, Northern Mariana Islands"}, "geometry": {"type": "Point", "coordinates": [146.7269, 18.1938, 54.019]}, "id": "us6000sly3"}, {"type": "Feature", "properties": {"mag": 5, "place": "119 km WNW of Ternate, Indonesia", "time": 1775108500983, "updated": 1775909843040, "tz": null, "url": "https://earthquake.usgs.gov/earthquakes/eventpage/us6000slxx", "detail": "https://earthquake.usgs.gov/fdsnws/event/1/query?eventid=us6000slxx&format=geojson", "felt": null, "cdi": null, "mmi": null, "alert": null, "status": "reviewed", "tsunami": 0, "sig": 385, "net": "us", "code": "6000slxx", "ids": ",us6000slxx,", "sources": ",us,", "types": ",origin,phase-data,", "nst": 109, "dmin": 5.858, "rms": 0.57, "gap": 84, "magType": "mb", "type": "earthquake", "title": "M 5.0 - 119 km WNW of Ternate, Indonesia"}, "geometry": {"type": "Point", "coordinates": [126.4027, 1.2309, 35]}, "id": "us6000slxx"}, {"type": "Feature", "properties": {"mag": 5, "place": "113 km WNW of Ternate, Indonesia", "time": 1775108243105, "updated": 1775909717040, "tz": null, "url": "https://earthquake.usgs.gov/earthquakes/eventpage/us6000slxu", "detail": "https://earthquake.usgs.gov/fdsnws/event/1/query?eventid=us6000slxu&format=geojson", "felt": null, "cdi": null, "mmi": null, "alert": null, "status": "reviewed", "tsunami": 0, "sig": 385, "net": "us", "code": "6000slxu", "ids": ",us6000slxu,", "sources": ",us,", "types": ",origin,phase-data,", "nst": 149, "dmin": 6.012, "rms": 0.66, "gap": 80, "magType": "mb", "type": "earthquake", "title": "M 5.0 - 113 km WNW of Ternate, Indonesia"}, "geometry": {"type": "Point", "coordinates": [126.4076, 1.0749, 35]}, "id": "us6000slxu"}, {"type": "Feature", "properties": {"mag": 6.2, "place": "113 km WNW of Ternate, Indonesia", "time": 1775100233872, "updated": 1775188341880, "tz": null, "url": "https://earthquake.usgs.gov/earthquakes/eventpage/us6000slwy", "detail": "https://earthquake.usgs.gov/fdsnws/event/1/query?eventid=us6000slwy&format=geojson", "felt": 0, "cdi": 1, "mmi": 5.396, "alert": "green", "status": "reviewed", "tsunami": 0, "sig": 591, "net": "us", "code": "6000slwy", "ids": ",us6000slwy,", "sources": ",us,", "types": ",dyfi,ground-failure,losspager,moment-tensor,origin,phase-data,shakemap,", "nst": 129, "dmin": 5.916, "rms": 1.04, "gap": 34, "magType": "mwb", "type": "earthquake", "title": "M 6.2 - 113 km WNW of Ternate, Indonesia"}, "geometry": {"type": "Point", "coordinates": [126.4438, 1.1779, 35]}, "id": "us6000slwy"}, {"type": "Feature", "properties": {"mag": 5.7, "place": "130 km WNW of Ternate, Indonesia", "time": 1775099873328, "updated": 1775187641263, "tz": null, "url": "https://earthquake.usgs.gov/earthquakes/eventpage/us6000slww", "detail": "https://earthquake.usgs.gov/fdsnws/event/1/query?eventid=us6000slww&format=geojson", "felt": null, "cdi": null, "mmi": 4.296, "alert": "green", "status": "reviewed", "tsunami": 0, "sig": 500, "net": "us", "code": "6000slww", "ids": ",us6000slww,", "sources": ",us,", "types": ",losspager,origin,phase-data,shakemap,", "nst": 63, "dmin": 5.923, "rms": 1.61, "gap": 64, "magType": "mb", "type": "earthquake", "title": "M 5.7 - 130 km WNW of Ternate, Indonesia"}, "geometry": {"type": "Point", "coordinates": [126.2702, 1.1475, 35]}, "id": "us6000slww"}, {"type": "Feature", "properties": {"mag": 5, "place": "102 km WNW of Ternate, Indonesia", "time": 1775099677416, "updated": 1775101288040, "tz": null, "url": "https://earthquake.usgs.gov/earthquakes/eventpage/us6000slwu", "detail": "https://earthquake.usgs.gov/fdsnws/event/1/query?eventid=us6000slwu&format=geojson", "felt": null, "cdi": null, "mmi": null, "alert": null, "status": "reviewed", "tsunami": 0, "sig": 385, "net": "us", "code": "6000slwu", "ids": ",us6000slwu,", "sources": ",us,", "types": ",origin,phase-data,", "nst": 33, "dmin": 6.557, "rms": 0.77, "gap": 92, "magType": "mb", "type": "earthquake", "title": "M 5.0 - 102 km WNW of Ternate, Indonesia"}, "geometry": {"type": "Point", "coordinates": [126.5304, 1.1395, 35]}, "id": "us6000slwu"}, {"type": "Feature", "properties": {"mag": 5.2, "place": "109 km E of Bitung, Indonesia", "time": 1775095857938, "updated": 1775096832040, "tz": null, "url": "https://earthquake.usgs.gov/earthquakes/eventpage/us6000slwd", "detail": "https://earthquake.usgs.gov/fdsnws/event/1/query?eventid=us6000slwd&format=geojson", "felt": null, "cdi": null, "mmi": null, "alert": null, "status": "reviewed", "tsunami": 0, "sig": 416, "net": "us", "code": "6000slwd", "ids": ",us6000slwd,", "sources": ",us,", "types": ",origin,phase-data,", "nst": 55, "dmin": 5.785, "rms": 1.18, "gap": 42, "magType": "mb", "type": "earthquake", "title": "M 5.2 - 109 km E of Bitung, Indonesia"}, "geometry": {"type": "Point", "coordinates": [126.0995, 1.2694, 35]}, "id": "us6000slwd"}, {"type": "Feature", "properties": {"mag": 5, "place": "33 km SSE of Onagawa Ch\u014d, Japan", "time": 1775091172373, "updated": 1775176881454, "tz": null, "url": "https://earthquake.usgs.gov/earthquakes/eventpage/us6000slw1", "detail": "https://earthquake.usgs.gov/fdsnws/event/1/query?eventid=us6000slw1&format=geojson", "felt": 6, "cdi": 2.2, "mmi": null, "alert": null, "status": "reviewed", "tsunami": 0, "sig": 386, "net": "us", "code": "6000slw1", "ids": ",us6000slw1,", "sources": ",us,", "types": ",dyfi,origin,phase-data,", "nst": 58, "dmin": 2.652, "rms": 0.55, "gap": 128, "magType": "mb", "type": "earthquake", "title": "M 5.0 - 33 km SSE of Onagawa Ch\u014d, Japan"}, "geometry": {"type": "Point", "coordinates": [141.6037, 38.167, 66.591]}, "id": "us6000slw1"}, {"type": "Feature", "properties": {"mag": 5.1, "place": "127 km ESE of Bitung, Indonesia", "time": 1775088919902, "updated": 1775089955040, "tz": null, "url": "https://earthquake.usgs.gov/earthquakes/eventpage/us6000slvt", "detail": "https://earthquake.usgs.gov/fdsnws/event/1/query?eventid=us6000slvt&format=geojson", "felt": null, "cdi": null, "mmi": null, "alert": null, "status": "reviewed", "tsunami": 0, "sig": 400, "net": "us", "code": "6000slvt", "ids": ",us6000slvt,", "sources": ",us,", "types": ",origin,phase-data,", "nst": 82, "dmin": 5.88, "rms": 0.89, "gap": 88, "magType": "mb", "type": "earthquake", "title": "M 5.1 - 127 km ESE of Bitung, Indonesia"}, "geometry": {"type": "Point", "coordinates": [126.2498, 1.1887, 35]}, "id": "us6000slvt"}, {"type": "Feature", "properties": {"mag": 5.1, "place": "123 km WNW of Ternate, Indonesia", "time": 1775087699470, "updated": 1775114926009, "tz": null, "url": "https://earthquake.usgs.gov/earthquakes/eventpage/us6000slvh", "detail": "https://earthquake.usgs.gov/fdsnws/event/1/query?eventid=us6000slvh&format=geojson", "felt": 0, "cdi": 1, "mmi": null, "alert": null, "status": "reviewed", "tsunami": 0, "sig": 400, "net": "us", "code": "6000slvh", "ids": ",us6000slvh,", "sources": ",us,", "types": ",dyfi,origin,phase-data,", "nst": 54, "dmin": 5.885, "rms": 1.03, "gap": 89, "magType": "mb", "type": "earthquake", "title": "M 5.1 - 123 km WNW of Ternate, Indonesia"}, "geometry": {"type": "Point", "coordinates": [126.3522, 1.1961, 35]}, "id": "us6000slvh"}, {"type": "Feature", "properties": {"mag": 5.4, "place": "130 km ESE of Bitung, Indonesia", "time": 1775085209354, "updated": 1775173014731, "tz": null, "url": "https://earthquake.usgs.gov/earthquakes/eventpage/us6000slue", "detail": "https://earthquake.usgs.gov/fdsnws/event/1/query?eventid=us6000slue&format=geojson", "felt": null, "cdi": null, "mmi": 4.16, "alert": "green", "status": "reviewed", "tsunami": 0, "sig": 449, "net": "us", "code": "6000slue", "ids": ",us6000slue,", "sources": ",us,", "types": ",losspager,origin,phase-data,shakemap,", "nst": 52, "dmin": 5.974, "rms": 0.64, "gap": 71, "magType": "mb", "type": "earthquake", "title": "M 5.4 - 130 km ESE of Bitung, Indonesia"}, "geometry": {"type": "Point", "coordinates": [126.2459, 1.0926, 35]}, "id": "us6000slue"}, {"type": "Feature", "properties": {"mag": 5.5, "place": "110 km WNW of Ternate, Indonesia", "time": 1775084843967, "updated": 1775172637014, "tz": null, "url": "https://earthquake.usgs.gov/earthquakes/eventpage/us6000sltp", "detail": "https://earthquake.usgs.gov/fdsnws/event/1/query?eventid=us6000sltp&format=geojson", "felt": null, "cdi": null, "mmi": 4.175, "alert": "green", "status": "reviewed", "tsunami": 0, "sig": 465, "net": "us", "code": "6000sltp", "ids": ",us6000sltp,", "sources": ",us,", "types": ",losspager,origin,phase-data,shakemap,", "nst": 46, "dmin": 6.083, "rms": 0.83, "gap": 78, "magType": "mb", "type": "earthquake", "title": "M 5.5 - 110 km WNW of Ternate, Indonesia"}, "geometry": {"type": "Point", "coordinates": [126.419, 1.0043, 35]}, "id": "us6000sltp"}, {"type": "Feature", "properties": {"mag": 7.4, "place": "126 km WNW of Ternate, Indonesia", "time": 1775083693172, "updated": 1775307687878, "tz": null, "url": "https://earthquake.usgs.gov/earthquakes/eventpage/us6000slss", "detail": "https://earthquake.usgs.gov/fdsnws/event/1/query?eventid=us6000slss&format=geojson", "felt": 59, "cdi": 9.1, "mmi": 7.992, "alert": "green", "status": "reviewed", "tsunami": 0, "sig": 896, "net": "us", "code": "6000slss", "ids": ",pt26091003,us6000slss,usauto6000slss,", "sources": ",pt,us,usauto,", "types": ",dyfi,finite-fault,general-text,ground-failure,internal-moment-tensor,losspager,moment-tensor,origin,phase-data,shakemap,", "nst": 189, "dmin": 5.956, "rms": 1.1, "gap": 17, "magType": "mww", "type": "earthquake", "title": "M 7.4 - 126 km WNW of Ternate, Indonesia"}, "geometry": {"type": "Point", "coordinates": [126.2965, 1.1171, 35]}, "id": "us6000slss"}, {"type": "Feature", "properties": {"mag": 5.3, "place": "84 km W of Waisai, Indonesia", "time": 1775045640608, "updated": 1775899088040, "tz": null, "url": "https://earthquake.usgs.gov/earthquakes/eventpage/us7000s9d1", "detail": "https://earthquake.usgs.gov/fdsnws/event/1/query?eventid=us7000s9d1&format=geojson", "felt": null, "cdi": null, "mmi": null, "alert": null, "status": "reviewed", "tsunami": 0, "sig": 432, "net": "us", "code": "7000s9d1", "ids": ",us7000s9d1,", "sources": ",us,", "types": ",origin,phase-data,", "nst": 118, "dmin": 3.586, "rms": 0.61, "gap": 85, "magType": "mww", "type": "earthquake", "title": "M 5.3 - 84 km W of Waisai, Indonesia"}, "geometry": {"type": "Point", "coordinates": [129.7503, -0.3285, 10]}, "id": "us7000s9d1"}, {"type": "Feature", "properties": {"mag": 6, "place": "18 km SE of Picota, Peru", "time": 1775042427357, "updated": 1775899495134, "tz": null, "url": "https://earthquake.usgs.gov/earthquakes/eventpage/us7000s9cg", "detail": "https://earthquake.usgs.gov/fdsnws/event/1/query?eventid=us7000s9cg&format=geojson", "felt": 15, "cdi": 4.3, "mmi": 4.253, "alert": "green", "status": "reviewed", "tsunami": 0, "sig": 560, "net": "us", "code": "7000s9cg", "ids": ",us7000s9cg,usauto7000s9cg,", "sources": ",us,usauto,", "types": ",dyfi,ground-failure,internal-moment-tensor,losspager,moment-tensor,origin,phase-data,shakemap,", "nst": 189, "dmin": 4.977, "rms": 0.63, "gap": 38, "magType": "mww", "type": "earthquake", "title": "M 6.0 - 18 km SE of Picota, Peru"}, "geometry": {"type": "Point", "coordinates": [-76.1931, -7.0198, 126]}, "id": "us7000s9cg"}, {"type": "Feature", "properties": {"mag": 5.7, "place": "Fiji region", "time": 1775023706774, "updated": 1775154375223, "tz": null, "url": "https://earthquake.usgs.gov/earthquakes/eventpage/us7000s9ay", "detail": "https://earthquake.usgs.gov/fdsnws/event/1/query?eventid=us7000s9ay&format=geojson", "felt": null, "cdi": null, "mmi": 1.785, "alert": "green", "status": "reviewed", "tsunami": 0, "sig": 500, "net": "us", "code": "7000s9ay", "ids": ",usauto7000s9ay,pt26091001,us7000s9ay,", "sources": ",usauto,pt,us,", "types": ",internal-moment-tensor,internal-origin,losspager,moment-tensor,origin,phase-data,shakemap,", "nst": 71, "dmin": 4.649, "rms": 0.97, "gap": 38, "magType": "mww", "type": "earthquake", "title": "M 5.7 - Fiji region"}, "geometry": {"type": "Point", "coordinates": [-179.2415, -21.6533, 575.962]}, "id": "us7000s9ay"}, {"type": "Feature", "properties": {"mag": 5, "place": "218 km ENE of Sola, Vanuatu", "time": 1774994194185, "updated": 1775782934040, "tz": null, "url": "https://earthquake.usgs.gov/earthquakes/eventpage/us7000s97y", "detail": "https://earthquake.usgs.gov/fdsnws/event/1/query?eventid=us7000s97y&format=geojson", "felt": null, "cdi": null, "mmi": null, "alert": null, "status": "reviewed", "tsunami": 0, "sig": 385, "net": "us", "code": "7000s97y", "ids": ",us7000s97y,", "sources": ",us,", "types": ",origin,phase-data,", "nst": 94, "dmin": 3.289, "rms": 0.52, "gap": 24, "magType": "mb", "type": "earthquake", "title": "M 5.0 - 218 km ENE of Sola, Vanuatu"}, "geometry": {"type": "Point", "coordinates": [169.2442, -12.8045, 653.461]}, "id": "us7000s97y"}, {"type": "Feature", "properties": {"mag": 5.7, "place": "Kermadec Islands, New Zealand", "time": 1774985090278, "updated": 1775073176216, "tz": null, "url": "https://earthquake.usgs.gov/earthquakes/eventpage/us7000s963", "detail": "https://earthquake.usgs.gov/fdsnws/event/1/query?eventid=us7000s963&format=geojson", "felt": null, "cdi": null, "mmi": 3.734, "alert": "green", "status": "reviewed", "tsunami": 0, "sig": 500, "net": "us", "code": "7000s963", "ids": ",usauto7000s963,us7000s963,", "sources": ",usauto,us,", "types": ",internal-moment-tensor,losspager,moment-tensor,origin,phase-data,shakemap,", "nst": 87, "dmin": 7.654, "rms": 0.89, "gap": 47, "magType": "mww", "type": "earthquake", "title": "M 5.7 - Kermadec Islands, New Zealand"}, "geometry": {"type": "Point", "coordinates": [-178.7529, -30.2892, 143.358]}, "id": "us7000s963"}, {"type": "Feature", "properties": {"mag": 5.1, "place": "210 km NW of Gorontalo, Indonesia", "time": 1774955664054, "updated": 1774956344040, "tz": null, "url": "https://earthquake.usgs.gov/earthquakes/eventpage/us7000s92w", "detail": "https://earthquake.usgs.gov/fdsnws/event/1/query?eventid=us7000s92w&format=geojson", "felt": null, "cdi": null, "mmi": null, "alert": null, "status": "reviewed", "tsunami": 0, "sig": 400, "net": "us", "code": "7000s92w", "ids": ",us7000s92w,", "sources": ",us,", "types": ",origin,phase-data,", "nst": 69, "dmin": 6.24, "rms": 0.83, "gap": 79, "magType": "mb", "type": "earthquake", "title": "M 5.1 - 210 km NW of Gorontalo, Indonesia"}, "geometry": {"type": "Point", "coordinates": [121.8692, 2.009, 549.486]}, "id": "us7000s92w"}, {"type": "Feature", "properties": {"mag": 5, "place": "159 km NNW of The Valley, Anguilla", "time": 1774948957700, "updated": 1774977959040, "tz": null, "url": "https://earthquake.usgs.gov/earthquakes/eventpage/pr2026090003", "detail": "https://earthquake.usgs.gov/fdsnws/event/1/query?eventid=pr2026090003&format=geojson", "felt": null, "cdi": null, "mmi": null, "alert": null, "status": "reviewed", "tsunami": 0, "sig": 385, "net": "pr", "code": "2026090003", "ids": ",usauto7000s91x,us7000s91x,pr2026090003,", "sources": ",usauto,us,pr,", "types": ",internal-moment-tensor,moment-tensor,origin,phase-data,", "nst": 25, "dmin": 1.3711, "rms": 0.3, "gap": 250, "magType": "ml", "type": "earthquake", "title": "M 5.0 - 159 km NNW of The Valley, Anguilla"}, "geometry": {"type": "Point", "coordinates": [-63.5653, 19.5763, 15]}, "id": "pr2026090003"}, {"type": "Feature", "properties": {"mag": 5.3, "place": "northern Mid-Atlantic Ridge", "time": 1774881812837, "updated": 1774882995040, "tz": null, "url": "https://earthquake.usgs.gov/earthquakes/eventpage/us7000s8um", "detail": "https://earthquake.usgs.gov/fdsnws/event/1/query?eventid=us7000s8um&format=geojson", "felt": null, "cdi": null, "mmi": null, "alert": null, "status": "reviewed", "tsunami": 0, "sig": 432, "net": "us", "code": "7000s8um", "ids": ",us7000s8um,", "sources": ",us,", "types": ",origin,phase-data,", "nst": 126, "dmin": 16.172, "rms": 0.48, "gap": 39, "magType": "mb", "type": "earthquake", "title": "M 5.3 - northern Mid-Atlantic Ridge"}, "geometry": {"type": "Point", "coordinates": [-45.8423, 23.9957, 10]}, "id": "us7000s8um"}, {"type": "Feature", "properties": {"mag": 5.1, "place": "western Indian-Antarctic Ridge", "time": 1774865659409, "updated": 1775828974040, "tz": null, "url": "https://earthquake.usgs.gov/earthquakes/eventpage/us7000s8sa", "detail": "https://earthquake.usgs.gov/fdsnws/event/1/query?eventid=us7000s8sa&format=geojson", "felt": null, "cdi": null, "mmi": null, "alert": null, "status": "reviewed", "tsunami": 0, "sig": 400, "net": "us", "code": "7000s8sa", "ids": ",us7000s8sa,", "sources": ",us,", "types": ",origin,phase-data,", "nst": 71, "dmin": 14.863, "rms": 0.75, "gap": 29, "magType": "mb", "type": "earthquake", "title": "M 5.1 - western Indian-Antarctic Ridge"}, "geometry": {"type": "Point", "coordinates": [115.8837, -47.7724, 10]}, "id": "us7000s8sa"}, {"type": "Feature", "properties": {"mag": 5, "place": "42 km ENE of Luganville, Vanuatu", "time": 1774861352124, "updated": 1774864786698, "tz": null, "url": "https://earthquake.usgs.gov/earthquakes/eventpage/us7000s8rs", "detail": "https://earthquake.usgs.gov/fdsnws/event/1/query?eventid=us7000s8rs&format=geojson", "felt": 0, "cdi": 1, "mmi": null, "alert": null, "status": "reviewed", "tsunami": 0, "sig": 385, "net": "us", "code": "7000s8rs", "ids": ",us7000s8rs,", "sources": ",us,", "types": ",dyfi,origin,phase-data,", "nst": 39, "dmin": 6.795, "rms": 0.63, "gap": 129, "magType": "mb", "type": "earthquake", "title": "M 5.0 - 42 km ENE of Luganville, Vanuatu"}, "geometry": {"type": "Point", "coordinates": [167.5229, -15.3663, 149.049]}, "id": "us7000s8rs"}, {"type": "Feature", "properties": {"mag": 7.3, "place": "48 km ENE of Luganville, Vanuatu", "time": 1774860253823, "updated": 1774948402522, "tz": null, "url": "https://earthquake.usgs.gov/earthquakes/eventpage/us7000s8q0", "detail": "https://earthquake.usgs.gov/fdsnws/event/1/query?eventid=us7000s8q0&format=geojson", "felt": 32, "cdi": 6.1, "mmi": 6.518, "alert": "green", "status": "reviewed", "tsunami": 0, "sig": 839, "net": "us", "code": "7000s8q0", "ids": ",pt26089000,us7000s8q0,usauto7000s8q0,", "sources": ",pt,us,usauto,", "types": ",dyfi,general-text,ground-failure,internal-moment-tensor,losspager,moment-tensor,origin,phase-data,shakemap,", "nst": 181, "dmin": 0.37, "rms": 0.89, "gap": 25, "magType": "mww", "type": "earthquake", "title": "M 7.3 - 48 km ENE of Luganville, Vanuatu"}, "geometry": {"type": "Point", "coordinates": [167.5616, -15.3139, 121.28]}, "id": "us7000s8q0"}, {"type": "Feature", "properties": {"mag": 5.4, "place": "42 km NE of Luganville, Vanuatu", "time": 1774860247642, "updated": 1774977024410, "tz": null, "url": "https://earthquake.usgs.gov/earthquakes/eventpage/us7000s8v7", "detail": "https://earthquake.usgs.gov/fdsnws/event/1/query?eventid=us7000s8v7&format=geojson", "felt": null, "cdi": null, "mmi": 3.919, "alert": "green", "status": "reviewed", "tsunami": 0, "sig": 449, "net": "us", "code": "7000s8v7", "ids": ",us7000s8v7,", "sources": ",us,", "types": ",losspager,origin,phase-data,shakemap,", "nst": 148, "dmin": 0.31, "rms": 0.65, "gap": 25, "magType": "mb", "type": "earthquake", "title": "M 5.4 - 42 km NE of Luganville, Vanuatu"}, "geometry": {"type": "Point", "coordinates": [167.4673, -15.2696, 115.406]}, "id": "us7000s8v7"}, {"type": "Feature", "properties": {"mag": 5.4, "place": "58 km SW of Masachapa, Nicaragua", "time": 1774855828018, "updated": 1774978723040, "tz": null, "url": "https://earthquake.usgs.gov/earthquakes/eventpage/us7000s8pl", "detail": "https://earthquake.usgs.gov/fdsnws/event/1/query?eventid=us7000s8pl&format=geojson", "felt": null, "cdi": null, "mmi": 4.166, "alert": "green", "status": "reviewed", "tsunami": 0, "sig": 449, "net": "us", "code": "7000s8pl", "ids": ",usauto7000s8pl,us7000s8pl,", "sources": ",usauto,us,", "types": ",internal-moment-tensor,losspager,moment-tensor,origin,phase-data,shakemap,", "nst": 78, "dmin": 1.632, "rms": 1.27, "gap": 150, "magType": "mww", "type": "earthquake", "title": "M 5.4 - 58 km SW of Masachapa, Nicaragua"}, "geometry": {"type": "Point", "coordinates": [-86.8927, 11.4154, 57.537]}, "id": "us7000s8pl"}, {"type": "Feature", "properties": {"mag": 5.1, "place": "81 km SE of Taira, Japan", "time": 1774833150840, "updated": 1774886800175, "tz": null, "url": "https://earthquake.usgs.gov/earthquakes/eventpage/us7000s8mj", "detail": "https://earthquake.usgs.gov/fdsnws/event/1/query?eventid=us7000s8mj&format=geojson", "felt": 1, "cdi": 2.2, "mmi": null, "alert": null, "status": "reviewed", "tsunami": 0, "sig": 400, "net": "us", "code": "7000s8mj", "ids": ",us7000s8mj,usauto7000s8mj,", "sources": ",us,usauto,", "types": ",dyfi,internal-moment-tensor,origin,phase-data,", "nst": 51, "dmin": 0.792, "rms": 1.04, "gap": 65, "magType": "mww", "type": "earthquake", "title": "M 5.1 - 81 km SE of Taira, Japan"}, "geometry": {"type": "Point", "coordinates": [128.8262, 26.2155, 10]}, "id": "us7000s8mj"}, {"type": "Feature", "properties": {"mag": 5.2, "place": "53 km SSE of Hihifo, Tonga", "time": 1774827913919, "updated": 1775699056040, "tz": null, "url": "https://earthquake.usgs.gov/earthquakes/eventpage/us7000s8me", "detail": "https://earthquake.usgs.gov/fdsnws/event/1/query?eventid=us7000s8me&format=geojson", "felt": null, "cdi": null, "mmi": null, "alert": null, "status": "reviewed", "tsunami": 0, "sig": 416, "net": "us", "code": "7000s8me", "ids": ",us7000s8me,", "sources": ",us,", "types": ",origin,phase-data,", "nst": 83, "dmin": 3.081, "rms": 0.64, "gap": 49, "magType": "mb", "type": "earthquake", "title": "M 5.2 - 53 km SSE of Hihifo, Tonga"}, "geometry": {"type": "Point", "coordinates": [-173.658, -16.4164, 47.782]}, "id": "us7000s8me"}, {"type": "Feature", "properties": {"mag": 5.4, "place": "197 km SE of Kokopo, Papua New Guinea", "time": 1774807796156, "updated": 1775751423333, "tz": null, "url": "https://earthquake.usgs.gov/earthquakes/eventpage/us7000s8kx", "detail": "https://earthquake.usgs.gov/fdsnws/event/1/query?eventid=us7000s8kx&format=geojson", "felt": 1, "cdi": 2.7, "mmi": 3.749, "alert": "green", "status": "reviewed", "tsunami": 0, "sig": 449, "net": "us", "code": "7000s8kx", "ids": ",us7000s8kx,usauto7000s8kx,", "sources": ",us,usauto,", "types": ",dyfi,internal-moment-tensor,losspager,moment-tensor,origin,phase-data,shakemap,", "nst": 65, "dmin": 1.953, "rms": 0.61, "gap": 60, "magType": "mww", "type": "earthquake", "title": "M 5.4 - 197 km SE of Kokopo, Papua New Guinea"}, "geometry": {"type": "Point", "coordinates": [153.7031, -5.4076, 43]}, "id": "us7000s8kx"}, {"type": "Feature", "properties": {"mag": 5.1, "place": "77 km WNW of Amagi, Japan", "time": 1774768074743, "updated": 1775805418040, "tz": null, "url": "https://earthquake.usgs.gov/earthquakes/eventpage/us7000s8id", "detail": "https://earthquake.usgs.gov/fdsnws/event/1/query?eventid=us7000s8id&format=geojson", "felt": null, "cdi": null, "mmi": null, "alert": null, "status": "reviewed", "tsunami": 0, "sig": 400, "net": "us", "code": "7000s8id", "ids": ",usauto7000s8id,us7000s8id,", "sources": ",usauto,us,", "types": ",internal-moment-tensor,moment-tensor,origin,phase-data,", "nst": 98, "dmin": 1.187, "rms": 0.71, "gap": 78, "magType": "mww", "type": "earthquake", "title": "M 5.1 - 77 km WNW of Amagi, Japan"}, "geometry": {"type": "Point", "coordinates": [128.1503, 28.0229, 10]}, "id": "us7000s8id"}, {"type": "Feature", "properties": {"mag": 5.8, "place": "138 km NE of Lospalos, Timor Leste", "time": 1774723109292, "updated": 1775155648001, "tz": null, "url": "https://earthquake.usgs.gov/earthquakes/eventpage/us7000s8ec", "detail": "https://earthquake.usgs.gov/fdsnws/event/1/query?eventid=us7000s8ec&format=geojson", "felt": 2, "cdi": 2.8, "mmi": 3.679, "alert": "green", "status": "reviewed", "tsunami": 0, "sig": 518, "net": "us", "code": "7000s8ec", "ids": ",us7000s8ec,usauto7000s8ec,", "sources": ",us,usauto,", "types": ",dyfi,internal-moment-tensor,losspager,moment-tensor,origin,phase-data,shakemap,", "nst": 263, "dmin": 3.666, "rms": 0.61, "gap": 12, "magType": "mww", "type": "earthquake", "title": "M 5.8 - 138 km NE of Lospalos, Timor Leste"}, "geometry": {"type": "Point", "coordinates": [127.7983, -7.5517, 159]}, "id": "us7000s8ec"}, {"type": "Feature", "properties": {"mag": 5.1, "place": "13 km SW of San Nicol\u00e1s, Mexico", "time": 1774702673114, "updated": 1775730934279, "tz": null, "url": "https://earthquake.usgs.gov/earthquakes/eventpage/us7000s8d7", "detail": "https://earthquake.usgs.gov/fdsnws/event/1/query?eventid=us7000s8d7&format=geojson", "felt": 2, "cdi": 2.2, "mmi": null, "alert": null, "status": "reviewed", "tsunami": 0, "sig": 401, "net": "us", "code": "7000s8d7", "ids": ",us7000s8d7,usauto7000s8d7,", "sources": ",us,usauto,", "types": ",dyfi,internal-moment-tensor,moment-tensor,origin,phase-data,", "nst": 80, "dmin": 0.474, "rms": 1.01, "gap": 126, "magType": "mww", "type": "earthquake", "title": "M 5.1 - 13 km SW of San Nicol\u00e1s, Mexico"}, "geometry": {"type": "Point", "coordinates": [-98.617, 16.3342, 10]}, "id": "us7000s8d7"}, {"type": "Feature", "properties": {"mag": 5.2, "place": "104 km SSW of Abepura, Indonesia", "time": 1774683346612, "updated": 1775894568040, "tz": null, "url": "https://earthquake.usgs.gov/earthquakes/eventpage/us7000s8c7", "detail": "https://earthquake.usgs.gov/fdsnws/event/1/query?eventid=us7000s8c7&format=geojson", "felt": null, "cdi": null, "mmi": 6.432, "alert": "green", "status": "reviewed", "tsunami": 0, "sig": 416, "net": "us", "code": "7000s8c7", "ids": ",us7000s8c7,usauto7000s8c7,", "sources": ",us,usauto,", "types": ",ground-failure,internal-moment-tensor,losspager,moment-tensor,origin,phase-data,shakemap,", "nst": 135, "dmin": 1.036, "rms": 0.53, "gap": 40, "magType": "mww", "type": "earthquake", "title": "M 5.2 - 104 km SSW of Abepura, Indonesia"}, "geometry": {"type": "Point", "coordinates": [140.3611, -3.499, 47.326]}, "id": "us7000s8c7"}, {"type": "Feature", "properties": {"mag": 5.4, "place": "145 km E of Hihifo, Tonga", "time": 1774654509558, "updated": 1774742551162, "tz": null, "url": "https://earthquake.usgs.gov/earthquakes/eventpage/us7000s8a0", "detail": "https://earthquake.usgs.gov/fdsnws/event/1/query?eventid=us7000s8a0&format=geojson", "felt": null, "cdi": null, "mmi": 3.423, "alert": "green", "status": "reviewed", "tsunami": 0, "sig": 449, "net": "us", "code": "7000s8a0", "ids": ",usauto7000s8a0,us7000s8a0,", "sources": ",usauto,us,", "types": ",internal-moment-tensor,losspager,moment-tensor,origin,phase-data,shakemap,", "nst": 31, "dmin": 2.099, "rms": 1.21, "gap": 83, "magType": "mww", "type": "earthquake", "title": "M 5.4 - 145 km E of Hihifo, Tonga"}, "geometry": {"type": "Point", "coordinates": [-172.4385, -15.9208, 10]}, "id": "us7000s8a0"}, {"type": "Feature", "properties": {"mag": 5.1, "place": "107 km E of Yamada, Japan", "time": 1774625073227, "updated": 1774625969040, "tz": null, "url": "https://earthquake.usgs.gov/earthquakes/eventpage/us7000s83k", "detail": "https://earthquake.usgs.gov/fdsnws/event/1/query?eventid=us7000s83k&format=geojson", "felt": null, "cdi": null, "mmi": null, "alert": null, "status": "reviewed", "tsunami": 0, "sig": 400, "net": "us", "code": "7000s83k", "ids": ",us7000s83k,", "sources": ",us,", "types": ",origin,phase-data,", "nst": 55, "dmin": 2.146, "rms": 1.01, "gap": 135, "magType": "mb", "type": "earthquake", "title": "M 5.1 - 107 km E of Yamada, Japan"}, "geometry": {"type": "Point", "coordinates": [143.1958, 39.3975, 16.096]}, "id": "us7000s83k"}, {"type": "Feature", "properties": {"mag": 5, "place": "41 km NW of Barishal, Pakistan", "time": 1774587177950, "updated": 1775612249040, "tz": null, "url": "https://earthquake.usgs.gov/earthquakes/eventpage/us7000s817", "detail": "https://earthquake.usgs.gov/fdsnws/event/1/query?eventid=us7000s817&format=geojson", "felt": null, "cdi": null, "mmi": null, "alert": null, "status": "reviewed", "tsunami": 0, "sig": 385, "net": "us", "code": "7000s817", "ids": ",us7000s817,", "sources": ",us,", "types": ",origin,phase-data,", "nst": 63, "dmin": 2.287, "rms": 1.27, "gap": 55, "magType": "mb", "type": "earthquake", "title": "M 5.0 - 41 km NW of Barishal, Pakistan"}, "geometry": {"type": "Point", "coordinates": [74.3996, 36.6041, 10]}, "id": "us7000s817"}, {"type": "Feature", "properties": {"mag": 5, "place": "48 km NNW of Barishal, Pakistan", "time": 1774586409839, "updated": 1775611776999, "tz": null, "url": "https://earthquake.usgs.gov/earthquakes/eventpage/us7000s812", "detail": "https://earthquake.usgs.gov/fdsnws/event/1/query?eventid=us7000s812&format=geojson", "felt": 2, "cdi": 0, "mmi": null, "alert": null, "status": "reviewed", "tsunami": 0, "sig": 385, "net": "us", "code": "7000s812", "ids": ",us7000s812,", "sources": ",us,", "types": ",dyfi,origin,phase-data,", "nst": 51, "dmin": 2.251, "rms": 0.93, "gap": 79, "magType": "mb", "type": "earthquake", "title": "M 5.0 - 48 km NNW of Barishal, Pakistan"}, "geometry": {"type": "Point", "coordinates": [74.4939, 36.7245, 10]}, "id": "us7000s812"}, {"type": "Feature", "properties": {"mag": 5.7, "place": "153 km WSW of Abepura, Indonesia", "time": 1774565461074, "updated": 1774653539757, "tz": null, "url": "https://earthquake.usgs.gov/earthquakes/eventpage/us7000s7z5", "detail": "https://earthquake.usgs.gov/fdsnws/event/1/query?eventid=us7000s7z5&format=geojson", "felt": null, "cdi": null, "mmi": 4.781, "alert": "green", "status": "reviewed", "tsunami": 0, "sig": 500, "net": "us", "code": "7000s7z5", "ids": ",us7000s7z5,usauto7000s7z5,", "sources": ",us,usauto,", "types": ",ground-failure,internal-moment-tensor,losspager,moment-tensor,origin,phase-data,shakemap,", "nst": 78, "dmin": 1.478, "rms": 1.01, "gap": 42, "magType": "mww", "type": "earthquake", "title": "M 5.7 - 153 km WSW of Abepura, Indonesia"}, "geometry": {"type": "Point", "coordinates": [139.3807, -3.1837, 53.94]}, "id": "us7000s7z5"}, {"type": "Feature", "properties": {"mag": 5.3, "place": "33 km NW of Barishal, Pakistan", "time": 1774558977398, "updated": 1774653743779, "tz": null, "url": "https://earthquake.usgs.gov/earthquakes/eventpage/us7000s7xx", "detail": "https://earthquake.usgs.gov/fdsnws/event/1/query?eventid=us7000s7xx&format=geojson", "felt": 3, "cdi": 5.4, "mmi": null, "alert": null, "status": "reviewed", "tsunami": 0, "sig": 434, "net": "us", "code": "7000s7xx", "ids": ",us7000s7xx,", "sources": ",us,", "types": ",dyfi,origin,phase-data,", "nst": 102, "dmin": 2.352, "rms": 1.39, "gap": 57, "magType": "mb", "type": "earthquake", "title": "M 5.3 - 33 km NW of Barishal, Pakistan"}, "geometry": {"type": "Point", "coordinates": [74.4535, 36.555, 10]}, "id": "us7000s7xx"}, {"type": "Feature", "properties": {"mag": 5.5, "place": "2 km WSW of Ciudad Sandino, Nicaragua", "time": 1774545344551, "updated": 1775400003843, "tz": null, "url": "https://earthquake.usgs.gov/earthquakes/eventpage/us7000s7w6", "detail": "https://earthquake.usgs.gov/fdsnws/event/1/query?eventid=us7000s7w6&format=geojson", "felt": 6, "cdi": 3.4, "mmi": 3.457, "alert": "green", "status": "reviewed", "tsunami": 0, "sig": 467, "net": "us", "code": "7000s7w6", "ids": ",us7000s7w6,usauto7000s7w6,", "sources": ",us,usauto,", "types": ",dyfi,internal-moment-tensor,losspager,moment-tensor,origin,phase-data,shakemap,", "nst": 93, "dmin": 1.631, "rms": 1.07, "gap": 126, "magType": "mww", "type": "earthquake", "title": "M 5.5 - 2 km WSW of Ciudad Sandino, Nicaragua"}, "geometry": {"type": "Point", "coordinates": [-86.3658, 12.1477, 159.972]}, "id": "us7000s7w6"}, {"type": "Feature", "properties": {"mag": 6.5, "place": "122 km E of Yamada, Japan", "time": 1774534730947, "updated": 1775915162525, "tz": null, "url": "https://earthquake.usgs.gov/earthquakes/eventpage/us7000s7u4", "detail": "https://earthquake.usgs.gov/fdsnws/event/1/query?eventid=us7000s7u4&format=geojson", "felt": 8, "cdi": 4.1, "mmi": 4.339, "alert": "green", "status": "reviewed", "tsunami": 0, "sig": 653, "net": "us", "code": "7000s7u4", "ids": ",us7000s7u4,usauto7000s7u4,aka2026fzhmuy,", "sources": ",us,usauto,ak,", "types": ",dyfi,ground-failure,internal-moment-tensor,losspager,moment-tensor,origin,phase-data,shakemap,", "nst": 121, "dmin": 2.22, "rms": 0.82, "gap": 45, "magType": "mww", "type": "earthquake", "title": "M 6.5 - 122 km E of Yamada, Japan"}, "geometry": {"type": "Point", "coordinates": [143.3717, 39.4462, 9.513]}, "id": "us7000s7u4"}, {"type": "Feature", "properties": {"mag": 5.1, "place": "5 km WSW of El Carmen, Mexico", "time": 1774523220798, "updated": 1774524985258, "tz": null, "url": "https://earthquake.usgs.gov/earthquakes/eventpage/us7000s7rp", "detail": "https://earthquake.usgs.gov/fdsnws/event/1/query?eventid=us7000s7rp&format=geojson", "felt": 1, "cdi": 2.2, "mmi": null, "alert": null, "status": "reviewed", "tsunami": 0, "sig": 400, "net": "us", "code": "7000s7rp", "ids": ",us7000s7rp,", "sources": ",us,", "types": ",dyfi,origin,phase-data,", "nst": 71, "dmin": 1.235, "rms": 1.25, "gap": 119, "magType": "mb", "type": "earthquake", "title": "M 5.1 - 5 km WSW of El Carmen, Mexico"}, "geometry": {"type": "Point", "coordinates": [-93.1759, 15.5516, 112.284]}, "id": "us7000s7rp"}, {"type": "Feature", "properties": {"mag": 5, "place": "94 km ENE of Kendari, Indonesia", "time": 1774499990483, "updated": 1774501118040, "tz": null, "url": "https://earthquake.usgs.gov/earthquakes/eventpage/us7000s7qa", "detail": "https://earthquake.usgs.gov/fdsnws/event/1/query?eventid=us7000s7qa&format=geojson", "felt": null, "cdi": null, "mmi": null, "alert": null, "status": "reviewed", "tsunami": 0, "sig": 385, "net": "us", "code": "7000s7qa", "ids": ",usauto7000s7qa,us7000s7qa,", "sources": ",usauto,us,", "types": ",internal-moment-tensor,origin,phase-data,", "nst": 26, "dmin": 3.789, "rms": 0.42, "gap": 63, "magType": "mww", "type": "earthquake", "title": "M 5.0 - 94 km ENE of Kendari, Indonesia"}, "geometry": {"type": "Point", "coordinates": [123.3284, -3.7243, 10]}, "id": "us7000s7qa"}, {"type": "Feature", "properties": {"mag": 5.3, "place": "Balleny Islands region", "time": 1774487177868, "updated": 1775696872040, "tz": null, "url": "https://earthquake.usgs.gov/earthquakes/eventpage/us7000s7pa", "detail": "https://earthquake.usgs.gov/fdsnws/event/1/query?eventid=us7000s7pa&format=geojson", "felt": null, "cdi": null, "mmi": null, "alert": null, "status": "reviewed", "tsunami": 0, "sig": 432, "net": "us", "code": "7000s7pa", "ids": ",usauto7000s7pa,us7000s7pa,", "sources": ",usauto,us,", "types": ",internal-moment-tensor,origin,phase-data,", "nst": 33, "dmin": 7.154, "rms": 1.45, "gap": 102, "magType": "mww", "type": "earthquake", "title": "M 5.3 - Balleny Islands region"}, "geometry": {"type": "Point", "coordinates": [154.2346, -61.181, 10]}, "id": "us7000s7pa"}, {"type": "Feature", "properties": {"mag": 5, "place": "168 km SE of Petropavlovsk-Kamchatsky, Russia", "time": 1774477517682, "updated": 1774478447040, "tz": null, "url": "https://earthquake.usgs.gov/earthquakes/eventpage/us7000s7nc", "detail": "https://earthquake.usgs.gov/fdsnws/event/1/query?eventid=us7000s7nc&format=geojson", "felt": null, "cdi": null, "mmi": null, "alert": null, "status": "reviewed", "tsunami": 0, "sig": 385, "net": "us", "code": "7000s7nc", "ids": ",us7000s7nc,", "sources": ",us,", "types": ",origin,phase-data,", "nst": 69, "dmin": 2.03, "rms": 0.84, "gap": 133, "magType": "mb", "type": "earthquake", "title": "M 5.0 - 168 km SE of Petropavlovsk-Kamchatsky, Russia"}, "geometry": {"type": "Point", "coordinates": [160.6922, 52.217, 26.504]}, "id": "us7000s7nc"}, {"type": "Feature", "properties": {"mag": 5, "place": "99 km WNW of Hihifo, Tonga", "time": 1774433538932, "updated": 1775711961040, "tz": null, "url": "https://earthquake.usgs.gov/earthquakes/eventpage/us6000sm32", "detail": "https://earthquake.usgs.gov/fdsnws/event/1/query?eventid=us6000sm32&format=geojson", "felt": null, "cdi": null, "mmi": null, "alert": null, "status": "reviewed", "tsunami": 0, "sig": 385, "net": "us", "code": "6000sm32", "ids": ",us6000sm32,", "sources": ",us,", "types": ",origin,phase-data,", "nst": 53, "dmin": 3.205, "rms": 0.62, "gap": 56, "magType": "mb", "type": "earthquake", "title": "M 5.0 - 99 km WNW of Hihifo, Tonga"}, "geometry": {"type": "Point", "coordinates": [-174.6302, -15.5565, 208.165]}, "id": "us6000sm32"}, {"type": "Feature", "properties": {"mag": 5.6, "place": "92 km WNW of Hihifo, Tonga", "time": 1774433459997, "updated": 1775712152227, "tz": null, "url": "https://earthquake.usgs.gov/earthquakes/eventpage/us7000s7h9", "detail": "https://earthquake.usgs.gov/fdsnws/event/1/query?eventid=us7000s7h9&format=geojson", "felt": null, "cdi": null, "mmi": 3.208, "alert": "green", "status": "reviewed", "tsunami": 0, "sig": 482, "net": "us", "code": "7000s7h9", "ids": ",usauto7000s7h9,us7000s7h9,", "sources": ",usauto,us,", "types": ",internal-moment-tensor,losspager,moment-tensor,origin,phase-data,shakemap,", "nst": 228, "dmin": 3.121, "rms": 0.54, "gap": 33, "magType": "mww", "type": "earthquake", "title": "M 5.6 - 92 km WNW of Hihifo, Tonga"}, "geometry": {"type": "Point", "coordinates": [-174.5414, -15.5366, 193.976]}, "id": "us7000s7h9"}, {"type": "Feature", "properties": {"mag": 5, "place": "158 km W of Neiafu, Tonga", "time": 1774405480600, "updated": 1775270295040, "tz": null, "url": "https://earthquake.usgs.gov/earthquakes/eventpage/us7000s7fx", "detail": "https://earthquake.usgs.gov/fdsnws/event/1/query?eventid=us7000s7fx&format=geojson", "felt": null, "cdi": null, "mmi": null, "alert": null, "status": "reviewed", "tsunami": 0, "sig": 385, "net": "us", "code": "7000s7fx", "ids": ",us7000s7fx,", "sources": ",us,", "types": ",origin,phase-data,", "nst": 69, "dmin": 5.285, "rms": 0.94, "gap": 52, "magType": "mb", "type": "earthquake", "title": "M 5.0 - 158 km W of Neiafu, Tonga"}, "geometry": {"type": "Point", "coordinates": [-175.4868, -18.6098, 211.842]}, "id": "us7000s7fx"}, {"type": "Feature", "properties": {"mag": 5, "place": "168 km ESE of Petropavlovsk-Kamchatsky, Russia", "time": 1774391748875, "updated": 1775622456040, "tz": null, "url": "https://earthquake.usgs.gov/earthquakes/eventpage/us7000s7ex", "detail": "https://earthquake.usgs.gov/fdsnws/event/1/query?eventid=us7000s7ex&format=geojson", "felt": null, "cdi": null, "mmi": null, "alert": null, "status": "reviewed", "tsunami": 0, "sig": 385, "net": "us", "code": "7000s7ex", "ids": ",us7000s7ex,", "sources": ",us,", "types": ",origin,phase-data,", "nst": 75, "dmin": 2.035, "rms": 0.59, "gap": 99, "magType": "mb", "type": "earthquake", "title": "M 5.0 - 168 km ESE of Petropavlovsk-Kamchatsky, Russia"}, "geometry": {"type": "Point", "coordinates": [160.7305, 52.2526, 10]}, "id": "us7000s7ex"}, {"type": "Feature", "properties": {"mag": 5.2, "place": "226 km ESE of Attu Station, Alaska", "time": 1774385975952, "updated": 1775503461040, "tz": null, "url": "https://earthquake.usgs.gov/earthquakes/eventpage/us7000s7ee", "detail": "https://earthquake.usgs.gov/fdsnws/event/1/query?eventid=us7000s7ee&format=geojson", "felt": null, "cdi": null, "mmi": 4.233, "alert": null, "status": "reviewed", "tsunami": 0, "sig": 416, "net": "us", "code": "7000s7ee", "ids": ",aka2026fwdhul,us7000s7ee,", "sources": ",ak,us,", "types": ",origin,phase-data,shakemap,", "nst": 129, "dmin": 1.348, "rms": 0.6, "gap": 53, "magType": "mww", "type": "earthquake", "title": "M 5.2 - 226 km ESE of Attu Station, Alaska"}, "geometry": {"type": "Point", "coordinates": [176.3839, 52.2729, 10]}, "id": "us7000s7ee"}, {"type": "Feature", "properties": {"mag": 5.2, "place": "157 km W of Neiafu, Tonga", "time": 1774329744733, "updated": 1774331227040, "tz": null, "url": "https://earthquake.usgs.gov/earthquakes/eventpage/us7000s79e", "detail": "https://earthquake.usgs.gov/fdsnws/event/1/query?eventid=us7000s79e&format=geojson", "felt": null, "cdi": null, "mmi": null, "alert": null, "status": "reviewed", "tsunami": 0, "sig": 416, "net": "us", "code": "7000s79e", "ids": ",us7000s79e,", "sources": ",us,", "types": ",origin,phase-data,", "nst": 76, "dmin": 5.276, "rms": 0.72, "gap": 97, "magType": "mb", "type": "earthquake", "title": "M 5.2 - 157 km W of Neiafu, Tonga"}, "geometry": {"type": "Point", "coordinates": [-175.46, -18.4693, 216.14]}, "id": "us7000s79e"}, {"type": "Feature", "properties": {"mag": 7.5, "place": "166 km W of Neiafu, Tonga", "time": 1774327070555, "updated": 1774637478724, "tz": null, "url": "https://earthquake.usgs.gov/earthquakes/eventpage/us7000s789", "detail": "https://earthquake.usgs.gov/fdsnws/event/1/query?eventid=us7000s789&format=geojson", "felt": 19, "cdi": 4.9, "mmi": 5.347, "alert": "green", "status": "reviewed", "tsunami": 0, "sig": 875, "net": "us", "code": "7000s789", "ids": ",us7000s789,usauto7000s789,pt26083000,", "sources": ",us,usauto,pt,", "types": ",dyfi,general-text,ground-failure,internal-moment-tensor,losspager,moment-tensor,origin,phase-data,shakemap,", "nst": 147, "dmin": 5.349, "rms": 0.93, "gap": 21, "magType": "mww", "type": "earthquake", "title": "M 7.5 - 166 km W of Neiafu, Tonga"}, "geometry": {"type": "Point", "coordinates": [-175.5601, -18.6678, 229.453]}, "id": "us7000s789"}, {"type": "Feature", "properties": {"mag": 5.8, "place": "112 km NE of Hihifo, Tonga", "time": 1774245765817, "updated": 1774333810135, "tz": null, "url": "https://earthquake.usgs.gov/earthquakes/eventpage/us6000sisb", "detail": "https://earthquake.usgs.gov/fdsnws/event/1/query?eventid=us6000sisb&format=geojson", "felt": null, "cdi": null, "mmi": 3.939, "alert": "green", "status": "reviewed", "tsunami": 0, "sig": 518, "net": "us", "code": "6000sisb", "ids": ",usauto6000sisb,us6000sisb,", "sources": ",usauto,us,", "types": ",internal-moment-tensor,losspager,moment-tensor,origin,phase-data,shakemap,", "nst": 42, "dmin": 2.556, "rms": 0.62, "gap": 51, "magType": "mww", "type": "earthquake", "title": "M 5.8 - 112 km NE of Hihifo, Tonga"}, "geometry": {"type": "Point", "coordinates": [-172.9452, -15.3637, 10]}, "id": "us6000sisb"}, {"type": "Feature", "properties": {"mag": 5.1, "place": "northern Mid-Atlantic Ridge", "time": 1774230097424, "updated": 1774231664040, "tz": null, "url": "https://earthquake.usgs.gov/earthquakes/eventpage/us6000sipj", "detail": "https://earthquake.usgs.gov/fdsnws/event/1/query?eventid=us6000sipj&format=geojson", "felt": null, "cdi": null, "mmi": null, "alert": null, "status": "reviewed", "tsunami": 0, "sig": 400, "net": "us", "code": "6000sipj", "ids": ",usauto6000sipj,us6000sipj,", "sources": ",usauto,us,", "types": ",internal-moment-tensor,origin,phase-data,", "nst": 63, "dmin": 16.108, "rms": 1.11, "gap": 124, "magType": "mww", "type": "earthquake", "title": "M 5.1 - northern Mid-Atlantic Ridge"}, "geometry": {"type": "Point", "coordinates": [-45.8698, 23.8773, 10]}, "id": "us6000sipj"}, {"type": "Feature", "properties": {"mag": 5.2, "place": "western Indian-Antarctic Ridge", "time": 1774229373525, "updated": 1774230380040, "tz": null, "url": "https://earthquake.usgs.gov/earthquakes/eventpage/us6000sipe", "detail": "https://earthquake.usgs.gov/fdsnws/event/1/query?eventid=us6000sipe&format=geojson", "felt": null, "cdi": null, "mmi": null, "alert": null, "status": "reviewed", "tsunami": 0, "sig": 416, "net": "us", "code": "6000sipe", "ids": ",usauto6000sipe,us6000sipe,", "sources": ",usauto,us,", "types": ",internal-moment-tensor,origin,phase-data,", "nst": 42, "dmin": 16.789, "rms": 0.32, "gap": 76, "magType": "mww", "type": "earthquake", "title": "M 5.2 - western Indian-Antarctic Ridge"}, "geometry": {"type": "Point", "coordinates": [124.5947, -48.7998, 10]}, "id": "us6000sipe"}, {"type": "Feature", "properties": {"mag": 5.9, "place": "110 km ENE of Hihifo, Tonga", "time": 1774218374332, "updated": 1775438567910, "tz": null, "url": "https://earthquake.usgs.gov/earthquakes/eventpage/us6000siln", "detail": "https://earthquake.usgs.gov/fdsnws/event/1/query?eventid=us6000siln&format=geojson", "felt": null, "cdi": null, "mmi": 4, "alert": "green", "status": "reviewed", "tsunami": 0, "sig": 536, "net": "us", "code": "6000siln", "ids": ",usauto6000siln,pt26081002,us6000siln,", "sources": ",usauto,pt,us,", "types": ",internal-moment-tensor,internal-origin,losspager,moment-tensor,origin,phase-data,shakemap,", "nst": 85, "dmin": 1.984, "rms": 0.94, "gap": 69, "magType": "mww", "type": "earthquake", "title": "M 5.9 - 110 km ENE of Hihifo, Tonga"}, "geometry": {"type": "Point", "coordinates": [-172.8184, -15.6311, 13]}, "id": "us6000siln"}, {"type": "Feature", "properties": {"mag": 5.6, "place": "136 km NE of Hihifo, Tonga", "time": 1774195218888, "updated": 1774283147188, "tz": null, "url": "https://earthquake.usgs.gov/earthquakes/eventpage/us6000siia", "detail": "https://earthquake.usgs.gov/fdsnws/event/1/query?eventid=us6000siia&format=geojson", "felt": null, "cdi": null, "mmi": 3.59, "alert": "green", "status": "reviewed", "tsunami": 0, "sig": 482, "net": "us", "code": "6000siia", "ids": ",usauto6000siia,us6000siia,", "sources": ",usauto,us,", "types": ",internal-moment-tensor,losspager,moment-tensor,origin,phase-data,shakemap,", "nst": 19, "dmin": 1.61, "rms": 0.49, "gap": 84, "magType": "mww", "type": "earthquake", "title": "M 5.6 - 136 km NE of Hihifo, Tonga"}, "geometry": {"type": "Point", "coordinates": [-173.0424, -14.9649, 10]}, "id": "us6000siia"}, {"type": "Feature", "properties": {"mag": 6.3, "place": "144 km NE of Hihifo, Tonga", "time": 1774193437033, "updated": 1774327915846, "tz": null, "url": "https://earthquake.usgs.gov/earthquakes/eventpage/us6000sii1", "detail": "https://earthquake.usgs.gov/fdsnws/event/1/query?eventid=us6000sii1&format=geojson", "felt": 1, "cdi": 4.3, "mmi": 4.193, "alert": "green", "status": "reviewed", "tsunami": 0, "sig": 611, "net": "us", "code": "6000sii1", "ids": ",us6000sii1,", "sources": ",us,", "types": ",dyfi,ground-failure,losspager,moment-tensor,origin,phase-data,shakemap,", "nst": 9, "dmin": 1.574, "rms": 1.12, "gap": 127, "magType": "mww", "type": "earthquake", "title": "M 6.3 - 144 km NE of Hihifo, Tonga"}, "geometry": {"type": "Point", "coordinates": [-172.6832, -15.2263, 10]}, "id": "us6000sii1"}, {"type": "Feature", "properties": {"mag": 6.2, "place": "152 km ENE of Hihifo, Tonga", "time": 1774193275074, "updated": 1775941618040, "tz": null, "url": "https://earthquake.usgs.gov/earthquakes/eventpage/us6000sii0", "detail": "https://earthquake.usgs.gov/fdsnws/event/1/query?eventid=us6000sii0&format=geojson", "felt": null, "cdi": null, "mmi": 4.148, "alert": "green", "status": "reviewed", "tsunami": 0, "sig": 591, "net": "us", "code": "6000sii0", "ids": ",us6000sii0,usauto6000sii0,pt26081001,", "sources": ",us,usauto,pt,", "types": ",ground-failure,internal-moment-tensor,internal-origin,losspager,moment-tensor,origin,phase-data,shakemap,", "nst": 25, "dmin": 1.553, "rms": 0.58, "gap": 59, "magType": "mww", "type": "earthquake", "title": "M 6.2 - 152 km ENE of Hihifo, Tonga"}, "geometry": {"type": "Point", "coordinates": [-172.5558, -15.2769, 10]}, "id": "us6000sii0"}, {"type": "Feature", "properties": {"mag": 5.1, "place": "South Sandwich Islands region", "time": 1774179586591, "updated": 1774180678040, "tz": null, "url": "https://earthquake.usgs.gov/earthquakes/eventpage/us6000sifv", "detail": "https://earthquake.usgs.gov/fdsnws/event/1/query?eventid=us6000sifv&format=geojson", "felt": null, "cdi": null, "mmi": null, "alert": null, "status": "reviewed", "tsunami": 0, "sig": 400, "net": "us", "code": "6000sifv", "ids": ",us6000sifv,", "sources": ",us,", "types": ",origin,phase-data,", "nst": 53, "dmin": 19.475, "rms": 0.56, "gap": 91, "magType": "mb", "type": "earthquake", "title": "M 5.1 - South Sandwich Islands region"}, "geometry": {"type": "Point", "coordinates": [-26.2588, -59.6689, 77.499]}, "id": "us6000sifv"}, {"type": "Feature", "properties": {"mag": 5.2, "place": "175 km ESE of Petropavlovsk-Kamchatsky, Russia", "time": 1774163998715, "updated": 1775219542040, "tz": null, "url": "https://earthquake.usgs.gov/earthquakes/eventpage/us6000sie4", "detail": "https://earthquake.usgs.gov/fdsnws/event/1/query?eventid=us6000sie4&format=geojson", "felt": null, "cdi": null, "mmi": null, "alert": null, "status": "reviewed", "tsunami": 0, "sig": 416, "net": "us", "code": "6000sie4", "ids": ",usauto6000sie4,us6000sie4,", "sources": ",usauto,us,", "types": ",internal-moment-tensor,origin,phase-data,", "nst": 79, "dmin": 2.093, "rms": 0.78, "gap": 116, "magType": "mb", "type": "earthquake", "title": "M 5.2 - 175 km ESE of Petropavlovsk-Kamchatsky, Russia"}, "geometry": {"type": "Point", "coordinates": [160.8067, 52.2156, 10]}, "id": "us6000sie4"}, {"type": "Feature", "properties": {"mag": 6.2, "place": "123 km NE of Hihifo, Tonga", "time": 1774160136306, "updated": 1775373333056, "tz": null, "url": "https://earthquake.usgs.gov/earthquakes/eventpage/us6000sidb", "detail": "https://earthquake.usgs.gov/fdsnws/event/1/query?eventid=us6000sidb&format=geojson", "felt": 1, "cdi": 2.2, "mmi": 4.262, "alert": "green", "status": "reviewed", "tsunami": 0, "sig": 592, "net": "us", "code": "6000sidb", "ids": ",us6000sidb,usauto6000sidb,", "sources": ",us,usauto,", "types": ",dyfi,ground-failure,internal-moment-tensor,losspager,moment-tensor,origin,phase-data,shakemap,", "nst": 107, "dmin": 1.711, "rms": 1.28, "gap": 50, "magType": "mww", "type": "earthquake", "title": "M 6.2 - 123 km NE of Hihifo, Tonga"}, "geometry": {"type": "Point", "coordinates": [-172.96, -15.1922, 14]}, "id": "us6000sidb"}, {"type": "Feature", "properties": {"mag": 5, "place": "Southwest Indian Ridge", "time": 1774159717644, "updated": 1775215272040, "tz": null, "url": "https://earthquake.usgs.gov/earthquakes/eventpage/us6000sida", "detail": "https://earthquake.usgs.gov/fdsnws/event/1/query?eventid=us6000sida&format=geojson", "felt": null, "cdi": null, "mmi": null, "alert": null, "status": "reviewed", "tsunami": 0, "sig": 385, "net": "us", "code": "6000sida", "ids": ",us6000sida,", "sources": ",us,", "types": ",origin,phase-data,", "nst": 47, "dmin": 11.044, "rms": 0.59, "gap": 88, "magType": "mb", "type": "earthquake", "title": "M 5.0 - Southwest Indian Ridge"}, "geometry": {"type": "Point", "coordinates": [57.1527, -32.0545, 10]}, "id": "us6000sida"}, {"type": "Feature", "properties": {"mag": 5.7, "place": "central East Pacific Rise", "time": 1774148625129, "updated": 1775180224460, "tz": null, "url": "https://earthquake.usgs.gov/earthquakes/eventpage/us6000sic3", "detail": "https://earthquake.usgs.gov/fdsnws/event/1/query?eventid=us6000sic3&format=geojson", "felt": null, "cdi": null, "mmi": 0, "alert": "green", "status": "reviewed", "tsunami": 0, "sig": 500, "net": "us", "code": "6000sic3", "ids": ",usauto6000sic3,us6000sic3,", "sources": ",usauto,us,", "types": ",internal-moment-tensor,losspager,moment-tensor,origin,phase-data,shakemap,", "nst": 85, "dmin": 19.8, "rms": 0.83, "gap": 119, "magType": "mww", "type": "earthquake", "title": "M 5.7 - central East Pacific Rise"}, "geometry": {"type": "Point", "coordinates": [-108.3968, -8.9092, 10]}, "id": "us6000sic3"}, {"type": "Feature", "properties": {"mag": 5, "place": "Kermadec Islands region", "time": 1774123645788, "updated": 1774124693040, "tz": null, "url": "https://earthquake.usgs.gov/earthquakes/eventpage/us6000si9m", "detail": "https://earthquake.usgs.gov/fdsnws/event/1/query?eventid=us6000si9m&format=geojson", "felt": null, "cdi": null, "mmi": null, "alert": null, "status": "reviewed", "tsunami": 0, "sig": 385, "net": "us", "code": "6000si9m", "ids": ",us6000si9m,", "sources": ",us,", "types": ",origin,phase-data,", "nst": 58, "dmin": 0.999, "rms": 0.8, "gap": 47, "magType": "mb", "type": "earthquake", "title": "M 5.0 - Kermadec Islands region"}, "geometry": {"type": "Point", "coordinates": [-179.0714, -29.2715, 302.214]}, "id": "us6000si9m"}, {"type": "Feature", "properties": {"mag": 5.1, "place": "156 km SW of Labuan, Indonesia", "time": 1774116533349, "updated": 1774151798789, "tz": null, "url": "https://earthquake.usgs.gov/earthquakes/eventpage/us6000si8m", "detail": "https://earthquake.usgs.gov/fdsnws/event/1/query?eventid=us6000si8m&format=geojson", "felt": 2, "cdi": 2, "mmi": null, "alert": null, "status": "reviewed", "tsunami": 0, "sig": 401, "net": "us", "code": "6000si8m", "ids": ",us6000si8m,usauto6000si8m,", "sources": ",us,usauto,", "types": ",dyfi,internal-moment-tensor,origin,phase-data,", "nst": 77, "dmin": 2.665, "rms": 0.76, "gap": 64, "magType": "mww", "type": "earthquake", "title": "M 5.1 - 156 km SW of Labuan, Indonesia"}, "geometry": {"type": "Point", "coordinates": [104.9624, -7.4983, 10]}, "id": "us6000si8m"}, {"type": "Feature", "properties": {"mag": 6.6, "place": "northern Mid-Atlantic Ridge", "time": 1774095406629, "updated": 1775194380460, "tz": null, "url": "https://earthquake.usgs.gov/earthquakes/eventpage/us6000si5l", "detail": "https://earthquake.usgs.gov/fdsnws/event/1/query?eventid=us6000si5l&format=geojson", "felt": null, "cdi": null, "mmi": 0, "alert": "green", "status": "reviewed", "tsunami": 1, "sig": 670, "net": "us", "code": "6000si5l", "ids": ",pt26080001,usauto6000si5l,us6000si5l,", "sources": ",pt,usauto,us,", "types": ",impact-link,internal-moment-tensor,losspager,moment-tensor,origin,phase-data,shakemap,", "nst": 128, "dmin": 16.164, "rms": 0.58, "gap": 31, "magType": "mww", "type": "earthquake", "title": "M 6.6 - northern Mid-Atlantic Ridge"}, "geometry": {"type": "Point", "coordinates": [-45.7987, 23.8601, 10]}, "id": "us6000si5l"}, {"type": "Feature", "properties": {"mag": 5.4, "place": "84 km S of Koshima, Japan", "time": 1774091524314, "updated": 1775130115694, "tz": null, "url": "https://earthquake.usgs.gov/earthquakes/eventpage/us6000si57", "detail": "https://earthquake.usgs.gov/fdsnws/event/1/query?eventid=us6000si57&format=geojson", "felt": 1, "cdi": 1, "mmi": 3.679, "alert": "green", "status": "reviewed", "tsunami": 0, "sig": 449, "net": "us", "code": "6000si57", "ids": ",us6000si57,usauto6000si57,", "sources": ",us,usauto,", "types": ",dyfi,internal-moment-tensor,losspager,moment-tensor,origin,phase-data,shakemap,", "nst": 98, "dmin": 2.025, "rms": 0.87, "gap": 110, "magType": "mww", "type": "earthquake", "title": "M 5.4 - 84 km S of Koshima, Japan"}, "geometry": {"type": "Point", "coordinates": [130.6689, 29.4858, 21.65]}, "id": "us6000si57"}, {"type": "Feature", "properties": {"mag": 5.4, "place": "southern East Pacific Rise", "time": 1774089354111, "updated": 1775124885113, "tz": null, "url": "https://earthquake.usgs.gov/earthquakes/eventpage/us6000sieq", "detail": "https://earthquake.usgs.gov/fdsnws/event/1/query?eventid=us6000sieq&format=geojson", "felt": null, "cdi": null, "mmi": 0, "alert": "green", "status": "reviewed", "tsunami": 0, "sig": 449, "net": "us", "code": "6000sieq", "ids": ",us6000sieq,", "sources": ",us,", "types": ",losspager,moment-tensor,origin,phase-data,shakemap,", "nst": 64, "dmin": 30.396, "rms": 0.84, "gap": 90, "magType": "mww", "type": "earthquake", "title": "M 5.4 - southern East Pacific Rise"}, "geometry": {"type": "Point", "coordinates": [-124.7074, -55.5085, 10]}, "id": "us6000sieq"}, {"type": "Feature", "properties": {"mag": 5, "place": "Kermadec Islands, New Zealand", "time": 1774088758976, "updated": 1775048674040, "tz": null, "url": "https://earthquake.usgs.gov/earthquakes/eventpage/us6000si52", "detail": "https://earthquake.usgs.gov/fdsnws/event/1/query?eventid=us6000si52&format=geojson", "felt": null, "cdi": null, "mmi": null, "alert": null, "status": "reviewed", "tsunami": 0, "sig": 385, "net": "us", "code": "6000si52", "ids": ",us6000si52,", "sources": ",us,", "types": ",origin,phase-data,", "nst": 33, "dmin": 1.152, "rms": 0.82, "gap": 132, "magType": "mb", "type": "earthquake", "title": "M 5.0 - Kermadec Islands, New Zealand"}, "geometry": {"type": "Point", "coordinates": [-177.2245, -30.2244, 10]}, "id": "us6000si52"}, {"type": "Feature", "properties": {"mag": 5.6, "place": "72 km WNW of San Antonio de los Cobres, Argentina", "time": 1774087237826, "updated": 1775370013257, "tz": null, "url": "https://earthquake.usgs.gov/earthquakes/eventpage/us6000si4j", "detail": "https://earthquake.usgs.gov/fdsnws/event/1/query?eventid=us6000si4j&format=geojson", "felt": 3, "cdi": 2.7, "mmi": 3.364, "alert": "green", "status": "reviewed", "tsunami": 0, "sig": 483, "net": "us", "code": "6000si4j", "ids": ",us6000si4j,usauto6000si4j,", "sources": ",us,usauto,", "types": ",dyfi,internal-moment-tensor,losspager,moment-tensor,origin,phase-data,shakemap,", "nst": 97, "dmin": 1.518, "rms": 0.88, "gap": 34, "magType": "mww", "type": "earthquake", "title": "M 5.6 - 72 km WNW of San Antonio de los Cobres, Argentina"}, "geometry": {"type": "Point", "coordinates": [-66.994, -24.0161, 191.861]}, "id": "us6000si4j"}, {"type": "Feature", "properties": {"mag": 5.7, "place": "53 km W of Norsup, Vanuatu", "time": 1774063258592, "updated": 1775173131359, "tz": null, "url": "https://earthquake.usgs.gov/earthquakes/eventpage/us6000si17", "detail": "https://earthquake.usgs.gov/fdsnws/event/1/query?eventid=us6000si17&format=geojson", "felt": 2, "cdi": 3.4, "mmi": 4.673, "alert": "green", "status": "reviewed", "tsunami": 0, "sig": 501, "net": "us", "code": "6000si17", "ids": ",us6000si17,usauto6000si17,", "sources": ",us,usauto,", "types": ",dyfi,internal-moment-tensor,losspager,moment-tensor,origin,phase-data,shakemap,", "nst": 86, "dmin": 0.632, "rms": 0.98, "gap": 32, "magType": "mww", "type": "earthquake", "title": "M 5.7 - 53 km W of Norsup, Vanuatu"}, "geometry": {"type": "Point", "coordinates": [166.9002, -16.011, 22]}, "id": "us6000si17"}, {"type": "Feature", "properties": {"mag": 5.2, "place": "40 km W of Leni, Italy", "time": 1774057565619, "updated": 1775166534055, "tz": null, "url": "https://earthquake.usgs.gov/earthquakes/eventpage/us6000si0l", "detail": "https://earthquake.usgs.gov/fdsnws/event/1/query?eventid=us6000si0l&format=geojson", "felt": 3, "cdi": 2, "mmi": null, "alert": null, "status": "reviewed", "tsunami": 0, "sig": 417, "net": "us", "code": "6000si0l", "ids": ",us6000si0l,", "sources": ",us,", "types": ",dyfi,origin,phase-data,", "nst": 94, "dmin": 1.87, "rms": 0.74, "gap": 59, "magType": "mb", "type": "earthquake", "title": "M 5.2 - 40 km W of Leni, Italy"}, "geometry": {"type": "Point", "coordinates": [14.3678, 38.4955, 10]}, "id": "us6000si0l"}, {"type": "Feature", "properties": {"mag": 6.1, "place": "105 km WNW of Isangel, Vanuatu", "time": 1773973832528, "updated": 1775165498491, "tz": null, "url": "https://earthquake.usgs.gov/earthquakes/eventpage/us6000shnl", "detail": "https://earthquake.usgs.gov/fdsnws/event/1/query?eventid=us6000shnl&format=geojson", "felt": 0, "cdi": 1, "mmi": 4.27, "alert": "green", "status": "reviewed", "tsunami": 0, "sig": 572, "net": "us", "code": "6000shnl", "ids": ",us6000shnl,usauto6000shnl,", "sources": ",us,usauto,", "types": ",dyfi,ground-failure,internal-moment-tensor,losspager,moment-tensor,origin,phase-data,shakemap,", "nst": 99, "dmin": 3.226, "rms": 0.91, "gap": 42, "magType": "mww", "type": "earthquake", "title": "M 6.1 - 105 km WNW of Isangel, Vanuatu"}, "geometry": {"type": "Point", "coordinates": [168.3256, -19.2558, 10]}, "id": "us6000shnl"}, {"type": "Feature", "properties": {"mag": 5.1, "place": "South Shetland Islands", "time": 1773969353804, "updated": 1775163698040, "tz": null, "url": "https://earthquake.usgs.gov/earthquakes/eventpage/us6000shmv", "detail": "https://earthquake.usgs.gov/fdsnws/event/1/query?eventid=us6000shmv&format=geojson", "felt": null, "cdi": null, "mmi": null, "alert": null, "status": "reviewed", "tsunami": 0, "sig": 400, "net": "us", "code": "6000shmv", "ids": ",us6000shmv,", "sources": ",us,", "types": ",origin,phase-data,", "nst": 52, "dmin": 8.416, "rms": 1.31, "gap": 93, "magType": "mb", "type": "earthquake", "title": "M 5.1 - South Shetland Islands"}, "geometry": {"type": "Point", "coordinates": [-56.1659, -61.1534, 10]}, "id": "us6000shmv"}, {"type": "Feature", "properties": {"mag": 6.6, "place": "South Shetland Islands", "time": 1773966122120, "updated": 1774054005373, "tz": null, "url": "https://earthquake.usgs.gov/earthquakes/eventpage/us6000shlp", "detail": "https://earthquake.usgs.gov/fdsnws/event/1/query?eventid=us6000shlp&format=geojson", "felt": null, "cdi": null, "mmi": 4.987, "alert": "green", "status": "reviewed", "tsunami": 0, "sig": 670, "net": "us", "code": "6000shlp", "ids": ",usauto6000shlp,us6000shlp,pt26079000,", "sources": ",usauto,us,pt,", "types": ",internal-moment-tensor,losspager,moment-tensor,origin,phase-data,shakemap,", "nst": 58, "dmin": 8.393, "rms": 0.93, "gap": 76, "magType": "mww", "type": "earthquake", "title": "M 6.6 - South Shetland Islands"}, "geometry": {"type": "Point", "coordinates": [-56.2683, -61.1525, 4.869]}, "id": "us6000shlp"}, {"type": "Feature", "properties": {"mag": 5.2, "place": "92 km NE of The Valley, Anguilla", "time": 1773960407570, "updated": 1775879917455, "tz": null, "url": "https://earthquake.usgs.gov/earthquakes/eventpage/us6000shkh", "detail": "https://earthquake.usgs.gov/fdsnws/event/1/query?eventid=us6000shkh&format=geojson", "felt": 1, "cdi": 2, "mmi": null, "alert": null, "status": "reviewed", "tsunami": 0, "sig": 416, "net": "us", "code": "6000shkh", "ids": ",us6000shkh,usauto6000shkh,", "sources": ",us,usauto,", "types": ",dyfi,internal-moment-tensor,origin,phase-data,", "nst": 88, "dmin": 1.415, "rms": 0.85, "gap": 55, "magType": "mww", "type": "earthquake", "title": "M 5.2 - 92 km NE of The Valley, Anguilla"}, "geometry": {"type": "Point", "coordinates": [-62.5449, 18.892, 10]}, "id": "us6000shkh"}, {"type": "Feature", "properties": {"mag": 5.2, "place": "178 km S of Severo-Kuril\u2019sk, Russia", "time": 1773924529143, "updated": 1773929529040, "tz": null, "url": "https://earthquake.usgs.gov/earthquakes/eventpage/us6000sheg", "detail": "https://earthquake.usgs.gov/fdsnws/event/1/query?eventid=us6000sheg&format=geojson", "felt": null, "cdi": null, "mmi": null, "alert": null, "status": "reviewed", "tsunami": 0, "sig": 416, "net": "us", "code": "6000sheg", "ids": ",usauto6000sheg,us6000sheg,", "sources": ",usauto,us,", "types": ",internal-moment-tensor,moment-tensor,origin,phase-data,", "nst": 68, "dmin": 4.137, "rms": 0.81, "gap": 116, "magType": "mb", "type": "earthquake", "title": "M 5.2 - 178 km S of Severo-Kuril\u2019sk, Russia"}, "geometry": {"type": "Point", "coordinates": [156.2599, 49.0768, 10]}, "id": "us6000sheg"}, {"type": "Feature", "properties": {"mag": 5.4, "place": "south of Panama", "time": 1773920205128, "updated": 1774008094010, "tz": null, "url": "https://earthquake.usgs.gov/earthquakes/eventpage/us6000shdm", "detail": "https://earthquake.usgs.gov/fdsnws/event/1/query?eventid=us6000shdm&format=geojson", "felt": null, "cdi": null, "mmi": 2.77, "alert": "green", "status": "reviewed", "tsunami": 0, "sig": 449, "net": "us", "code": "6000shdm", "ids": ",usauto6000shdm,us6000shdm,", "sources": ",usauto,us,", "types": ",internal-moment-tensor,losspager,moment-tensor,origin,phase-data,shakemap,", "nst": 68, "dmin": 4.309, "rms": 0.9, "gap": 144, "magType": "mww", "type": "earthquake", "title": "M 5.4 - south of Panama"}, "geometry": {"type": "Point", "coordinates": [-82.5755, 4.9769, 10]}, "id": "us6000shdm"}, {"type": "Feature", "properties": {"mag": 5.6, "place": "165 km S of Severo-Kuril\u2019sk, Russia", "time": 1773906209161, "updated": 1775371597849, "tz": null, "url": "https://earthquake.usgs.gov/earthquakes/eventpage/us6000shc9", "detail": "https://earthquake.usgs.gov/fdsnws/event/1/query?eventid=us6000shc9&format=geojson", "felt": null, "cdi": null, "mmi": 3.566, "alert": "green", "status": "reviewed", "tsunami": 0, "sig": 482, "net": "us", "code": "6000shc9", "ids": ",usauto6000shc9,us6000shc9,", "sources": ",usauto,us,", "types": ",internal-moment-tensor,losspager,moment-tensor,origin,phase-data,shakemap,", "nst": 319, "dmin": 4.029, "rms": 0.64, "gap": 127, "magType": "mww", "type": "earthquake", "title": "M 5.6 - 165 km S of Severo-Kuril\u2019sk, Russia"}, "geometry": {"type": "Point", "coordinates": [156.2389, 49.1909, 16]}, "id": "us6000shc9"}, {"type": "Feature", "properties": {"mag": 5, "place": "Mid-Indian Ridge", "time": 1773901596601, "updated": 1775369386040, "tz": null, "url": "https://earthquake.usgs.gov/earthquakes/eventpage/us6000shc0", "detail": "https://earthquake.usgs.gov/fdsnws/event/1/query?eventid=us6000shc0&format=geojson", "felt": null, "cdi": null, "mmi": null, "alert": null, "status": "reviewed", "tsunami": 0, "sig": 385, "net": "us", "code": "6000shc0", "ids": ",us6000shc0,", "sources": ",us,", "types": ",origin,phase-data,", "nst": 80, "dmin": 5.418, "rms": 0.8, "gap": 67, "magType": "mb", "type": "earthquake", "title": "M 5.0 - Mid-Indian Ridge"}, "geometry": {"type": "Point", "coordinates": [68.8693, -21.4447, 10]}, "id": "us6000shc0"}, {"type": "Feature", "properties": {"mag": 5.1, "place": "South Sandwich Islands region", "time": 1773886049706, "updated": 1775263038040, "tz": null, "url": "https://earthquake.usgs.gov/earthquakes/eventpage/us6000shar", "detail": "https://earthquake.usgs.gov/fdsnws/event/1/query?eventid=us6000shar&format=geojson", "felt": null, "cdi": null, "mmi": null, "alert": null, "status": "reviewed", "tsunami": 0, "sig": 400, "net": "us", "code": "6000shar", "ids": ",us6000shar,", "sources": ",us,", "types": ",origin,phase-data,", "nst": 47, "dmin": 19.538, "rms": 0.83, "gap": 86, "magType": "mb", "type": "earthquake", "title": "M 5.1 - South Sandwich Islands region"}, "geometry": {"type": "Point", "coordinates": [-26.0189, -59.3273, 35]}, "id": "us6000shar"}, {"type": "Feature", "properties": {"mag": 5, "place": "22 km N of Los Amates, Guatemala", "time": 1773855331620, "updated": 1774819203443, "tz": null, "url": "https://earthquake.usgs.gov/earthquakes/eventpage/us6000sh81", "detail": "https://earthquake.usgs.gov/fdsnws/event/1/query?eventid=us6000sh81&format=geojson", "felt": 11, "cdi": 3.9, "mmi": null, "alert": null, "status": "reviewed", "tsunami": 0, "sig": 389, "net": "us", "code": "6000sh81", "ids": ",us6000sh81,usauto6000sh81,", "sources": ",us,usauto,", "types": ",dyfi,impact-text,internal-moment-tensor,moment-tensor,origin,phase-data,", "nst": 114, "dmin": 1.69, "rms": 0.72, "gap": 53, "magType": "mww", "type": "earthquake", "title": "M 5.0 - 22 km N of Los Amates, Guatemala"}, "geometry": {"type": "Point", "coordinates": [-89.0771, 15.4583, 10]}, "id": "us6000sh81"}, {"type": "Feature", "properties": {"mag": 5.2, "place": "Mid-Indian Ridge", "time": 1773832258514, "updated": 1775287017040, "tz": null, "url": "https://earthquake.usgs.gov/earthquakes/eventpage/us6000sh5b", "detail": "https://earthquake.usgs.gov/fdsnws/event/1/query?eventid=us6000sh5b&format=geojson", "felt": null, "cdi": null, "mmi": 0, "alert": "green", "status": "reviewed", "tsunami": 0, "sig": 416, "net": "us", "code": "6000sh5b", "ids": ",usauto6000sh5b,us6000sh5b,", "sources": ",usauto,us,", "types": ",internal-moment-tensor,losspager,moment-tensor,origin,phase-data,shakemap,", "nst": 53, "dmin": 5.437, "rms": 0.64, "gap": 45, "magType": "mww", "type": "earthquake", "title": "M 5.2 - Mid-Indian Ridge"}, "geometry": {"type": "Point", "coordinates": [68.7965, -21.7079, 10]}, "id": "us6000sh5b"}, {"type": "Feature", "properties": {"mag": 5, "place": "233 km ESE of Attu Station, Alaska", "time": 1773808594628, "updated": 1774999060040, "tz": null, "url": "https://earthquake.usgs.gov/earthquakes/eventpage/us6000sh32", "detail": "https://earthquake.usgs.gov/fdsnws/event/1/query?eventid=us6000sh32&format=geojson", "felt": null, "cdi": null, "mmi": 3.689, "alert": null, "status": "reviewed", "tsunami": 0, "sig": 385, "net": "us", "code": "6000sh32", "ids": ",usauto6000sh32,us6000sh32,aka2026fjwjfq,", "sources": ",usauto,us,ak,", "types": ",internal-moment-tensor,moment-tensor,origin,phase-data,shakemap,", "nst": 98, "dmin": 1.3, "rms": 0.81, "gap": 107, "magType": "mww", "type": "earthquake", "title": "M 5.0 - 233 km ESE of Attu Station, Alaska"}, "geometry": {"type": "Point", "coordinates": [176.4301, 52.1558, 21.846]}, "id": "us6000sh32"}, {"type": "Feature", "properties": {"mag": 5, "place": "Ascension Island region", "time": 1773777237105, "updated": 1774814098040, "tz": null, "url": "https://earthquake.usgs.gov/earthquakes/eventpage/us6000sh12", "detail": "https://earthquake.usgs.gov/fdsnws/event/1/query?eventid=us6000sh12&format=geojson", "felt": null, "cdi": null, "mmi": null, "alert": null, "status": "reviewed", "tsunami": 0, "sig": 385, "net": "us", "code": "6000sh12", "ids": ",us6000sh12,", "sources": ",us,", "types": ",origin,phase-data,", "nst": 53, "dmin": 2.937, "rms": 0.47, "gap": 99, "magType": "mb", "type": "earthquake", "title": "M 5.0 - Ascension Island region"}, "geometry": {"type": "Point", "coordinates": [-13.1188, -10.4736, 10]}, "id": "us6000sh12"}, {"type": "Feature", "properties": {"mag": 5.3, "place": "229 km ESE of Attu Station, Alaska", "time": 1773764497526, "updated": 1775772636040, "tz": null, "url": "https://earthquake.usgs.gov/earthquakes/eventpage/us6000sgvw", "detail": "https://earthquake.usgs.gov/fdsnws/event/1/query?eventid=us6000sgvw&format=geojson", "felt": null, "cdi": null, "mmi": 3.18, "alert": null, "status": "reviewed", "tsunami": 0, "sig": 432, "net": "us", "code": "6000sgvw", "ids": ",usauto6000sgvw,us6000sgvw,aka2026fixzsb,", "sources": ",usauto,us,ak,", "types": ",internal-moment-tensor,moment-tensor,origin,phase-data,shakemap,", "nst": 158, "dmin": 1.321, "rms": 0.81, "gap": 91, "magType": "mww", "type": "earthquake", "title": "M 5.3 - 229 km ESE of Attu Station, Alaska"}, "geometry": {"type": "Point", "coordinates": [176.4218, 52.248, 10]}, "id": "us6000sgvw"}, {"type": "Feature", "properties": {"mag": 5, "place": "105 km E of Fangale\u2019ounga, Tonga", "time": 1773760605398, "updated": 1775757521040, "tz": null, "url": "https://earthquake.usgs.gov/earthquakes/eventpage/us7000s7vr", "detail": "https://earthquake.usgs.gov/fdsnws/event/1/query?eventid=us7000s7vr&format=geojson", "felt": null, "cdi": null, "mmi": null, "alert": null, "status": "reviewed", "tsunami": 0, "sig": 385, "net": "us", "code": "7000s7vr", "ids": ",us7000s7vr,", "sources": ",us,", "types": ",origin,phase-data,", "nst": 21, "dmin": 3.316, "rms": 1.01, "gap": 103, "magType": "mb", "type": "earthquake", "title": "M 5.0 - 105 km E of Fangale\u2019ounga, Tonga"}, "geometry": {"type": "Point", "coordinates": [-173.3305, -19.9096, 10]}, "id": "us7000s7vr"}, {"type": "Feature", "properties": {"mag": 5, "place": "Kuril Islands", "time": 1773757966417, "updated": 1775751552040, "tz": null, "url": "https://earthquake.usgs.gov/earthquakes/eventpage/us6000sgv2", "detail": "https://earthquake.usgs.gov/fdsnws/event/1/query?eventid=us6000sgv2&format=geojson", "felt": null, "cdi": null, "mmi": null, "alert": null, "status": "reviewed", "tsunami": 0, "sig": 385, "net": "us", "code": "6000sgv2", "ids": ",usauto6000sgv2,us6000sgv2,", "sources": ",usauto,us,", "types": ",internal-moment-tensor,origin,phase-data,", "nst": 309, "dmin": 6.428, "rms": 0.51, "gap": 63, "magType": "mww", "type": "earthquake", "title": "M 5.0 - Kuril Islands"}, "geometry": {"type": "Point", "coordinates": [153.5413, 47.2657, 51.48]}, "id": "us6000sgv2"}, {"type": "Feature", "properties": {"mag": 5.1, "place": "south of the Kermadec Islands", "time": 1773757080104, "updated": 1775751292040, "tz": null, "url": "https://earthquake.usgs.gov/earthquakes/eventpage/us6000sguy", "detail": "https://earthquake.usgs.gov/fdsnws/event/1/query?eventid=us6000sguy&format=geojson", "felt": null, "cdi": null, "mmi": null, "alert": null, "status": "reviewed", "tsunami": 0, "sig": 400, "net": "us", "code": "6000sguy", "ids": ",us6000sguy,", "sources": ",us,", "types": ",origin,phase-data,", "nst": 62, "dmin": 3.97, "rms": 0.76, "gap": 77, "magType": "mb", "type": "earthquake", "title": "M 5.1 - south of the Kermadec Islands"}, "geometry": {"type": "Point", "coordinates": [-178.5102, -33.1965, 10]}, "id": "us6000sguy"}, {"type": "Feature", "properties": {"mag": 5.8, "place": "51 km SSW of Mais\u00ed, Cuba", "time": 1773721705136, "updated": 1775627449617, "tz": null, "url": "https://earthquake.usgs.gov/earthquakes/eventpage/us6000sgrt", "detail": "https://earthquake.usgs.gov/fdsnws/event/1/query?eventid=us6000sgrt&format=geojson", "felt": 15, "cdi": 4.9, "mmi": 5.305, "alert": "green", "status": "reviewed", "tsunami": 0, "sig": 525, "net": "us", "code": "6000sgrt", "ids": ",us6000sgrt,usauto6000sgrt,pt26076000,", "sources": ",us,usauto,pt,", "types": ",dyfi,ground-failure,internal-moment-tensor,internal-origin,losspager,moment-tensor,origin,phase-data,shakemap,", "nst": 258, "dmin": 0.368, "rms": 0.47, "gap": 25, "magType": "mww", "type": "earthquake", "title": "M 5.8 - 51 km SSW of Mais\u00ed, Cuba"}, "geometry": {"type": "Point", "coordinates": [-74.4178, 19.8502, 12.69]}, "id": "us6000sgrt"}, {"type": "Feature", "properties": {"mag": 5, "place": "Kuril Islands", "time": 1773717898871, "updated": 1775613401040, "tz": null, "url": "https://earthquake.usgs.gov/earthquakes/eventpage/us6000sgrg", "detail": "https://earthquake.usgs.gov/fdsnws/event/1/query?eventid=us6000sgrg&format=geojson", "felt": null, "cdi": null, "mmi": null, "alert": null, "status": "reviewed", "tsunami": 0, "sig": 385, "net": "us", "code": "6000sgrg", "ids": ",us6000sgrg,", "sources": ",us,", "types": ",origin,phase-data,", "nst": 189, "dmin": 6.641, "rms": 0.58, "gap": 112, "magType": "mb", "type": "earthquake", "title": "M 5.0 - Kuril Islands"}, "geometry": {"type": "Point", "coordinates": [152.3275, 46.1814, 43.189]}, "id": "us6000sgrg"}, {"type": "Feature", "properties": {"mag": 5.2, "place": "Balleny Islands region", "time": 1773666102297, "updated": 1774555694040, "tz": null, "url": "https://earthquake.usgs.gov/earthquakes/eventpage/us6000sgkw", "detail": "https://earthquake.usgs.gov/fdsnws/event/1/query?eventid=us6000sgkw&format=geojson", "felt": null, "cdi": null, "mmi": 0, "alert": "green", "status": "reviewed", "tsunami": 0, "sig": 416, "net": "us", "code": "6000sgkw", "ids": ",usauto6000sgkw,us6000sgkw,", "sources": ",usauto,us,", "types": ",internal-moment-tensor,losspager,moment-tensor,origin,phase-data,shakemap,", "nst": 27, "dmin": 8.665, "rms": 0.82, "gap": 104, "magType": "mww", "type": "earthquake", "title": "M 5.2 - Balleny Islands region"}, "geometry": {"type": "Point", "coordinates": [165.4581, -62.4454, 10]}, "id": "us6000sgkw"}, {"type": "Feature", "properties": {"mag": 5.3, "place": "Off the coast of Aisen, Chile", "time": 1773563316747, "updated": 1774611170943, "tz": null, "url": "https://earthquake.usgs.gov/earthquakes/eventpage/us6000sgfk", "detail": "https://earthquake.usgs.gov/fdsnws/event/1/query?eventid=us6000sgfk&format=geojson", "felt": 1, "cdi": 2, "mmi": null, "alert": null, "status": "reviewed", "tsunami": 0, "sig": 432, "net": "us", "code": "6000sgfk", "ids": ",us6000sgfk,usauto6000sgfk,", "sources": ",us,usauto,", "types": ",dyfi,internal-moment-tensor,moment-tensor,origin,phase-data,", "nst": 45, "dmin": 2.679, "rms": 0.6, "gap": 142, "magType": "mww", "type": "earthquake", "title": "M 5.3 - Off the coast of Aisen, Chile"}, "geometry": {"type": "Point", "coordinates": [-77.2551, -45.6181, 10]}, "id": "us6000sgfk"}, {"type": "Feature", "properties": {"mag": 5.3, "place": "60 km SSW of Intipuc\u00e1, El Salvador", "time": 1773550841266, "updated": 1775194167040, "tz": null, "url": "https://earthquake.usgs.gov/earthquakes/eventpage/us6000sgea", "detail": "https://earthquake.usgs.gov/fdsnws/event/1/query?eventid=us6000sgea&format=geojson", "felt": 8, "cdi": 4.1, "mmi": null, "alert": null, "status": "reviewed", "tsunami": 0, "sig": 435, "net": "us", "code": "6000sgea", "ids": ",us6000sgea,usauto6000sgea,", "sources": ",us,usauto,", "types": ",dyfi,internal-moment-tensor,moment-tensor,origin,phase-data,", "nst": 114, "dmin": 0.788, "rms": 1.03, "gap": 58, "magType": "mww", "type": "earthquake", "title": "M 5.3 - 60 km SSW of Intipuc\u00e1, El Salvador"}, "geometry": {"type": "Point", "coordinates": [-88.2459, 12.6793, 59.911]}, "id": "us6000sgea"}, {"type": "Feature", "properties": {"mag": 5.3, "place": "northern Mid-Atlantic Ridge", "time": 1773510197165, "updated": 1775673273040, "tz": null, "url": "https://earthquake.usgs.gov/earthquakes/eventpage/us6000sgbx", "detail": "https://earthquake.usgs.gov/fdsnws/event/1/query?eventid=us6000sgbx&format=geojson", "felt": null, "cdi": null, "mmi": null, "alert": null, "status": "reviewed", "tsunami": 0, "sig": 432, "net": "us", "code": "6000sgbx", "ids": ",usauto6000sgbx,us6000sgbx,", "sources": ",usauto,us,", "types": ",internal-moment-tensor,moment-tensor,origin,phase-data,", "nst": 207, "dmin": 12.842, "rms": 0.6, "gap": 31, "magType": "mww", "type": "earthquake", "title": "M 5.3 - northern Mid-Atlantic Ridge"}, "geometry": {"type": "Point", "coordinates": [-46.599, 16.5738, 10]}, "id": "us6000sgbx"}, {"type": "Feature", "properties": {"mag": 5, "place": "113 km ENE of W\u00e9, New Caledonia", "time": 1773498914237, "updated": 1775330335040, "tz": null, "url": "https://earthquake.usgs.gov/earthquakes/eventpage/us6000sgb2", "detail": "https://earthquake.usgs.gov/fdsnws/event/1/query?eventid=us6000sgb2&format=geojson", "felt": null, "cdi": null, "mmi": null, "alert": null, "status": "reviewed", "tsunami": 0, "sig": 385, "net": "us", "code": "6000sgb2", "ids": ",us6000sgb2,", "sources": ",us,", "types": ",origin,phase-data,", "nst": 61, "dmin": 2.198, "rms": 0.42, "gap": 105, "magType": "mb", "type": "earthquake", "title": "M 5.0 - 113 km ENE of W\u00e9, New Caledonia"}, "geometry": {"type": "Point", "coordinates": [168.2776, -20.5452, 10]}, "id": "us6000sgb2"}, {"type": "Feature", "properties": {"mag": 5.1, "place": "South Sandwich Islands region", "time": 1773477274421, "updated": 1775283368040, "tz": null, "url": "https://earthquake.usgs.gov/earthquakes/eventpage/us6000sg9g", "detail": "https://earthquake.usgs.gov/fdsnws/event/1/query?eventid=us6000sg9g&format=geojson", "felt": null, "cdi": null, "mmi": null, "alert": null, "status": "reviewed", "tsunami": 0, "sig": 400, "net": "us", "code": "6000sg9g", "ids": ",us6000sg9g,", "sources": ",us,", "types": ",origin,phase-data,", "nst": 59, "dmin": 18.971, "rms": 0.74, "gap": 69, "magType": "mb", "type": "earthquake", "title": "M 5.1 - South Sandwich Islands region"}, "geometry": {"type": "Point", "coordinates": [-25.467, -58.7514, 35]}, "id": "us6000sg9g"}, {"type": "Feature", "properties": {"mag": 5, "place": "southern Mid-Atlantic Ridge", "time": 1773469039888, "updated": 1775281823040, "tz": null, "url": "https://earthquake.usgs.gov/earthquakes/eventpage/us6000sg8q", "detail": "https://earthquake.usgs.gov/fdsnws/event/1/query?eventid=us6000sg8q&format=geojson", "felt": null, "cdi": null, "mmi": null, "alert": null, "status": "reviewed", "tsunami": 0, "sig": 385, "net": "us", "code": "6000sg8q", "ids": ",us6000sg8q,", "sources": ",us,", "types": ",origin,phase-data,", "nst": 46, "dmin": 18.305, "rms": 0.61, "gap": 77, "magType": "mb", "type": "earthquake", "title": "M 5.0 - southern Mid-Atlantic Ridge"}, "geometry": {"type": "Point", "coordinates": [-9.745, -47.1367, 10]}, "id": "us6000sg8q"}, {"type": "Feature", "properties": {"mag": 5, "place": "south of the Kermadec Islands", "time": 1773442476356, "updated": 1775272963040, "tz": null, "url": "https://earthquake.usgs.gov/earthquakes/eventpage/us6000sg6t", "detail": "https://earthquake.usgs.gov/fdsnws/event/1/query?eventid=us6000sg6t&format=geojson", "felt": null, "cdi": null, "mmi": null, "alert": null, "status": "reviewed", "tsunami": 0, "sig": 385, "net": "us", "code": "6000sg6t", "ids": ",us6000sg6t,", "sources": ",us,", "types": ",origin,phase-data,", "nst": 36, "dmin": 5.25, "rms": 1.13, "gap": 128, "magType": "mb", "type": "earthquake", "title": "M 5.0 - south of the Kermadec Islands"}, "geometry": {"type": "Point", "coordinates": [-177.8976, -33.314, 10]}, "id": "us6000sg6t"}, {"type": "Feature", "properties": {"mag": 5, "place": "122 km E of Yamada, Japan", "time": 1773431724163, "updated": 1775600171040, "tz": null, "url": "https://earthquake.usgs.gov/earthquakes/eventpage/us6000sg57", "detail": "https://earthquake.usgs.gov/fdsnws/event/1/query?eventid=us6000sg57&format=geojson", "felt": null, "cdi": null, "mmi": null, "alert": null, "status": "reviewed", "tsunami": 0, "sig": 385, "net": "us", "code": "6000sg57", "ids": ",usauto6000sg57,us6000sg57,", "sources": ",usauto,us,", "types": ",internal-moment-tensor,moment-tensor,origin,phase-data,", "nst": 182, "dmin": 2.24, "rms": 0.78, "gap": 44, "magType": "mww", "type": "earthquake", "title": "M 5.0 - 122 km E of Yamada, Japan"}, "geometry": {"type": "Point", "coordinates": [143.3754, 39.418, 32.862]}, "id": "us6000sg57"}, {"type": "Feature", "properties": {"mag": 6.3, "place": "71 km W of Vallenar, Chile", "time": 1773409161201, "updated": 1775570451484, "tz": null, "url": "https://earthquake.usgs.gov/earthquakes/eventpage/us6000sg0y", "detail": "https://earthquake.usgs.gov/fdsnws/event/1/query?eventid=us6000sg0y&format=geojson", "felt": 34, "cdi": 5.5, "mmi": 6.031, "alert": "green", "status": "reviewed", "tsunami": 0, "sig": 629, "net": "us", "code": "6000sg0y", "ids": ",us6000sg0y,usauto6000sg0y,pt26072000,", "sources": ",us,usauto,pt,", "types": ",dyfi,ground-failure,impact-text,internal-moment-tensor,internal-origin,losspager,moment-tensor,origin,phase-data,shakemap,", "nst": 82, "dmin": 0.603, "rms": 0.87, "gap": 133, "magType": "mww", "type": "earthquake", "title": "M 6.3 - 71 km W of Vallenar, Chile"}, "geometry": {"type": "Point", "coordinates": [-71.4786, -28.6929, 24]}, "id": "us6000sg0y"}, {"type": "Feature", "properties": {"mag": 5.2, "place": "southeast of Easter Island", "time": 1773385224301, "updated": 1774508714040, "tz": null, "url": "https://earthquake.usgs.gov/earthquakes/eventpage/us6000sfzl", "detail": "https://earthquake.usgs.gov/fdsnws/event/1/query?eventid=us6000sfzl&format=geojson", "felt": null, "cdi": null, "mmi": null, "alert": null, "status": "reviewed", "tsunami": 0, "sig": 416, "net": "us", "code": "6000sfzl", "ids": ",usauto6000sfzl,us6000sfzl,", "sources": ",usauto,us,", "types": ",internal-moment-tensor,origin,phase-data,", "nst": 39, "dmin": 25.27, "rms": 0.84, "gap": 152, "magType": "mww", "type": "earthquake", "title": "M 5.2 - southeast of Easter Island"}, "geometry": {"type": "Point", "coordinates": [-103.3853, -35.9195, 10]}, "id": "us6000sfzl"}, {"type": "Feature", "properties": {"mag": 5.2, "place": "Kermadec Islands region", "time": 1773377671352, "updated": 1774649379040, "tz": null, "url": "https://earthquake.usgs.gov/earthquakes/eventpage/us6000sfza", "detail": "https://earthquake.usgs.gov/fdsnws/event/1/query?eventid=us6000sfza&format=geojson", "felt": null, "cdi": null, "mmi": null, "alert": null, "status": "reviewed", "tsunami": 0, "sig": 416, "net": "us", "code": "6000sfza", "ids": ",usauto6000sfza,us6000sfza,", "sources": ",usauto,us,", "types": ",internal-moment-tensor,origin,phase-data,", "nst": 47, "dmin": 1.525, "rms": 1.23, "gap": 81, "magType": "mww", "type": "earthquake", "title": "M 5.2 - Kermadec Islands region"}, "geometry": {"type": "Point", "coordinates": [-176.6216, -28.2374, 10]}, "id": "us6000sfza"}, {"type": "Feature", "properties": {"mag": 5.3, "place": "15 km WNW of Niksar, Turkey", "time": 1773362115424, "updated": 1775193180779, "tz": null, "url": "https://earthquake.usgs.gov/earthquakes/eventpage/us6000sfyj", "detail": "https://earthquake.usgs.gov/fdsnws/event/1/query?eventid=us6000sfyj&format=geojson", "felt": 8, "cdi": 6, "mmi": 6.963, "alert": "green", "status": "reviewed", "tsunami": 0, "sig": 437, "net": "us", "code": "6000sfyj", "ids": ",us6000sfyj,usauto6000sfyj,", "sources": ",us,usauto,", "types": ",dyfi,ground-failure,impact-text,internal-moment-tensor,losspager,moment-tensor,origin,phase-data,shakemap,", "nst": 90, "dmin": 0.411, "rms": 0.89, "gap": 24, "magType": "mww", "type": "earthquake", "title": "M 5.3 - 15 km WNW of Niksar, Turkey"}, "geometry": {"type": "Point", "coordinates": [36.7861, 40.6607, 10]}, "id": "us6000sfyj"}, {"type": "Feature", "properties": {"mag": 5.2, "place": "168 km SW of Kavieng, Papua New Guinea", "time": 1773352727883, "updated": 1774758445040, "tz": null, "url": "https://earthquake.usgs.gov/earthquakes/eventpage/us6000sfy3", "detail": "https://earthquake.usgs.gov/fdsnws/event/1/query?eventid=us6000sfy3&format=geojson", "felt": null, "cdi": null, "mmi": null, "alert": null, "status": "reviewed", "tsunami": 0, "sig": 416, "net": "us", "code": "6000sfy3", "ids": ",usauto6000sfy3,us6000sfy3,", "sources": ",usauto,us,", "types": ",internal-moment-tensor,origin,phase-data,", "nst": 62, "dmin": 2.505, "rms": 1, "gap": 78, "magType": "mww", "type": "earthquake", "title": "M 5.2 - 168 km SW of Kavieng, Papua New Guinea"}, "geometry": {"type": "Point", "coordinates": [149.713, -3.6398, 10]}, "id": "us6000sfy3"}, {"type": "Feature", "properties": {"mag": 5.2, "place": "49 km SW of Banjar, Indonesia", "time": 1773343101071, "updated": 1774628212985, "tz": null, "url": "https://earthquake.usgs.gov/earthquakes/eventpage/us6000sfx2", "detail": "https://earthquake.usgs.gov/fdsnws/event/1/query?eventid=us6000sfx2&format=geojson", "felt": 6, "cdi": 3.6, "mmi": null, "alert": null, "status": "reviewed", "tsunami": 0, "sig": 418, "net": "us", "code": "6000sfx2", "ids": ",us6000sfx2,", "sources": ",us,", "types": ",dyfi,origin,phase-data,", "nst": 149, "dmin": 0.555, "rms": 0.65, "gap": 28, "magType": "mb", "type": "earthquake", "title": "M 5.2 - 49 km SW of Banjar, Indonesia"}, "geometry": {"type": "Point", "coordinates": [107.0915, -7.4927, 96.204]}, "id": "us6000sfx2"}, {"type": "Feature", "properties": {"mag": 5.2, "place": "28 km S of Hualien City, Taiwan", "time": 1773317653866, "updated": 1775558018071, "tz": null, "url": "https://earthquake.usgs.gov/earthquakes/eventpage/us6000sftk", "detail": "https://earthquake.usgs.gov/fdsnws/event/1/query?eventid=us6000sftk&format=geojson", "felt": 21, "cdi": 4.8, "mmi": null, "alert": null, "status": "reviewed", "tsunami": 0, "sig": 426, "net": "us", "code": "6000sftk", "ids": ",us6000sftk,usauto6000sftk,", "sources": ",us,usauto,", "types": ",dyfi,internal-moment-tensor,moment-tensor,origin,phase-data,", "nst": 97, "dmin": 0.427, "rms": 0.78, "gap": 47, "magType": "mwr", "type": "earthquake", "title": "M 5.2 - 28 km S of Hualien City, Taiwan"}, "geometry": {"type": "Point", "coordinates": [121.5928, 23.7234, 30.792]}, "id": "us6000sftk"}]}