{"type": "FeatureCollection", "features": [{"type": "Feature", "properties": {"storm_id": "AL012004", "name": "ALEX", "year": 2004, "max_wind": 105.0, "min_pressure": 957.0, "category": 3}, "geometry": {"type": "LineString", "coordinates": [[-78.3, 30.3], [-78.8, 31.0], [-79.0, 31.5], [-79.1, 31.6], [-79.2, 31.6], [-79.3, 31.5], [-79.4, 31.4], [-79.0, 31.3], [-78.7, 31.8], [-78.2, 32.4], [-77.4, 33.0], [-76.4, 34.2], [-75.2, 35.3], [-73.7, 36.0], [-72.1, 36.8], [-70.2, 37.3], [-68.3, 37.8], [-66.0, 38.5], [-63.1, 39.5], [-59.6, 40.8], [-55.0, 42.7], [-49.3, 44.5], [-44.2, 46.1], [-37.5, 47.0], [-32.7, 47.4]]}}, {"type": "Feature", "properties": {"storm_id": "AL022004", "name": "BONNIE", "year": 2004, "max_wind": 55.0, "min_pressure": 1001.0, "category": 0}, "geometry": {"type": "LineString", "coordinates": [[-53.6, 12.9], [-55.4, 13.2], [-57.4, 13.5], [-59.5, 13.6], [-61.6, 13.6], [-63.7, 13.7], [-65.7, 14.0], [-67.7, 14.9], [-69.7, 16.0], [-71.5, 16.5], [-73.0, 17.0], [-74.6, 17.1], [-76.2, 17.2], [-77.2, 17.0], [-78.2, 17.1], [-79.2, 17.4], [-80.2, 17.8], [-81.1, 18.4], [-81.9, 19.0], [-82.7, 19.7], [-83.5, 20.3], [-84.3, 20.9], [-85.5, 21.5], [-86.6, 22.0], [-87.6, 22.5], [-88.3, 22.9], [-89.0, 23.1], [-89.8, 23.4], [-90.6, 24.0], [-90.6, 24.4], [-90.6, 24.7], [-90.6, 25.2], [-90.4, 25.7], [-89.6, 26.4], [-88.8, 27.0], [-88.1, 27.7], [-86.1, 29.0], [-85.1, 29.6], [-84.0, 30.2], [-81.3, 31.9], [-79.0, 33.5], [-76.5, 35.5], [-74.9, 37.1], [-73.5, 39.0]]}}, {"type": "Feature", "properties": {"storm_id": "AL032004", "name": "CHARLEY", "year": 2004, "max_wind": 130.0, "min_pressure": 941.0, "category": 4}, "geometry": {"type": "LineString", "coordinates": [[-59.2, 11.4], [-61.1, 11.7], [-63.2, 12.2], [-65.3, 12.9], [-67.6, 13.8], [-69.8, 14.9], [-71.8, 15.6], [-73.7, 16.0], [-75.4, 16.3], [-76.8, 16.7], [-78.1, 17.4], [-79.3, 18.2], [-80.7, 19.2], [-81.6, 20.5], [-82.2, 21.7], [-82.6, 22.7], [-82.6, 23.0], [-82.9, 24.4], [-82.4, 26.1], [-82.2, 26.6], [-82.1, 26.9], [-81.6, 28.1], [-80.8, 30.1], [-79.7, 32.3], [-79.4, 33.0], [-78.7, 33.8], [-78.1, 34.5], [-75.9, 36.9], [-73.8, 39.3], [-71.1, 41.2]]}}, {"type": "Feature", "properties": {"storm_id": "AL042004", "name": "DANIELLE", "year": 2004, "max_wind": 95.0, "min_pressure": 964.0, "category": 2}, "geometry": {"type": "LineString", "coordinates": [[-21.8, 12.3], [-23.0, 12.4], [-24.2, 12.6], [-25.5, 12.9], [-26.8, 13.2], [-28.1, 13.5], [-29.3, 13.8], [-30.8, 14.1], [-32.1, 14.7], [-33.5, 15.2], [-34.8, 16.0], [-36.0, 16.8], [-37.2, 17.7], [-38.2, 19.0], [-38.9, 20.3], [-39.6, 21.7], [-40.0, 23.3], [-40.3, 24.6], [-40.6, 25.9], [-40.3, 27.3], [-39.8, 28.1], [-38.9, 28.9], [-37.8, 29.3], [-37.7, 29.7], [-37.7, 29.9], [-37.2, 29.9], [-36.8, 29.8], [-37.0, 30.2], [-37.2, 30.5], [-37.6, 30.9], [-38.0, 30.9], [-38.6, 30.6], [-38.9, 30.7], [-39.2, 30.5], [-39.8, 30.3], [-40.3, 30.2], [-40.8, 30.3], [-41.2, 30.4], [-42.0, 30.8], [-42.5, 31.7], [-43.3, 32.3], [-43.8, 33.1], [-44.2, 33.9], [-44.6, 34.7], [-45.0, 35.5], [-45.2, 36.4]]}}, {"type": "Feature", "properties": {"storm_id": "AL052004", "name": "EARL", "year": 2004, "max_wind": 45.0, "min_pressure": 1009.0, "category": 0}, "geometry": {"type": "LineString", "coordinates": [[-45.6, 9.0], [-47.4, 9.2], [-49.2, 9.6], [-51.4, 10.1], [-53.5, 10.5], [-55.9, 11.0], [-58.3, 11.5], [-60.8, 11.8], [-62.8, 12.1]]}}, {"type": "Feature", "properties": {"storm_id": "AL062004", "name": "FRANCES", "year": 2004, "max_wind": 125.0, "min_pressure": 935.0, "category": 4}, "geometry": {"type": "LineString", "coordinates": [[-35.2, 11.1], [-36.8, 11.2], [-38.3, 11.3], [-39.8, 11.5], [-41.5, 11.9], [-42.9, 12.3], [-44.5, 12.8], [-45.8, 13.3], [-46.8, 13.7], [-47.8, 14.2], [-48.5, 14.7], [-49.3, 15.4], [-50.0, 15.9], [-50.9, 16.6], [-51.6, 17.2], [-52.3, 17.7], [-52.9, 18.1], [-53.6, 18.4], [-54.4, 18.6], [-55.0, 18.8], [-55.8, 18.9], [-56.8, 19.0], [-58.1, 19.2], [-59.3, 19.4], [-60.7, 19.6], [-62.1, 19.8], [-63.5, 20.0], [-65.0, 20.3], [-66.4, 20.6], [-67.9, 21.0], [-68.1, 21.1], [-69.1, 21.4], [-70.4, 21.8], [-71.4, 22.2], [-72.5, 22.7], [-72.8, 22.8], [-73.5, 23.2], [-74.3, 23.8], [-74.5, 24.0], [-75.0, 24.2], [-75.6, 24.6], [-75.7, 24.7], [-76.1, 25.1], [-76.3, 25.3], [-77.1, 25.7], [-77.5, 26.0], [-77.9, 26.4], [-78.2, 26.6], [-78.5, 26.8], [-79.1, 26.8], [-79.4, 27.0], [-80.2, 27.2], [-80.2, 27.2], [-80.7, 27.4], [-81.7, 27.8], [-82.3, 28.1], [-83.3, 28.6], [-83.7, 29.2], [-84.0, 30.1], [-84.6, 31.0], [-85.0, 31.5], [-85.2, 32.0], [-85.1, 32.5], [-84.7, 33.4], [-84.3, 34.3], [-83.2, 36.1], [-82.1, 37.8], [-81.3, 38.7], [-80.0, 40.5], [-77.7, 42.8], [-75.7, 44.3], [-73.3, 45.3], [-70.5, 46.2], [-67.3, 46.6], [-64.2, 47.2]]}}, {"type": "Feature", "properties": {"storm_id": "AL072004", "name": "GASTON", "year": 2004, "max_wind": 65.0, "min_pressure": 985.0, "category": 1}, "geometry": {"type": "LineString", "coordinates": [[-78.1, 31.8], [-78.0, 31.6], [-78.0, 31.4], [-78.2, 31.3], [-78.5, 31.3], [-78.8, 31.3], [-79.1, 31.5], [-79.4, 32.1], [-79.5, 32.8], [-79.6, 33.0], [-79.6, 33.5], [-79.4, 34.2], [-79.1, 34.9], [-78.7, 35.6], [-77.8, 36.4], [-76.6, 37.2], [-74.8, 38.1], [-72.9, 39.1], [-70.5, 40.2], [-67.5, 41.0], [-63.5, 41.7], [-59.6, 43.0], [-55.0, 45.0], [-50.0, 47.0], [-44.0, 48.5], [-38.0, 50.0], [-32.0, 51.1], [-28.9, 52.0]]}}, {"type": "Feature", "properties": {"storm_id": "AL082004", "name": "HERMINE", "year": 2004, "max_wind": 50.0, "min_pressure": 1002.0, "category": 0}, "geometry": {"type": "LineString", "coordinates": [[-65.2, 29.0], [-65.7, 29.0], [-66.2, 29.1], [-66.6, 29.2], [-67.2, 29.7], [-68.4, 30.1], [-69.2, 30.5], [-69.8, 31.1], [-70.5, 31.8], [-71.1, 32.6], [-71.5, 33.8], [-71.5, 35.8], [-71.4, 37.6], [-71.3, 39.9], [-70.9, 41.5], [-70.5, 43.1]]}}, {"type": "Feature", "properties": {"storm_id": "AL092004", "name": "IVAN", "year": 2004, "max_wind": 145.0, "min_pressure": 910.0, "category": 5}, "geometry": {"type": "LineString", "coordinates": [[-27.6, 9.7], [-28.7, 9.7], [-30.3, 9.7], [-32.1, 9.5], [-33.6, 9.3], [-35.0, 9.1], [-36.5, 8.9], [-38.2, 8.9], [-39.9, 9.0], [-41.4, 9.3], [-43.4, 9.5], [-45.1, 9.8], [-46.8, 10.2], [-48.5, 10.6], [-50.5, 10.8], [-52.5, 11.0], [-54.4, 11.3], [-56.1, 11.2], [-57.8, 11.3], [-59.4, 11.6], [-61.1, 11.8], [-61.8, 11.9], [-62.6, 12.0], [-64.1, 12.3], [-65.5, 12.6], [-67.0, 13.0], [-68.3, 13.3], [-69.5, 13.7], [-70.8, 14.2], [-71.9, 14.7], [-72.8, 15.2], [-73.8, 15.7], [-74.7, 16.2], [-75.8, 16.8], [-76.5, 17.3], [-77.2, 17.4], [-77.6, 17.4], [-78.4, 17.7], [-79.0, 18.0], [-79.6, 18.2], [-80.4, 18.4], [-81.2, 18.8], [-81.5, 18.9], [-82.1, 19.1], [-82.8, 19.5], [-83.5, 19.9], [-84.1, 20.4], [-84.7, 20.9], [-84.8, 21.2], [-85.1, 21.6], [-85.2, 21.7], [-85.6, 22.4], [-86.0, 23.0], [-86.5, 23.7], [-87.0, 24.7], [-87.4, 25.6], [-87.9, 26.7], [-88.2, 27.9], [-88.2, 28.9], [-87.9, 30.0], [-87.9, 30.2], [-87.7, 31.4], [-87.4, 32.5], [-86.5, 33.8], [-85.7, 34.7], [-84.0, 35.4], [-82.3, 36.2], [-80.5, 37.0], [-78.5, 37.7], [-76.7, 38.4], [-75.5, 38.0], [-74.0, 37.5], [-74.0, 36.0], [-74.5, 34.5], [-75.8, 32.8], [-77.5, 31.0], [-78.5, 29.0], [-78.7, 27.5], [-79.1, 26.4], [-79.7, 26.1], [-80.6, 25.9], [-81.7, 25.8], [-82.8, 25.2], [-84.1, 24.8], [-86.1, 25.1], [-87.3, 26.0], [-88.6, 26.5], [-89.5, 27.1], [-91.0, 27.9], [-92.2, 28.9], [-92.7, 29.2], [-93.2, 29.6], [-93.6, 29.8], [-94.2, 30.1]]}}, {"type": "Feature", "properties": {"storm_id": "AL102004", "name": "AL102004", "year": 2004, "max_wind": 30.0, "min_pressure": 1009.0, "category": 0}, "geometry": {"type": "LineString", "coordinates": [[-39.7, 31.5], [-39.3, 31.7], [-38.7, 32.0], [-38.1, 32.3], [-37.1, 32.8], [-36.0, 33.8], [-35.0, 35.3], [-34.3, 36.2], [-33.6, 36.5], [-33.4, 36.0], [-32.3, 35.7], [-31.0, 35.5], [-29.5, 35.3]]}}, {"type": "Feature", "properties": {"storm_id": "AL112004", "name": "JEANNE", "year": 2004, "max_wind": 105.0, "min_pressure": 950.0, "category": 3}, "geometry": {"type": "LineString", "coordinates": [[-60.0, 15.9], [-60.7, 16.0], [-61.3, 16.2], [-61.5, 16.3], [-62.6, 16.4], [-63.5, 16.7], [-64.0, 17.1], [-64.8, 17.2], [-65.4, 17.6], [-66.0, 18.0], [-66.2, 18.1], [-67.1, 18.5], [-67.8, 18.6], [-68.3, 18.6], [-68.5, 18.6], [-69.0, 18.8], [-69.4, 19.2], [-69.9, 19.4], [-70.7, 19.7], [-71.6, 20.0], [-72.0, 20.2], [-72.5, 20.4], [-72.8, 21.2], [-72.3, 21.7], [-72.2, 22.2], [-72.3, 22.8], [-72.5, 23.5], [-72.3, 24.2], [-72.1, 24.8], [-72.0, 25.5], [-71.7, 26.6], [-71.4, 27.2], [-70.8, 27.4], [-70.2, 27.6], [-69.5, 27.6], [-69.2, 27.4], [-68.9, 27.2], [-68.7, 26.8], [-68.5, 26.5], [-68.8, 26.2], [-69.0, 25.7], [-69.3, 25.5], [-69.6, 25.5], [-70.0, 25.8], [-70.4, 26.0], [-71.2, 26.1], [-72.2, 26.2], [-73.1, 26.4], [-74.3, 26.4], [-75.6, 26.5], [-76.9, 26.6], [-77.3, 26.7], [-78.2, 26.9], [-79.4, 27.1], [-80.2, 27.2], [-80.6, 27.3], [-81.6, 27.7], [-82.3, 28.3], [-82.7, 29.3], [-83.3, 30.1], [-83.9, 31.1], [-83.6, 32.5], [-83.2, 33.2], [-82.4, 34.1], [-81.0, 35.4], [-78.4, 37.3], [-76.4, 38.3], [-74.7, 38.8], [-72.5, 38.5]]}}, {"type": "Feature", "properties": {"storm_id": "AL122004", "name": "KARL", "year": 2004, "max_wind": 125.0, "min_pressure": 938.0, "category": 4}, "geometry": {"type": "LineString", "coordinates": [[-29.2, 11.2], [-30.7, 11.2], [-32.1, 11.2], [-33.3, 11.2], [-34.4, 11.6], [-35.3, 12.1], [-36.0, 13.0], [-37.0, 13.9], [-38.0, 14.5], [-38.8, 15.0], [-39.7, 15.6], [-40.8, 15.9], [-41.6, 16.0], [-42.4, 16.3], [-43.4, 16.7], [-44.5, 16.8], [-45.2, 17.0], [-46.0, 17.5], [-46.5, 18.1], [-47.0, 18.7], [-47.3, 19.6], [-47.8, 20.8], [-48.3, 22.3], [-48.8, 23.7], [-49.4, 24.9], [-49.5, 26.2], [-48.7, 27.5], [-47.7, 29.0], [-46.3, 30.7], [-44.4, 32.5], [-43.0, 34.5], [-41.9, 36.8], [-41.2, 39.5], [-40.5, 42.6], [-40.5, 45.5], [-40.5, 48.1], [-38.9, 50.4], [-36.5, 53.0], [-32.0, 56.1], [-26.0, 59.5], [-17.0, 62.0], [-8.0, 63.5], [-2.0, 64.0], [2.5, 64.0], [7.0, 64.5], [10.5, 65.0], [12.0, 65.3], [13.5, 65.5]]}}, {"type": "Feature", "properties": {"storm_id": "AL132004", "name": "LISA", "year": 2004, "max_wind": 65.0, "min_pressure": 987.0, "category": 1}, "geometry": {"type": "LineString", "coordinates": [[-32.4, 13.3], [-33.3, 13.3], [-34.3, 13.4], [-35.4, 13.5], [-36.4, 13.7], [-37.4, 13.7], [-38.3, 13.9], [-39.1, 14.1], [-39.7, 14.3], [-40.2, 14.4], [-40.6, 14.4], [-41.1, 14.2], [-41.5, 13.9], [-41.4, 13.2], [-40.6, 13.0], [-40.0, 13.1], [-40.5, 14.3], [-41.7, 14.3], [-42.4, 13.8], [-43.2, 13.9], [-43.8, 14.0], [-44.4, 14.3], [-44.9, 14.9], [-45.4, 15.7], [-45.7, 16.7], [-45.8, 17.4], [-45.9, 18.0], [-46.0, 18.7], [-46.0, 19.2], [-46.0, 19.6], [-46.1, 20.0], [-46.2, 20.6], [-46.2, 21.3], [-46.4, 22.0], [-46.5, 23.0], [-46.5, 24.3], [-46.5, 25.4], [-46.4, 26.4], [-46.2, 27.5], [-45.8, 28.9], [-45.8, 30.1], [-46.1, 31.1], [-46.7, 32.0], [-47.3, 32.4], [-47.8, 33.1], [-47.8, 34.1], [-47.6, 35.1], [-47.0, 36.3], [-45.8, 37.7], [-43.8, 38.9], [-41.6, 40.3], [-39.1, 41.6], [-36.0, 42.8], [-33.0, 43.8], [-30.0, 44.5]]}}, {"type": "Feature", "properties": {"storm_id": "AL142004", "name": "MATTHEW", "year": 2004, "max_wind": 40.0, "min_pressure": 997.0, "category": 0}, "geometry": {"type": "LineString", "coordinates": [[-95.4, 24.0], [-94.2, 24.1], [-93.7, 24.6], [-93.2, 25.3], [-92.8, 26.3], [-92.0, 26.8], [-91.4, 27.3], [-91.2, 28.1], [-91.0, 29.2], [-90.9, 29.4], [-90.9, 30.4], [-91.0, 32.0], [-91.9, 33.6]]}}, {"type": "Feature", "properties": {"storm_id": "AL152004", "name": "NICOLE", "year": 2004, "max_wind": 45.0, "min_pressure": 986.0, "category": 0}, "geometry": {"type": "LineString", "coordinates": [[-65.2, 30.0], [-66.3, 31.0], [-66.5, 31.5], [-66.5, 32.1], [-65.5, 32.9], [-63.9, 34.3], [-61.8, 36.0], [-60.5, 38.5]]}}, {"type": "Feature", "properties": {"storm_id": "AL162004", "name": "OTTO", "year": 2004, "max_wind": 45.0, "min_pressure": 995.0, "category": 0}, "geometry": {"type": "LineString", "coordinates": [[-40.0, 28.0], [-41.0, 27.3], [-41.9, 26.5], [-42.5, 26.8], [-43.2, 26.8], [-43.8, 26.7], [-44.3, 26.4], [-44.4, 26.2], [-44.1, 26.3], [-43.9, 27.4], [-44.0, 28.2], [-45.1, 28.7], [-46.5, 28.8], [-47.8, 29.0], [-47.9, 29.6], [-48.8, 30.2], [-49.7, 30.7], [-50.5, 30.9], [-51.0, 31.3], [-51.0, 31.7], [-50.9, 31.8], [-50.8, 31.9], [-50.4, 31.6], [-50.1, 31.0], [-49.9, 30.5], [-50.1, 29.9], [-50.4, 29.1], [-50.1, 28.5], [-50.1, 27.9], [-50.2, 27.2], [-50.3, 26.5], [-50.6, 26.2], [-50.2, 25.8], [-50.1, 25.4], [-50.4, 25.0], [-50.9, 25.1], [-51.1, 25.5], [-51.1, 25.9], [-51.4, 26.1]]}}, {"type": "Feature", "properties": {"storm_id": "AL012005", "name": "ARLENE", "year": 2005, "max_wind": 60.0, "min_pressure": 989.0, "category": 0}, "geometry": {"type": "LineString", "coordinates": [[-84.0, 16.9], [-83.9, 17.4], [-83.9, 18.2], [-84.0, 19.0], [-84.1, 19.7], [-84.2, 20.4], [-84.4, 21.2], [-84.5, 21.8], [-84.7, 23.0], [-85.1, 24.9], [-85.6, 26.5], [-85.6, 26.5], [-86.8, 27.7], [-87.2, 28.9], [-87.5, 30.1], [-87.5, 30.3], [-87.6, 31.4], [-87.7, 32.7], [-88.0, 35.0], [-87.8, 37.0], [-87.5, 38.5], [-86.0, 40.5], [-85.0, 42.0], [-84.0, 43.0], [-81.1, 43.7], [-77.6, 44.8]]}}, {"type": "Feature", "properties": {"storm_id": "AL022005", "name": "BRET", "year": 2005, "max_wind": 35.0, "min_pressure": 1002.0, "category": 0}, "geometry": {"type": "LineString", "coordinates": [[-95.4, 19.7], [-95.7, 19.9], [-95.8, 20.0], [-96.4, 20.4], [-97.3, 20.8], [-98.1, 21.4], [-98.5, 22.0]]}}, {"type": "Feature", "properties": {"storm_id": "AL032005", "name": "CINDY", "year": 2005, "max_wind": 65.0, "min_pressure": 991.0, "category": 1}, "geometry": {"type": "LineString", "coordinates": [[-86.7, 18.3], [-87.2, 18.6], [-87.6, 19.0], [-87.9, 19.3], [-88.5, 20.9], [-89.0, 22.3], [-89.7, 23.9], [-90.2, 25.1], [-90.4, 26.4], [-90.5, 27.6], [-90.3, 28.5], [-90.1, 29.2], [-90.0, 29.6], [-89.5, 30.2], [-88.9, 30.8], [-88.1, 31.6], [-87.2, 32.4], [-86.2, 33.2], [-84.1, 34.6], [-81.8, 35.6], [-80.0, 37.1], [-78.3, 37.8], [-76.7, 38.4], [-74.8, 39.1], [-72.0, 39.5], [-70.7, 40.8], [-69.8, 41.6], [-69.6, 43.5], [-69.8, 44.9], [-70.0, 45.5], [-67.6, 46.5], [-66.4, 48.0], [-64.5, 48.5], [-62.5, 48.5]]}}, {"type": "Feature", "properties": {"storm_id": "AL042005", "name": "DENNIS", "year": 2005, "max_wind": 130.0, "min_pressure": 930.0, "category": 4}, "geometry": {"type": "LineString", "coordinates": [[-60.8, 12.0], [-61.6, 12.1], [-62.5, 12.2], [-64.2, 12.5], [-65.9, 13.0], [-67.3, 13.6], [-68.5, 14.3], [-69.7, 14.7], [-70.9, 15.1], [-71.9, 15.6], [-73.0, 16.2], [-74.1, 16.7], [-74.9, 17.6], [-76.1, 18.5], [-77.1, 19.4], [-77.6, 19.9], [-78.4, 20.3], [-79.5, 20.9], [-80.6, 22.0], [-80.7, 22.1], [-81.6, 22.7], [-82.5, 23.4], [-83.4, 24.3], [-84.2, 25.2], [-85.0, 26.1], [-85.8, 27.2], [-86.3, 28.5], [-86.9, 29.9], [-87.1, 30.4], [-87.7, 31.5], [-88.5, 32.6], [-88.8, 33.9], [-89.1, 35.3], [-89.2, 36.4], [-89.0, 37.1], [-88.7, 37.7], [-88.3, 38.1], [-87.8, 38.5], [-87.2, 38.9], [-86.5, 39.2], [-85.8, 39.2], [-85.7, 39.2], [-85.6, 39.0], [-85.6, 38.7], [-85.6, 38.4], [-85.8, 38.1], [-86.2, 37.9], [-86.4, 38.1], [-86.6, 38.4], [-86.8, 38.6], [-86.5, 39.4], [-86.2, 40.2], [-85.2, 40.8], [-84.1, 41.3], [-83.2, 42.2], [-82.3, 43.1], [-81.4, 43.9], [-80.5, 44.6], [-79.8, 45.8]]}}, {"type": "Feature", "properties": {"storm_id": "AL052005", "name": "EMILY", "year": 2005, "max_wind": 140.0, "min_pressure": 929.0, "category": 5}, "geometry": {"type": "LineString", "coordinates": [[-42.4, 10.7], [-43.4, 10.8], [-44.4, 10.9], [-45.4, 11.0], [-46.8, 11.0], [-48.5, 11.0], [-50.2, 11.0], [-52.0, 11.0], [-53.7, 11.0], [-55.4, 11.1], [-57.2, 11.2], [-58.9, 11.4], [-60.2, 11.6], [-61.5, 11.9], [-61.8, 12.0], [-63.2, 12.4], [-64.9, 12.9], [-66.7, 13.3], [-68.4, 13.7], [-70.1, 14.1], [-71.8, 14.5], [-73.4, 14.9], [-75.0, 15.4], [-76.5, 15.9], [-78.0, 16.4], [-79.5, 17.1], [-81.2, 17.7], [-82.8, 18.3], [-84.3, 18.9], [-85.8, 19.5], [-87.3, 20.3], [-87.4, 20.3], [-88.9, 21.3], [-90.3, 22.0], [-91.5, 22.6], [-92.8, 23.2], [-94.0, 23.7], [-95.1, 24.1], [-96.1, 24.4], [-96.9, 24.6], [-97.6, 24.8], [-98.7, 25.0], [-99.7, 25.0], [-100.5, 25.0], [-101.1, 25.0]]}}, {"type": "Feature", "properties": {"storm_id": "AL062005", "name": "FRANKLIN", "year": 2005, "max_wind": 60.0, "min_pressure": 997.0, "category": 0}, "geometry": {"type": "LineString", "coordinates": [[-75.0, 25.0], [-75.9, 25.7], [-76.4, 26.2], [-76.8, 26.6], [-76.7, 27.4], [-76.6, 28.1], [-76.1, 28.7], [-75.4, 29.2], [-74.7, 29.7], [-73.5, 30.1], [-72.6, 30.3], [-71.9, 30.7], [-71.2, 31.1], [-71.2, 31.1], [-70.5, 31.0], [-69.8, 30.9], [-69.6, 30.9], [-68.6, 30.9], [-68.2, 31.2], [-68.1, 31.7], [-68.3, 32.2], [-68.5, 32.4], [-68.8, 32.8], [-69.1, 33.2], [-69.3, 33.6], [-69.4, 34.2], [-69.3, 35.0], [-69.1, 36.0], [-68.0, 37.1], [-66.6, 38.4], [-64.8, 39.6], [-62.8, 40.8], [-60.2, 42.2], [-57.5, 43.5], [-54.6, 44.7], [-51.7, 45.8], [-48.8, 46.4], [-46.0, 47.5]]}}, {"type": "Feature", "properties": {"storm_id": "AL072005", "name": "GERT", "year": 2005, "max_wind": 40.0, "min_pressure": 1005.0, "category": 0}, "geometry": {"type": "LineString", "coordinates": [[-92.9, 19.3], [-93.8, 19.8], [-95.0, 20.8], [-95.8, 21.0], [-96.6, 21.4], [-97.6, 21.8], [-98.6, 22.3], [-100.0, 22.5], [-101.4, 22.5]]}}, {"type": "Feature", "properties": {"storm_id": "AL082005", "name": "HARVEY", "year": 2005, "max_wind": 55.0, "min_pressure": 994.0, "category": 0}, "geometry": {"type": "LineString", "coordinates": [[-68.8, 28.2], [-68.7, 28.9], [-68.6, 29.5], [-68.3, 30.3], [-67.7, 30.9], [-66.4, 31.3], [-65.0, 31.6], [-63.6, 31.9], [-62.1, 32.0], [-60.5, 32.1], [-59.4, 32.4], [-58.5, 32.5], [-57.7, 32.5], [-57.1, 32.6], [-56.8, 33.0], [-56.7, 33.5], [-56.7, 33.5], [-55.5, 34.1], [-54.9, 35.1], [-54.0, 36.0], [-52.9, 36.8], [-51.9, 37.6], [-50.7, 38.6], [-48.6, 39.6], [-46.9, 40.4], [-45.0, 41.2], [-43.0, 41.8], [-41.1, 42.3], [-39.0, 43.0], [-37.1, 44.0], [-35.2, 44.5], [-34.1, 44.5], [-33.1, 44.4], [-32.2, 44.2], [-31.5, 43.9], [-31.0, 43.5], [-30.7, 43.3], [-30.5, 43.0], [-30.8, 42.5], [-31.4, 42.0], [-31.5, 41.3], [-31.5, 40.7], [-31.5, 40.5], [-31.5, 40.5], [-32.0, 41.2], [-32.5, 42.0]]}}, {"type": "Feature", "properties": {"storm_id": "AL092005", "name": "IRENE", "year": 2005, "max_wind": 90.0, "min_pressure": 970.0, "category": 2}, "geometry": {"type": "LineString", "coordinates": [[-33.5, 12.9], [-34.5, 13.6], [-35.5, 14.6], [-36.8, 15.6], [-38.4, 16.6], [-39.8, 17.2], [-40.5, 17.7], [-41.6, 18.2], [-42.8, 18.8], [-43.5, 19.3], [-44.2, 19.7], [-45.0, 20.2], [-46.0, 20.8], [-47.2, 21.3], [-48.3, 21.8], [-49.9, 22.2], [-50.9, 22.4], [-52.0, 22.5], [-52.9, 22.4], [-53.7, 22.4], [-54.8, 22.4], [-55.7, 22.4], [-56.5, 22.3], [-57.2, 22.4], [-58.1, 22.8], [-59.3, 23.3], [-60.4, 23.9], [-61.7, 24.7], [-62.9, 25.4], [-63.8, 26.3], [-65.1, 27.2], [-66.3, 27.9], [-67.1, 28.4], [-67.7, 28.9], [-68.2, 29.6], [-69.0, 30.0], [-69.4, 30.8], [-69.9, 31.6], [-70.2, 32.1], [-70.1, 33.1], [-70.0, 34.0], [-69.5, 34.9], [-68.7, 35.7], [-67.7, 36.3], [-66.5, 36.5], [-65.1, 36.6], [-64.0, 36.6], [-63.0, 36.6], [-62.0, 36.5], [-61.3, 36.5], [-60.6, 36.5], [-59.1, 36.9], [-57.3, 37.6], [-55.0, 38.6], [-52.3, 40.3], [-48.9, 43.3]]}}, {"type": "Feature", "properties": {"storm_id": "AL102005", "name": "TEN", "year": 2005, "max_wind": 30.0, "min_pressure": 1008.0, "category": 0}, "geometry": {"type": "LineString", "coordinates": [[-43.6, 13.3], [-44.7, 13.8], [-45.7, 13.8], [-46.0, 13.4], [-46.4, 13.5], [-46.7, 13.9], [-47.4, 14.4], [-48.4, 14.5], [-49.3, 14.6], [-49.9, 14.8], [-50.4, 15.1], [-51.1, 15.5], [-52.0, 16.0], [-53.2, 16.1], [-54.1, 16.1], [-54.9, 16.1], [-55.6, 16.7], [-56.6, 17.1], [-57.7, 17.3], [-58.9, 17.6], [-60.1, 18.0]]}}, {"type": "Feature", "properties": {"storm_id": "AL112005", "name": "JOSE", "year": 2005, "max_wind": 50.0, "min_pressure": 998.0, "category": 0}, "geometry": {"type": "LineString", "coordinates": [[-94.5, 19.4], [-95.0, 19.6], [-95.7, 19.7], [-96.4, 19.7], [-96.7, 19.7], [-97.7, 19.7]]}}, {"type": "Feature", "properties": {"storm_id": "AL122005", "name": "KATRINA", "year": 2005, "max_wind": 150.0, "min_pressure": 902.0, "category": 5}, "geometry": {"type": "LineString", "coordinates": [[-75.1, 23.1], [-75.7, 23.4], [-76.2, 23.8], [-76.5, 24.5], [-76.9, 25.4], [-77.7, 26.0], [-78.4, 26.1], [-79.0, 26.2], [-79.6, 26.2], [-80.1, 26.0], [-80.3, 25.9], [-81.3, 25.4], [-82.0, 25.1], [-82.6, 24.9], [-83.3, 24.6], [-84.0, 24.4], [-84.7, 24.4], [-85.3, 24.5], [-85.9, 24.8], [-86.7, 25.2], [-87.7, 25.7], [-88.6, 26.3], [-89.2, 27.2], [-89.6, 28.2], [-89.6, 29.3], [-89.6, 29.5], [-89.6, 30.2], [-89.6, 31.1], [-89.1, 32.6], [-88.6, 34.1], [-88.0, 35.6], [-87.0, 37.0], [-85.3, 38.6], [-82.9, 40.1]]}}, {"type": "Feature", "properties": {"storm_id": "AL132005", "name": "LEE", "year": 2005, "max_wind": 35.0, "min_pressure": 1006.0, "category": 0}, "geometry": {"type": "LineString", "coordinates": [[-45.1, 14.0], [-46.4, 14.9], [-47.6, 15.7], [-48.9, 17.0], [-50.6, 17.7], [-52.5, 18.5], [-53.2, 20.5], [-53.6, 22.1], [-54.2, 24.2], [-53.6, 25.5], [-52.7, 26.9], [-51.6, 28.0], [-50.4, 29.0], [-50.1, 30.1], [-50.3, 31.1], [-51.2, 31.9], [-51.4, 31.9], [-51.5, 32.3], [-52.0, 32.4], [-52.3, 32.6], [-52.3, 33.2], [-52.7, 33.9], [-53.2, 34.7], [-53.9, 35.5], [-54.2, 36.6], [-53.9, 37.4]]}}, {"type": "Feature", "properties": {"storm_id": "AL142005", "name": "MARIA", "year": 2005, "max_wind": 100.0, "min_pressure": 962.0, "category": 3}, "geometry": {"type": "LineString", "coordinates": [[-45.5, 18.8], [-46.2, 19.3], [-47.2, 19.9], [-48.3, 20.5], [-49.4, 21.1], [-50.2, 21.5], [-51.0, 22.0], [-52.0, 23.0], [-53.1, 24.4], [-54.0, 25.5], [-54.6, 26.5], [-55.1, 27.5], [-55.5, 28.6], [-56.0, 29.6], [-56.5, 30.2], [-56.8, 30.9], [-56.8, 31.5], [-56.7, 32.1], [-56.6, 32.6], [-56.5, 33.0], [-56.0, 33.5], [-55.4, 33.9], [-54.6, 34.4], [-53.3, 34.8], [-51.8, 35.6], [-50.8, 36.5], [-49.9, 37.2], [-49.0, 37.9], [-48.0, 38.7], [-47.2, 39.1], [-46.4, 39.4], [-44.9, 39.8], [-43.4, 40.4], [-42.1, 41.1], [-40.6, 41.9], [-39.2, 42.9], [-37.7, 44.5], [-36.3, 46.0], [-35.0, 48.0], [-34.0, 50.0], [-32.9, 52.0], [-32.0, 54.0], [-31.0, 55.5], [-29.0, 57.0], [-26.0, 58.5], [-23.0, 61.0], [-21.0, 62.0], [-19.0, 62.9], [-16.0, 63.5], [-10.0, 63.0], [-0.0, 63.0]]}}, {"type": "Feature", "properties": {"storm_id": "AL152005", "name": "NATE", "year": 2005, "max_wind": 80.0, "min_pressure": 979.0, "category": 1}, "geometry": {"type": "LineString", "coordinates": [[-67.0, 28.4], [-66.6, 28.4], [-66.5, 28.5], [-66.5, 28.5], [-66.4, 28.6], [-66.3, 28.7], [-66.3, 28.7], [-66.2, 28.9], [-66.0, 29.3], [-65.7, 29.6], [-65.0, 30.0], [-63.8, 30.5], [-62.7, 31.4], [-61.1, 32.6], [-59.1, 33.4], [-55.8, 34.0], [-53.4, 34.5], [-50.8, 34.7], [-49.0, 34.6], [-45.9, 34.5], [-44.1, 34.9], [-42.1, 35.2], [-40.6, 36.0], [-38.3, 37.4], [-35.6, 39.2], [-33.3, 41.6], [-32.0, 43.5], [-28.1, 44.0], [-25.0, 46.0]]}}, {"type": "Feature", "properties": {"storm_id": "AL162005", "name": "OPHELIA", "year": 2005, "max_wind": 75.0, "min_pressure": 976.0, "category": 1}, "geometry": {"type": "LineString", "coordinates": [[-78.6, 25.8], [-78.3, 26.3], [-78.3, 26.6], [-78.3, 26.8], [-78.5, 27.4], [-78.8, 27.9], [-79.2, 28.7], [-79.3, 28.8], [-79.3, 28.8], [-79.6, 28.7], [-79.6, 28.6], [-79.5, 28.6], [-79.3, 28.6], [-79.3, 28.9], [-79.1, 29.3], [-78.5, 29.8], [-77.5, 30.2], [-76.9, 30.9], [-76.6, 31.5], [-76.2, 31.7], [-75.9, 31.8], [-75.9, 31.7], [-75.7, 31.6], [-75.9, 31.4], [-76.2, 31.2], [-76.6, 31.2], [-76.9, 31.5], [-77.3, 31.7], [-77.7, 31.8], [-77.9, 31.9], [-78.0, 32.1], [-78.1, 32.3], [-78.1, 32.6], [-78.0, 32.9], [-77.7, 33.4], [-77.5, 33.9], [-76.9, 34.2], [-76.3, 34.5], [-75.8, 34.7], [-75.6, 34.7], [-75.1, 34.6], [-74.8, 34.7], [-74.4, 35.4], [-73.6, 36.4], [-72.7, 37.3], [-71.4, 38.7], [-69.7, 40.0], [-67.3, 41.6], [-64.9, 43.2], [-62.6, 44.8], [-59.9, 46.2], [-56.2, 47.4], [-52.3, 48.4], [-48.8, 49.0], [-45.7, 49.5], [-42.1, 50.0], [-38.5, 50.9], [-34.7, 51.5], [-30.5, 52.2], [-26.5, 52.8], [-22.0, 53.8], [-17.7, 55.3], [-14.6, 57.6], [-11.9, 59.8], [-8.4, 61.7], [-4.5, 63.6], [-1.0, 65.6], [1.9, 67.5], [6.6, 68.8]]}}, {"type": "Feature", "properties": {"storm_id": "AL172005", "name": "PHILIPPE", "year": 2005, "max_wind": 70.0, "min_pressure": 985.0, "category": 1}, "geometry": {"type": "LineString", "coordinates": [[-54.5, 13.3], [-54.9, 13.5], [-55.1, 13.9], [-55.3, 14.4], [-55.5, 14.9], [-55.7, 15.6], [-55.8, 16.2], [-55.9, 16.7], [-56.2, 17.2], [-56.4, 17.5], [-56.6, 17.7], [-56.8, 17.9], [-57.0, 18.1], [-57.2, 18.5], [-57.2, 18.9], [-57.1, 19.4], [-57.0, 19.9], [-56.9, 20.8], [-56.7, 22.4], [-56.8, 23.8], [-57.2, 25.2], [-57.6, 26.7], [-58.2, 28.3], [-60.1, 30.2], [-62.2, 30.5], [-63.7, 30.2], [-63.8, 29.2], [-62.8, 28.6]]}}, {"type": "Feature", "properties": {"storm_id": "AL182005", "name": "RITA", "year": 2005, "max_wind": 155.0, "min_pressure": 895.0, "category": 5}, "geometry": {"type": "LineString", "coordinates": [[-69.9, 21.3], [-70.7, 21.6], [-71.5, 21.9], [-72.3, 22.2], [-73.0, 22.4], [-73.8, 22.6], [-74.7, 22.8], [-75.9, 23.1], [-77.2, 23.3], [-78.8, 23.5], [-80.3, 23.7], [-81.6, 23.9], [-82.7, 24.1], [-84.0, 24.2], [-85.2, 24.2], [-86.2, 24.3], [-86.9, 24.5], [-87.3, 24.7], [-87.6, 24.8], [-88.3, 25.2], [-89.1, 25.6], [-89.9, 26.0], [-90.7, 26.5], [-91.5, 27.1], [-92.3, 27.8], [-93.0, 28.6], [-93.6, 29.4], [-93.7, 29.7], [-94.1, 30.5], [-94.1, 31.6], [-94.0, 32.7], [-93.6, 33.7], [-92.5, 34.7], [-91.4, 35.8], [-90.1, 37.0], [-88.0, 39.5]]}}, {"type": "Feature", "properties": {"storm_id": "AL192005", "name": "NINETEEN", "year": 2005, "max_wind": 30.0, "min_pressure": 1006.0, "category": 0}, "geometry": {"type": "LineString", "coordinates": [[-32.7, 11.8], [-33.0, 12.2], [-33.3, 12.7], [-33.5, 13.3], [-33.7, 13.8], [-33.9, 14.4], [-33.8, 15.0], [-34.3, 15.7], [-35.3, 16.6]]}}, {"type": "Feature", "properties": {"storm_id": "AL202005", "name": "STAN", "year": 2005, "max_wind": 70.0, "min_pressure": 977.0, "category": 1}, "geometry": {"type": "LineString", "coordinates": [[-85.6, 18.9], [-86.2, 19.1], [-86.7, 19.3], [-87.2, 19.5], [-87.5, 19.6], [-87.9, 19.8], [-88.8, 20.3], [-89.8, 20.5], [-91.0, 20.5], [-91.7, 20.3], [-92.2, 20.1], [-93.2, 19.8], [-94.1, 19.2], [-94.9, 18.6], [-95.6, 17.9], [-96.4, 17.2], [-97.0, 16.9]]}}, {"type": "Feature", "properties": {"storm_id": "AL212005", "name": "AL212005", "year": 2005, "max_wind": 45.0, "min_pressure": 997.0, "category": 0}, "geometry": {"type": "LineString", "coordinates": [[-31.8, 33.8], [-30.2, 34.8], [-28.5, 35.9], [-26.7, 37.1], [-25.0, 38.8], [-23.3, 41.0], [-23.0, 43.6]]}}, {"type": "Feature", "properties": {"storm_id": "AL222005", "name": "TAMMY", "year": 2005, "max_wind": 45.0, "min_pressure": 1001.0, "category": 0}, "geometry": {"type": "LineString", "coordinates": [[-79.7, 27.3], [-80.2, 28.3], [-80.9, 29.5], [-81.4, 30.4], [-81.6, 30.5], [-82.8, 31.3], [-84.6, 31.8], [-85.8, 31.2], [-85.6, 30.3]]}}, {"type": "Feature", "properties": {"storm_id": "AL232005", "name": "TWENTY-TWO", "year": 2005, "max_wind": 40.0, "min_pressure": 1005.0, "category": 0}, "geometry": {"type": "LineString", "coordinates": [[-57.4, 26.1], [-58.5, 27.7], [-60.1, 28.8], [-62.0, 29.3], [-63.3, 29.3], [-64.5, 29.5], [-65.2, 30.0], [-66.0, 30.7], [-67.5, 31.6], [-68.9, 32.5], [-70.0, 33.5], [-71.0, 34.3], [-71.7, 35.5], [-71.8, 36.7], [-71.7, 37.8], [-71.9, 38.5], [-72.4, 38.8], [-73.0, 38.9], [-73.5, 38.7], [-73.5, 38.3], [-73.5, 37.7], [-73.0, 37.2], [-73.0, 37.8], [-73.4, 38.0], [-73.8, 37.6], [-73.8, 38.6], [-73.8, 39.6]]}}, {"type": "Feature", "properties": {"storm_id": "AL242005", "name": "VINCE", "year": 2005, "max_wind": 65.0, "min_pressure": 988.0, "category": 1}, "geometry": {"type": "LineString", "coordinates": [[-20.6, 32.9], [-20.3, 33.0], [-20.1, 33.1], [-20.0, 33.2], [-19.6, 33.4], [-19.3, 33.8], [-18.9, 34.1], [-18.3, 34.3], [-17.2, 34.5], [-15.3, 34.7], [-12.8, 35.4], [-10.5, 36.1], [-8.3, 36.7], [-7.1, 37.2], [-6.0, 37.7]]}}, {"type": "Feature", "properties": {"storm_id": "AL252005", "name": "WILMA", "year": 2005, "max_wind": 160.0, "min_pressure": 882.0, "category": 5}, "geometry": {"type": "LineString", "coordinates": [[-78.5, 17.6], [-78.8, 17.6], [-79.0, 17.5], [-79.2, 17.5], [-79.4, 17.5], [-79.6, 17.4], [-79.6, 16.9], [-79.7, 16.3], [-79.8, 16.0], [-79.9, 15.8], [-79.9, 15.7], [-80.3, 16.2], [-81.1, 16.6], [-81.8, 16.6], [-82.2, 17.0], [-82.8, 17.3], [-83.4, 17.4], [-84.0, 17.9], [-84.7, 18.1], [-85.2, 18.3], [-85.5, 18.6], [-85.8, 19.1], [-86.1, 19.5], [-86.4, 20.1], [-86.7, 20.3], [-86.8, 20.6], [-86.8, 20.6], [-86.9, 20.8], [-87.0, 20.8], [-87.1, 21.0], [-87.1, 21.3], [-87.0, 21.6], [-86.8, 21.8], [-86.1, 22.4], [-85.4, 23.1], [-84.3, 24.0], [-83.1, 25.0], [-81.7, 25.9], [-81.0, 26.2], [-78.8, 28.0], [-76.0, 30.1], [-72.0, 33.3], [-67.9, 36.8], [-63.5, 40.5], [-60.0, 42.5], [-57.5, 44.0], [-55.0, 45.0], [-52.0, 45.5]]}}, {"type": "Feature", "properties": {"storm_id": "AL262005", "name": "ALPHA", "year": 2005, "max_wind": 45.0, "min_pressure": 998.0, "category": 0}, "geometry": {"type": "LineString", "coordinates": [[-67.5, 15.8], [-68.5, 16.5], [-69.6, 17.3], [-70.5, 17.8], [-71.3, 18.3], [-72.2, 18.6], [-72.7, 19.8], [-72.9, 21.6], [-73.0, 23.5], [-72.4, 25.1], [-70.8, 27.9]]}}, {"type": "Feature", "properties": {"storm_id": "AL272005", "name": "BETA", "year": 2005, "max_wind": 100.0, "min_pressure": 962.0, "category": 3}, "geometry": {"type": "LineString", "coordinates": [[-80.9, 10.4], [-81.1, 10.7], [-81.3, 11.0], [-81.3, 11.3], [-81.3, 11.6], [-81.2, 11.9], [-81.1, 12.3], [-81.0, 12.8], [-81.1, 13.2], [-81.2, 13.4], [-81.4, 13.6], [-81.6, 13.7], [-82.1, 13.7], [-82.6, 13.6], [-83.1, 13.3], [-83.5, 12.9], [-84.1, 12.7], [-84.9, 12.7]]}}, {"type": "Feature", "properties": {"storm_id": "AL282005", "name": "GAMMA", "year": 2005, "max_wind": 45.0, "min_pressure": 1002.0, "category": 0}, "geometry": {"type": "LineString", "coordinates": [[-62.1, 13.2], [-62.8, 13.6], [-63.4, 13.8], [-64.2, 14.1], [-65.0, 14.2], [-66.0, 14.3], [-67.1, 14.4], [-68.4, 14.7], [-69.9, 14.8], [-71.5, 14.8], [-73.1, 14.7], [-75.4, 14.8], [-77.6, 15.0], [-79.7, 15.3], [-81.7, 15.6], [-83.1, 15.8], [-84.1, 15.8], [-84.8, 15.7], [-85.5, 15.5], [-85.6, 15.7], [-85.6, 16.0], [-85.6, 16.1], [-85.4, 16.1], [-85.2, 16.2], [-85.0, 16.4], [-85.0, 16.6], [-85.2, 16.7], [-85.5, 16.9], [-85.5, 17.1], [-85.2, 17.0], [-84.8, 16.7], [-84.3, 16.4], [-83.5, 15.4]]}}, {"type": "Feature", "properties": {"storm_id": "AL292005", "name": "DELTA", "year": 2005, "max_wind": 60.0, "min_pressure": 980.0, "category": 0}, "geometry": {"type": "LineString", "coordinates": [[-48.0, 27.0], [-47.5, 26.7], [-46.7, 26.7], [-45.9, 27.2], [-44.8, 27.7], [-43.5, 28.0], [-42.2, 28.3], [-41.1, 29.0], [-40.1, 29.9], [-39.6, 30.9], [-40.1, 31.5], [-39.9, 31.4], [-39.8, 31.2], [-40.5, 30.7], [-40.9, 29.9], [-41.3, 28.8], [-41.2, 27.4], [-40.8, 26.4], [-40.2, 25.5], [-39.6, 25.0], [-39.0, 24.8], [-38.9, 24.6], [-39.0, 24.1], [-39.3, 23.8], [-39.6, 23.3], [-39.8, 22.8], [-39.8, 22.3], [-39.4, 21.8], [-38.4, 22.0], [-37.3, 22.6], [-35.8, 23.5], [-34.0, 24.8], [-31.9, 26.7], [-29.9, 28.3], [-27.5, 29.1], [-24.8, 29.9], [-21.6, 30.2], [-18.2, 30.2], [-14.6, 30.2], [-10.9, 30.7], [-6.6, 32.6], [-1.0, 35.3]]}}, {"type": "Feature", "properties": {"storm_id": "AL302005", "name": "EPSILON", "year": 2005, "max_wind": 75.0, "min_pressure": 981.0, "category": 1}, "geometry": {"type": "LineString", "coordinates": [[-49.2, 31.5], [-50.0, 31.6], [-50.8, 31.4], [-51.5, 31.4], [-52.5, 31.1], [-53.5, 30.8], [-54.2, 30.1], [-53.8, 29.7], [-52.7, 30.0], [-51.9, 30.8], [-51.3, 31.4], [-50.6, 31.9], [-49.8, 32.5], [-48.9, 33.2], [-47.9, 33.9], [-47.1, 34.3], [-46.2, 34.5], [-45.0, 34.5], [-43.7, 34.5], [-42.3, 34.3], [-41.1, 34.4], [-39.8, 34.3], [-38.8, 34.3], [-37.8, 34.2], [-36.7, 34.0], [-35.5, 33.8], [-34.6, 33.7], [-33.8, 33.4], [-33.7, 33.1], [-33.7, 32.3], [-34.2, 31.6], [-34.9, 30.8], [-36.0, 30.1], [-37.1, 29.4], [-38.1, 28.7], [-38.8, 28.2], [-39.3, 27.4], [-40.0, 26.5], [-40.5, 25.9], [-40.6, 25.5], [-40.4, 25.1], [-40.1, 24.7], [-39.2, 24.7]]}}, {"type": "Feature", "properties": {"storm_id": "AL312005", "name": "ZETA", "year": 2005, "max_wind": 55.0, "min_pressure": 994.0, "category": 0}, "geometry": {"type": "LineString", "coordinates": [[-35.6, 23.9], [-36.1, 24.2], [-36.6, 24.7], [-37.0, 25.2], [-37.3, 25.6], [-37.6, 25.7], [-37.9, 25.7], [-38.1, 25.7], [-38.3, 25.6], [-38.4, 25.4], [-38.5, 25.2], [-38.6, 25.0], [-38.9, 24.6], [-39.7, 24.3], [-40.4, 23.8], [-40.8, 23.6], [-41.0, 23.4], [-41.3, 23.3], [-41.6, 23.2], [-42.1, 23.0], [-42.4, 22.6], [-42.9, 22.1], [-43.6, 21.9], [-44.6, 21.7], [-45.6, 21.7], [-46.6, 21.9], [-47.3, 22.2], [-47.9, 22.7], [-48.4, 23.0], [-49.0, 23.1], [-49.6, 23.1], [-50.2, 23.3], [-51.4, 23.7], [-52.7, 24.2], [-54.2, 24.8], [-55.7, 26.3]]}}, {"type": "Feature", "properties": {"storm_id": "AL012006", "name": "ALBERTO", "year": 2006, "max_wind": 60.0, "min_pressure": 969.0, "category": 0}, "geometry": {"type": "LineString", "coordinates": [[-85.0, 20.0], [-85.3, 21.0], [-85.7, 21.9], [-86.3, 22.5], [-87.1, 23.1], [-87.8, 23.6], [-87.8, 24.3], [-87.8, 25.0], [-87.4, 25.8], [-86.3, 26.8], [-85.4, 27.5], [-85.0, 28.0], [-84.4, 28.8], [-84.1, 29.5], [-83.7, 29.9], [-83.5, 30.3], [-82.8, 31.3], [-81.9, 32.8], [-80.7, 34.3], [-77.5, 35.5], [-73.0, 37.0], [-69.9, 38.8], [-66.8, 40.9], [-64.2, 42.6], [-62.0, 44.0], [-58.5, 46.0], [-55.0, 47.4], [-51.5, 49.3], [-45.2, 50.8], [-39.0, 51.5], [-34.5, 53.0], [-29.0, 54.0], [-23.0, 54.5], [-16.0, 54.5], [-12.0, 54.5], [-9.0, 55.0], [-5.5, 56.5], [-3.0, 57.0]]}}, {"type": "Feature", "properties": {"storm_id": "AL022006", "name": "AL022006", "year": 2006, "max_wind": 45.0, "min_pressure": 998.0, "category": 0}, "geometry": {"type": "LineString", "coordinates": [[-68.7, 37.2], [-68.2, 37.7], [-67.6, 38.3], [-66.4, 39.1], [-65.1, 40.0], [-63.7, 41.1], [-62.1, 42.4], [-60.1, 43.7], [-58.0, 45.5], [-55.8, 47.1], [-52.9, 48.6], [-49.4, 49.2], [-46.1, 49.8]]}}, {"type": "Feature", "properties": {"storm_id": "AL032006", "name": "BERYL", "year": 2006, "max_wind": 50.0, "min_pressure": 1000.0, "category": 0}, "geometry": {"type": "LineString", "coordinates": [[-73.3, 32.3], [-73.3, 33.0], [-73.5, 33.8], [-73.7, 34.5], [-73.6, 35.2], [-73.5, 35.9], [-73.2, 36.6], [-73.2, 37.4], [-73.0, 38.3], [-72.5, 39.1], [-71.8, 39.8], [-70.5, 41.0], [-70.1, 41.3], [-68.4, 42.4], [-66.3, 43.8], [-63.3, 45.5], [-60.0, 47.2], [-56.5, 48.5]]}}, {"type": "Feature", "properties": {"storm_id": "AL042006", "name": "CHRIS", "year": 2006, "max_wind": 55.0, "min_pressure": 1001.0, "category": 0}, "geometry": {"type": "LineString", "coordinates": [[-58.1, 16.3], [-58.9, 16.8], [-59.8, 17.2], [-60.6, 17.7], [-61.4, 18.1], [-62.2, 18.5], [-63.0, 19.0], [-63.9, 19.6], [-64.8, 19.9], [-65.8, 20.2], [-66.8, 20.4], [-67.7, 20.6], [-68.7, 20.7], [-70.2, 20.8], [-71.1, 21.2], [-72.2, 21.3], [-73.4, 21.5], [-75.0, 21.6], [-76.3, 21.8], [-77.6, 22.1], [-78.9, 22.4], [-80.2, 22.8], [-81.7, 23.2]]}}, {"type": "Feature", "properties": {"storm_id": "AL052006", "name": "DEBBY", "year": 2006, "max_wind": 45.0, "min_pressure": 999.0, "category": 0}, "geometry": {"type": "LineString", "coordinates": [[-21.7, 11.6], [-22.7, 12.0], [-23.9, 12.6], [-25.3, 13.4], [-26.7, 14.2], [-28.1, 14.9], [-29.5, 15.7], [-31.0, 16.7], [-32.4, 17.6], [-33.9, 18.4], [-35.5, 19.2], [-37.1, 20.1], [-38.7, 20.9], [-40.2, 21.7], [-41.5, 22.6], [-42.7, 23.6], [-44.1, 24.4], [-45.1, 24.8], [-46.1, 25.2], [-46.9, 25.7], [-47.5, 26.5], [-48.1, 27.3], [-48.8, 28.3], [-49.1, 29.4], [-48.9, 30.6], [-48.3, 32.1]]}}, {"type": "Feature", "properties": {"storm_id": "AL062006", "name": "ERNESTO", "year": 2006, "max_wind": 65.0, "min_pressure": 985.0, "category": 1}, "geometry": {"type": "LineString", "coordinates": [[-61.6, 12.7], [-63.0, 13.0], [-64.4, 13.3], [-65.8, 13.7], [-67.1, 14.0], [-68.3, 14.3], [-69.5, 14.6], [-70.4, 15.1], [-71.2, 15.7], [-72.0, 16.3], [-72.7, 16.9], [-73.4, 17.4], [-74.0, 17.8], [-74.6, 18.3], [-75.2, 19.1], [-75.5, 19.9], [-75.6, 20.0], [-76.4, 20.8], [-77.4, 21.6], [-78.5, 22.4], [-79.3, 23.2], [-79.9, 23.9], [-80.4, 24.7], [-80.6, 24.9], [-80.7, 25.2], [-80.8, 25.3], [-81.0, 26.1], [-80.9, 27.0], [-80.7, 28.1], [-80.4, 29.4], [-79.9, 30.6], [-79.2, 31.9], [-78.4, 33.2], [-78.1, 33.9], [-78.0, 34.5], [-77.6, 35.8], [-77.2, 36.6], [-77.0, 37.1], [-76.8, 37.6], [-76.7, 38.2], [-76.7, 38.9], [-76.7, 39.9], [-77.1, 41.3], [-77.5, 43.1], [-77.0, 44.5], [-75.8, 45.6], [-74.4, 46.5]]}}, {"type": "Feature", "properties": {"storm_id": "AL072006", "name": "FLORENCE", "year": 2006, "max_wind": 80.0, "min_pressure": 963.0, "category": 1}, "geometry": {"type": "LineString", "coordinates": [[-39.4, 14.1], [-40.0, 14.7], [-41.0, 15.4], [-42.3, 16.0], [-43.5, 16.4], [-44.8, 16.6], [-46.1, 16.8], [-46.9, 17.0], [-47.8, 17.3], [-48.6, 17.6], [-49.7, 18.1], [-50.6, 18.5], [-51.3, 19.0], [-51.9, 19.3], [-52.6, 19.6], [-53.3, 19.9], [-54.3, 20.3], [-55.7, 20.9], [-57.1, 21.5], [-58.8, 21.7], [-60.1, 21.9], [-61.0, 22.7], [-62.3, 23.8], [-63.2, 24.4], [-64.0, 25.1], [-64.6, 26.2], [-65.3, 27.1], [-65.9, 28.1], [-66.1, 29.3], [-66.2, 30.4], [-66.2, 31.3], [-65.7, 32.4], [-65.0, 33.6], [-64.1, 34.9], [-63.2, 36.3], [-61.9, 37.4], [-60.2, 38.5], [-57.9, 40.6], [-56.3, 43.1], [-55.6, 45.5], [-54.0, 46.4], [-51.3, 47.6], [-48.3, 48.6], [-45.2, 49.2], [-42.6, 49.8], [-39.6, 50.0], [-35.8, 49.7], [-31.7, 49.5], [-27.5, 49.8], [-23.9, 50.6], [-21.0, 52.5], [-20.5, 54.6], [-20.5, 56.6], [-20.5, 58.2], [-20.6, 59.6], [-21.2, 60.9], [-22.5, 62.0], [-24.5, 62.6], [-26.5, 63.0], [-29.0, 63.0], [-31.4, 63.0], [-34.0, 62.0]]}}, {"type": "Feature", "properties": {"storm_id": "AL082006", "name": "GORDON", "year": 2006, "max_wind": 105.0, "min_pressure": 955.0, "category": 3}, "geometry": {"type": "LineString", "coordinates": [[-53.8, 20.2], [-54.5, 20.3], [-55.3, 20.6], [-56.3, 20.9], [-57.1, 21.4], [-57.6, 21.8], [-58.0, 22.3], [-58.2, 22.8], [-58.2, 23.4], [-58.1, 24.0], [-58.0, 24.7], [-57.9, 25.6], [-57.7, 26.5], [-57.4, 27.3], [-56.8, 28.2], [-56.2, 29.1], [-55.4, 29.8], [-54.6, 30.3], [-53.8, 30.8], [-53.5, 31.1], [-53.5, 31.1], [-53.5, 31.1], [-53.6, 31.2], [-53.8, 31.3], [-53.9, 31.5], [-53.8, 31.9], [-53.7, 32.4], [-53.3, 33.3], [-52.9, 34.1], [-52.1, 35.0], [-50.6, 36.1], [-48.7, 36.9], [-46.3, 37.5], [-43.3, 38.0], [-40.2, 38.1], [-37.0, 38.0], [-33.5, 37.8], [-29.9, 37.7], [-26.1, 37.6], [-22.6, 37.8], [-18.5, 38.5], [-14.0, 40.1], [-10.4, 43.8], [-9.0, 48.5], [-9.5, 52.5], [-10.5, 54.5], [-14.0, 57.0], [-18.5, 56.5], [-19.5, 56.0], [-20.0, 54.5], [-20.0, 52.5], [-17.7, 50.7], [-14.5, 49.0], [-10.0, 48.0], [-8.5, 48.5], [-8.0, 49.0], [-7.5, 50.5]]}}, {"type": "Feature", "properties": {"storm_id": "AL092006", "name": "HELENE", "year": 2006, "max_wind": 105.0, "min_pressure": 955.0, "category": 3}, "geometry": {"type": "LineString", "coordinates": [[-22.0, 11.9], [-23.2, 11.9], [-24.6, 11.9], [-26.1, 12.0], [-28.0, 12.2], [-30.0, 12.5], [-31.9, 12.9], [-33.8, 13.2], [-35.6, 13.6], [-37.0, 14.0], [-38.3, 14.4], [-39.6, 14.8], [-40.8, 15.5], [-42.1, 16.2], [-43.3, 17.0], [-44.3, 17.7], [-45.3, 18.4], [-46.2, 18.9], [-47.1, 19.4], [-47.9, 19.9], [-48.4, 20.3], [-48.8, 20.8], [-49.1, 21.4], [-49.4, 22.0], [-49.7, 22.7], [-50.4, 23.6], [-51.0, 24.0], [-51.7, 24.3], [-52.5, 24.4], [-53.5, 24.4], [-54.4, 24.5], [-55.2, 24.9], [-56.0, 25.4], [-56.7, 25.9], [-57.0, 26.8], [-57.0, 27.8], [-57.0, 29.0], [-57.0, 30.2], [-56.6, 31.4], [-55.9, 32.5], [-55.1, 33.6], [-53.7, 34.9], [-51.7, 35.7], [-49.6, 36.4], [-47.5, 37.1], [-45.4, 37.7], [-43.2, 38.6], [-40.9, 39.5], [-38.2, 40.6], [-35.9, 42.0], [-34.7, 43.2], [-33.3, 44.1], [-31.7, 44.7], [-29.8, 44.9], [-27.6, 45.0], [-25.2, 45.5], [-22.7, 46.0], [-20.1, 47.2], [-17.0, 49.0], [-13.3, 51.3], [-10.1, 53.9], [-7.6, 56.3]]}}, {"type": "Feature", "properties": {"storm_id": "AL102006", "name": "ISAAC", "year": 2006, "max_wind": 75.0, "min_pressure": 985.0, "category": 1}, "geometry": {"type": "LineString", "coordinates": [[-52.6, 26.1], [-53.4, 26.8], [-54.0, 27.4], [-54.4, 28.0], [-54.6, 28.6], [-54.9, 28.9], [-55.4, 29.0], [-55.8, 29.2], [-56.5, 29.5], [-57.1, 29.8], [-57.7, 30.1], [-58.5, 30.6], [-59.2, 31.3], [-59.8, 32.0], [-60.2, 32.8], [-60.3, 33.8], [-60.3, 35.2], [-59.6, 37.2], [-58.0, 39.8], [-56.2, 42.5], [-53.7, 45.5], [-51.0, 47.6], [-49.0, 48.6], [-47.0, 49.5]]}}, {"type": "Feature", "properties": {"storm_id": "AL012007", "name": "ANDREA", "year": 2007, "max_wind": 65.0, "min_pressure": 998.0, "category": 1}, "geometry": {"type": "LineString", "coordinates": [[-74.0, 35.5], [-73.0, 35.0], [-71.7, 34.3], [-72.3, 33.3], [-73.1, 32.3], [-74.0, 31.5], [-74.9, 31.0], [-76.0, 30.7], [-77.2, 30.4], [-77.9, 30.4], [-78.3, 30.6], [-78.7, 30.8], [-79.2, 30.9], [-79.6, 30.9], [-79.8, 30.7], [-79.9, 30.5], [-79.9, 30.1], [-79.8, 29.7], [-79.8, 29.4], [-79.8, 29.1], [-79.7, 28.8], [-79.5, 28.5], [-79.1, 28.5], [-78.8, 28.8], [-78.5, 29.1], [-78.0, 29.4], [-77.2, 29.7], [-76.0, 30.1], [-74.2, 30.8], [-71.9, 31.4], [-69.4, 31.8]]}}, {"type": "Feature", "properties": {"storm_id": "AL022007", "name": "BARRY", "year": 2007, "max_wind": 50.0, "min_pressure": 990.0, "category": 0}, "geometry": {"type": "LineString", "coordinates": [[-87.0, 18.1], [-86.9, 18.7], [-86.8, 19.1], [-86.6, 19.6], [-86.0, 20.1], [-85.8, 21.2], [-85.8, 22.3], [-85.7, 23.6], [-85.2, 24.3], [-84.6, 25.1], [-83.2, 27.0], [-82.7, 27.5], [-82.1, 29.7], [-81.4, 31.4], [-81.0, 32.1], [-80.0, 32.8], [-78.4, 33.7], [-76.0, 35.3], [-74.6, 37.2], [-73.2, 39.0], [-72.1, 40.7], [-70.8, 42.4], [-69.5, 44.6], [-68.5, 47.5]]}}, {"type": "Feature", "properties": {"storm_id": "AL032007", "name": "CHANTAL", "year": 2007, "max_wind": 60.0, "min_pressure": 964.0, "category": 0}, "geometry": {"type": "LineString", "coordinates": [[-66.5, 35.5], [-65.5, 37.1], [-64.2, 39.1], [-62.3, 40.7], [-60.0, 42.5], [-57.5, 44.0], [-54.5, 46.0], [-49.5, 49.0], [-43.0, 53.0], [-38.5, 55.5], [-35.4, 57.5], [-33.9, 58.6], [-32.1, 58.9], [-30.4, 58.9], [-28.0, 58.9], [-25.2, 58.9], [-22.6, 59.1], [-19.1, 59.5], [-16.3, 60.7], [-14.0, 61.7], [-12.0, 62.7], [-9.5, 64.0], [-7.0, 66.0]]}}, {"type": "Feature", "properties": {"storm_id": "AL042007", "name": "DEAN", "year": 2007, "max_wind": 150.0, "min_pressure": 905.0, "category": 5}, "geometry": {"type": "LineString", "coordinates": [[-28.9, 12.2], [-30.7, 12.1], [-32.4, 12.0], [-34.5, 11.9], [-36.5, 11.8], [-38.3, 11.8], [-40.1, 11.8], [-41.7, 11.9], [-43.4, 12.0], [-45.1, 12.3], [-47.0, 12.8], [-49.2, 13.0], [-51.3, 13.2], [-53.3, 13.5], [-55.5, 13.8], [-57.7, 14.0], [-59.8, 14.2], [-61.7, 14.4], [-63.5, 14.8], [-65.1, 14.9], [-66.6, 15.0], [-68.0, 15.4], [-69.5, 15.9], [-71.0, 16.1], [-72.6, 16.4], [-74.3, 16.8], [-76.0, 17.1], [-77.8, 17.5], [-79.8, 17.6], [-81.5, 17.8], [-83.3, 18.0], [-85.1, 18.2], [-86.9, 18.6], [-87.7, 18.7], [-88.7, 18.9], [-90.5, 19.2], [-92.2, 19.7], [-94.0, 20.1], [-95.5, 20.5], [-97.0, 20.5], [-97.3, 20.5], [-99.0, 20.5]]}}, {"type": "Feature", "properties": {"storm_id": "AL052007", "name": "ERIN", "year": 2007, "max_wind": 50.0, "min_pressure": 995.0, "category": 0}, "geometry": {"type": "LineString", "coordinates": [[-90.7, 23.7], [-91.8, 24.5], [-92.9, 25.2], [-94.0, 25.8], [-95.2, 26.3], [-96.2, 27.2], [-96.9, 28.0], [-97.1, 28.1], [-97.8, 28.8], [-98.6, 29.4], [-99.5, 30.0], [-100.6, 30.5], [-101.4, 31.1], [-101.8, 31.8], [-101.8, 32.5], [-101.5, 33.2], [-101.0, 34.0], [-100.1, 34.8], [-98.8, 35.6], [-97.7, 35.6], [-96.5, 35.9]]}}, {"type": "Feature", "properties": {"storm_id": "AL062007", "name": "FELIX", "year": 2007, "max_wind": 150.0, "min_pressure": 929.0, "category": 5}, "geometry": {"type": "LineString", "coordinates": [[-56.6, 11.5], [-58.0, 11.5], [-59.4, 12.1], [-61.1, 12.1], [-61.7, 12.1], [-62.8, 12.2], [-64.5, 12.4], [-66.1, 12.6], [-67.8, 12.7], [-69.4, 13.0], [-71.1, 13.4], [-73.0, 13.8], [-75.0, 14.0], [-75.3, 14.0], [-76.9, 14.2], [-78.7, 14.3], [-80.4, 14.4], [-81.9, 14.3], [-83.2, 14.3], [-84.4, 14.3], [-85.4, 14.6], [-86.4, 15.0], [-87.3, 15.5], [-88.3, 16.1], [-89.5, 16.5], [-90.8, 16.7], [-92.4, 17.2], [-93.8, 17.7]]}}, {"type": "Feature", "properties": {"storm_id": "AL072007", "name": "GABRIELLE", "year": 2007, "max_wind": 50.0, "min_pressure": 1004.0, "category": 0}, "geometry": {"type": "LineString", "coordinates": [[-71.8, 30.1], [-72.8, 30.5], [-73.8, 31.1], [-74.6, 31.8], [-75.4, 32.6], [-76.0, 33.5], [-76.4, 34.3], [-76.4, 34.8], [-76.3, 35.2], [-75.8, 36.0], [-75.0, 36.7], [-73.8, 37.1], [-72.0, 37.5], [-70.0, 37.9], [-68.0, 38.4]]}}, {"type": "Feature", "properties": {"storm_id": "AL082007", "name": "INGRID", "year": 2007, "max_wind": 40.0, "min_pressure": 1002.0, "category": 0}, "geometry": {"type": "LineString", "coordinates": [[-43.6, 13.0], [-44.3, 13.0], [-45.1, 13.1], [-45.9, 13.4], [-46.7, 13.7], [-47.5, 14.1], [-48.1, 14.4], [-48.6, 14.7], [-49.3, 15.0], [-49.9, 15.3], [-50.5, 15.6], [-51.2, 15.9], [-52.2, 16.2], [-53.3, 16.3], [-54.4, 16.5], [-55.4, 16.7], [-56.3, 16.9], [-57.2, 17.1], [-58.1, 17.2], [-59.0, 17.3], [-59.9, 17.5], [-60.6, 18.0], [-61.0, 18.4], [-61.4, 18.8], [-61.7, 19.0], [-62.0, 19.1]]}}, {"type": "Feature", "properties": {"storm_id": "AL092007", "name": "HUMBERTO", "year": 2007, "max_wind": 80.0, "min_pressure": 985.0, "category": 1}, "geometry": {"type": "LineString", "coordinates": [[-95.0, 27.3], [-95.1, 27.8], [-95.0, 28.3], [-94.8, 28.8], [-94.4, 29.5], [-94.3, 29.6], [-93.6, 30.3], [-92.9, 31.0], [-92.3, 31.7], [-91.3, 32.4], [-90.2, 32.7]]}}, {"type": "Feature", "properties": {"storm_id": "AL102007", "name": "TEN", "year": 2007, "max_wind": 30.0, "min_pressure": 1005.0, "category": 0}, "geometry": {"type": "LineString", "coordinates": [[-85.4, 29.1], [-86.1, 29.7], [-86.7, 30.4], [-87.7, 30.7]]}}, {"type": "Feature", "properties": {"storm_id": "AL112007", "name": "JERRY", "year": 2007, "max_wind": 35.0, "min_pressure": 1003.0, "category": 0}, "geometry": {"type": "LineString", "coordinates": [[-46.1, 36.2], [-46.1, 36.2], [-46.3, 36.0], [-46.3, 36.5], [-46.3, 37.1], [-45.9, 38.1], [-44.7, 39.3], [-43.5, 41.0]]}}, {"type": "Feature", "properties": {"storm_id": "AL122007", "name": "KAREN", "year": 2007, "max_wind": 65.0, "min_pressure": 988.0, "category": 1}, "geometry": {"type": "LineString", "coordinates": [[-35.9, 10.0], [-37.0, 10.3], [-38.0, 10.6], [-39.2, 10.8], [-40.4, 10.9], [-41.5, 11.2], [-42.4, 11.7], [-43.3, 12.3], [-44.6, 12.8], [-45.7, 13.2], [-46.8, 13.5], [-47.9, 14.1], [-48.8, 14.1], [-49.0, 14.3], [-49.0, 14.6], [-49.4, 15.8], [-51.0, 16.1], [-52.6, 16.3], [-54.2, 16.8]]}}, {"type": "Feature", "properties": {"storm_id": "AL132007", "name": "LORENZO", "year": 2007, "max_wind": 70.0, "min_pressure": 990.0, "category": 1}, "geometry": {"type": "LineString", "coordinates": [[-94.8, 21.8], [-95.2, 21.7], [-95.0, 21.2], [-94.7, 21.0], [-94.4, 21.2], [-94.7, 21.2], [-94.8, 20.8], [-95.1, 20.6], [-95.7, 20.5], [-96.3, 20.5], [-97.0, 20.5], [-97.1, 20.5], [-98.0, 20.5], [-98.7, 20.7]]}}, {"type": "Feature", "properties": {"storm_id": "AL142007", "name": "MELISSA", "year": 2007, "max_wind": 35.0, "min_pressure": 1005.0, "category": 0}, "geometry": {"type": "LineString", "coordinates": [[-25.8, 14.0], [-26.2, 14.0], [-26.6, 14.0], [-27.0, 14.2], [-27.4, 14.5], [-28.1, 15.0], [-29.0, 15.3], [-29.9, 15.6], [-30.9, 15.8], [-32.0, 15.9], [-33.3, 16.1], [-34.8, 16.2], [-36.0, 16.3], [-37.2, 16.5], [-38.6, 16.9], [-40.1, 17.2], [-41.5, 17.5], [-42.6, 18.2], [-43.5, 18.9], [-44.5, 19.5], [-45.5, 20.1], [-46.5, 20.7], [-47.5, 21.3], [-48.7, 21.7], [-49.7, 22.0], [-50.7, 22.4], [-51.3, 23.1], [-51.9, 23.7], [-52.5, 24.3], [-53.0, 24.5], [-53.5, 24.6]]}}, {"type": "Feature", "properties": {"storm_id": "AL152007", "name": "FIFTEEN", "year": 2007, "max_wind": 45.0, "min_pressure": 996.0, "category": 0}, "geometry": {"type": "LineString", "coordinates": [[-52.6, 29.5], [-51.0, 30.1], [-50.0, 30.0], [-49.6, 30.1], [-49.4, 30.2], [-49.4, 30.5], [-49.9, 30.9], [-50.3, 31.3], [-50.3, 31.8], [-50.0, 32.5], [-49.2, 33.1], [-48.3, 33.7], [-46.8, 34.6], [-44.7, 35.6], [-43.0, 36.0], [-41.4, 36.1], [-39.9, 36.1], [-38.8, 36.3], [-37.0, 37.4], [-35.2, 38.6], [-33.5, 39.8], [-31.8, 40.8], [-30.1, 41.9], [-28.4, 43.7], [-26.7, 45.8], [-25.2, 48.7]]}}, {"type": "Feature", "properties": {"storm_id": "AL162007", "name": "NOEL", "year": 2007, "max_wind": 75.0, "min_pressure": 965.0, "category": 1}, "geometry": {"type": "LineString", "coordinates": [[-60.2, 18.0], [-60.7, 18.0], [-61.2, 18.1], [-61.7, 18.4], [-62.3, 18.8], [-62.9, 19.1], [-63.5, 19.2], [-64.1, 19.1], [-64.8, 18.8], [-65.7, 18.0], [-66.7, 17.2], [-67.7, 16.5], [-68.5, 16.1], [-69.3, 15.7], [-70.1, 15.3], [-71.0, 15.4], [-71.2, 15.7], [-71.4, 16.0], [-71.6, 16.3], [-71.8, 16.6], [-72.1, 17.1], [-72.4, 18.0], [-72.5, 18.1], [-72.9, 19.2], [-73.6, 20.2], [-74.6, 21.0], [-75.8, 21.1], [-76.8, 20.8], [-77.4, 20.8], [-77.8, 21.2], [-78.1, 21.8], [-78.3, 22.5], [-78.8, 22.6], [-78.6, 22.9], [-78.3, 23.4], [-78.0, 23.9], [-77.9, 24.1], [-77.4, 25.0], [-77.3, 25.1], [-76.5, 26.4], [-75.6, 27.7], [-74.4, 28.7], [-73.3, 30.3], [-72.4, 32.3], [-71.7, 34.3], [-70.9, 36.4], [-69.7, 38.8], [-68.2, 41.1], [-66.2, 43.6], [-64.3, 47.5], [-62.2, 51.2], [-59.6, 54.8], [-57.6, 57.9], [-55.4, 60.4], [-53.3, 62.3], [-50.4, 64.2]]}}, {"type": "Feature", "properties": {"storm_id": "AL172007", "name": "OLGA", "year": 2007, "max_wind": 50.0, "min_pressure": 1003.0, "category": 0}, "geometry": {"type": "LineString", "coordinates": [[-61.8, 18.3], [-63.2, 18.3], [-64.7, 18.4], [-66.3, 18.5], [-66.5, 18.4], [-67.4, 18.3], [-68.4, 18.5], [-70.0, 19.0], [-71.9, 19.1], [-73.8, 19.1], [-75.7, 19.0], [-77.2, 18.9], [-78.7, 19.0], [-80.1, 19.4], [-81.3, 19.6], [-82.3, 19.7], [-83.3, 19.7], [-84.2, 19.6], [-85.1, 19.5], [-85.8, 20.0], [-86.5, 20.6], [-87.4, 21.7], [-88.2, 23.3], [-87.2, 25.0], [-85.2, 26.3]]}}, {"type": "Feature", "properties": {"storm_id": "AL012008", "name": "ARTHUR", "year": 2008, "max_wind": 40.0, "min_pressure": 1004.0, "category": 0}, "geometry": {"type": "LineString", "coordinates": [[-87.5, 17.5], [-88.0, 17.8], [-88.2, 17.9], [-88.4, 18.0], [-88.8, 18.2], [-89.2, 18.3], [-89.8, 18.2], [-90.4, 18.0], [-90.8, 17.8], [-91.1, 17.6]]}}, {"type": "Feature", "properties": {"storm_id": "AL022008", "name": "BERTHA", "year": 2008, "max_wind": 110.0, "min_pressure": 952.0, "category": 3}, "geometry": {"type": "LineString", "coordinates": [[-22.9, 12.7], [-24.0, 13.1], [-25.2, 13.2], [-26.5, 13.4], [-27.8, 14.0], [-29.2, 14.8], [-30.8, 15.4], [-32.6, 15.8], [-34.4, 16.3], [-36.4, 16.4], [-38.4, 16.6], [-40.3, 16.8], [-42.3, 17.0], [-44.3, 17.6], [-46.2, 18.4], [-47.9, 18.8], [-49.4, 19.1], [-50.7, 19.4], [-51.6, 19.9], [-51.9, 20.3], [-52.2, 20.6], [-52.9, 21.1], [-53.5, 21.8], [-54.4, 22.4], [-55.2, 22.7], [-56.1, 23.2], [-57.0, 23.8], [-57.8, 24.5], [-58.6, 25.2], [-59.1, 25.7], [-59.8, 26.3], [-60.5, 26.9], [-61.0, 27.4], [-61.5, 27.8], [-61.8, 28.3], [-62.1, 28.8], [-62.3, 29.3], [-62.5, 29.5], [-62.5, 29.7], [-62.5, 29.9], [-62.4, 29.9], [-62.5, 29.8], [-62.7, 29.9], [-62.9, 30.1], [-63.1, 30.5], [-63.5, 31.0], [-63.8, 31.6], [-64.1, 32.5], [-63.8, 33.5], [-63.5, 34.3], [-63.0, 35.3], [-62.5, 36.2], [-61.8, 36.7], [-61.3, 36.8], [-60.9, 36.8], [-60.7, 36.3], [-60.3, 35.7], [-59.7, 34.9], [-58.9, 34.3], [-57.8, 33.9], [-56.0, 33.7], [-54.4, 34.4], [-53.0, 35.5], [-51.5, 36.9], [-49.7, 38.6], [-48.0, 40.4], [-46.3, 42.1], [-44.3, 43.7], [-42.4, 45.3], [-40.0, 47.6], [-37.0, 50.0], [-34.0, 53.0], [-31.0, 55.1], [-27.0, 58.5]]}}, {"type": "Feature", "properties": {"storm_id": "AL032008", "name": "CRISTOBAL", "year": 2008, "max_wind": 55.0, "min_pressure": 998.0, "category": 0}, "geometry": {"type": "LineString", "coordinates": [[-79.8, 31.7], [-79.4, 32.2], [-78.8, 32.4], [-78.2, 32.8], [-77.8, 33.2], [-77.4, 33.7], [-76.7, 34.1], [-76.1, 34.5], [-75.4, 34.9], [-74.3, 35.6], [-73.2, 36.2], [-72.0, 36.8], [-70.7, 37.4], [-69.2, 38.4], [-67.0, 40.0], [-64.2, 41.7], [-60.7, 43.3], [-57.5, 44.4]]}}, {"type": "Feature", "properties": {"storm_id": "AL042008", "name": "DOLLY", "year": 2008, "max_wind": 85.0, "min_pressure": 963.0, "category": 2}, "geometry": {"type": "LineString", "coordinates": [[-83.6, 17.8], [-84.6, 18.6], [-85.8, 19.8], [-87.0, 20.8], [-87.2, 20.9], [-88.8, 21.8], [-90.4, 22.8], [-92.0, 23.0], [-93.3, 23.2], [-94.1, 23.7], [-94.9, 24.3], [-95.7, 24.9], [-96.2, 25.4], [-96.7, 25.9], [-96.8, 26.0], [-97.2, 26.4], [-97.2, 26.4], [-97.4, 26.4], [-97.8, 26.5], [-98.3, 26.7], [-98.9, 27.2], [-100.0, 27.9], [-101.4, 28.3], [-102.7, 28.5], [-104.0, 28.8], [-105.0, 29.4], [-105.7, 30.0], [-106.0, 30.5], [-106.3, 31.0], [-106.7, 31.9], [-106.3, 32.9]]}}, {"type": "Feature", "properties": {"storm_id": "AL052008", "name": "EDOUARD", "year": 2008, "max_wind": 55.0, "min_pressure": 996.0, "category": 0}, "geometry": {"type": "LineString", "coordinates": [[-87.4, 28.1], [-87.8, 28.1], [-88.5, 28.1], [-89.6, 28.1], [-90.3, 28.1], [-91.0, 28.3], [-91.7, 28.5], [-92.9, 29.0], [-94.2, 29.6], [-94.8, 30.0], [-95.7, 30.6], [-97.0, 31.4], [-98.0, 32.0], [-98.7, 32.7]]}}, {"type": "Feature", "properties": {"storm_id": "AL062008", "name": "FAY", "year": 2008, "max_wind": 60.0, "min_pressure": 986.0, "category": 0}, "geometry": {"type": "LineString", "coordinates": [[-67.4, 18.4], [-68.4, 18.5], [-68.8, 18.5], [-70.2, 18.6], [-71.4, 18.7], [-72.8, 18.8], [-72.9, 18.8], [-74.6, 19.1], [-75.7, 19.3], [-76.9, 19.6], [-77.4, 19.9], [-78.1, 20.0], [-79.6, 20.7], [-80.3, 21.1], [-80.8, 21.9], [-80.8, 22.1], [-81.2, 23.2], [-81.7, 24.3], [-81.8, 24.5], [-81.9, 25.0], [-81.8, 25.5], [-81.6, 25.9], [-81.4, 26.4], [-81.1, 27.0], [-80.9, 27.5], [-80.6, 28.0], [-80.6, 28.4], [-80.6, 28.7], [-80.5, 28.9], [-80.7, 29.1], [-80.7, 29.2], [-81.0, 29.3], [-81.1, 29.3], [-81.2, 29.3], [-81.9, 29.5], [-82.4, 29.6], [-83.0, 29.8], [-83.8, 29.7], [-84.7, 29.8], [-84.7, 29.8], [-85.2, 30.0], [-85.9, 30.5], [-86.7, 30.8], [-87.7, 31.1], [-88.4, 31.8], [-89.7, 31.5], [-90.0, 31.3], [-89.9, 31.5], [-89.4, 32.0], [-89.0, 32.4], [-88.6, 32.7], [-87.9, 33.3], [-87.2, 33.9], [-86.5, 34.6], [-85.8, 35.0], [-85.1, 35.5], [-84.4, 36.1], [-83.6, 36.9], [-83.2, 37.4], [-82.6, 37.7]]}}, {"type": "Feature", "properties": {"storm_id": "AL072008", "name": "GUSTAV", "year": 2008, "max_wind": 135.0, "min_pressure": 941.0, "category": 4}, "geometry": {"type": "LineString", "coordinates": [[-67.4, 13.5], [-68.5, 14.4], [-69.6, 15.1], [-70.5, 15.8], [-71.2, 16.4], [-71.7, 16.9], [-72.1, 17.5], [-72.8, 18.1], [-73.1, 18.4], [-73.4, 18.6], [-73.7, 18.7], [-74.0, 18.9], [-75.1, 18.8], [-75.4, 18.1], [-75.7, 17.9], [-76.2, 18.0], [-77.0, 17.8], [-77.2, 17.9], [-77.7, 18.0], [-78.4, 18.3], [-79.2, 18.8], [-80.0, 19.2], [-80.8, 19.7], [-81.6, 20.7], [-82.5, 21.6], [-83.1, 22.4], [-83.5, 22.7], [-84.4, 23.6], [-85.5, 24.8], [-86.7, 25.9], [-87.7, 26.9], [-89.0, 27.9], [-90.3, 28.8], [-90.7, 29.2], [-91.4, 29.8], [-92.3, 30.7], [-93.1, 31.4], [-93.5, 32.1], [-93.9, 32.7], [-93.9, 33.2], [-94.3, 33.7], [-94.4, 33.8], [-94.4, 34.0], [-94.1, 34.3], [-93.4, 34.8], [-92.3, 36.2], [-90.7, 38.5], [-88.7, 40.2], [-86.5, 42.2], [-83.8, 43.7]]}}, {"type": "Feature", "properties": {"storm_id": "AL082008", "name": "HANNA", "year": 2008, "max_wind": 75.0, "min_pressure": 977.0, "category": 1}, "geometry": {"type": "LineString", "coordinates": [[-57.3, 19.4], [-57.8, 19.7], [-58.6, 20.1], [-59.6, 20.5], [-60.5, 20.8], [-61.5, 20.9], [-62.4, 21.1], [-63.4, 21.5], [-64.5, 21.7], [-65.5, 21.8], [-66.2, 21.9], [-66.9, 22.2], [-67.5, 22.6], [-68.5, 23.1], [-69.8, 23.5], [-71.0, 23.6], [-71.7, 23.5], [-72.0, 23.2], [-72.2, 22.8], [-72.4, 22.3], [-72.3, 21.8], [-72.7, 21.4], [-73.0, 21.0], [-72.9, 20.6], [-72.6, 20.4], [-72.4, 20.2], [-71.9, 20.6], [-71.8, 21.6], [-71.8, 21.7], [-71.8, 22.7], [-72.4, 23.4], [-73.2, 24.1], [-74.3, 25.1], [-75.8, 26.1], [-77.3, 27.2], [-78.5, 28.2], [-78.7, 29.9], [-79.3, 31.5], [-78.8, 33.4], [-78.7, 33.8], [-78.1, 35.7], [-76.7, 37.8], [-74.5, 40.0], [-71.7, 41.9], [-68.0, 43.8], [-63.7, 45.7], [-59.1, 47.0], [-55.4, 47.5], [-52.1, 47.8]]}}, {"type": "Feature", "properties": {"storm_id": "AL092008", "name": "IKE", "year": 2008, "max_wind": 125.0, "min_pressure": 935.0, "category": 4}, "geometry": {"type": "LineString", "coordinates": [[-37.0, 17.2], [-38.4, 17.3], [-39.9, 17.5], [-41.3, 17.8], [-42.8, 18.2], [-44.3, 18.7], [-45.8, 19.3], [-47.3, 19.8], [-48.8, 20.2], [-50.3, 20.6], [-51.9, 21.1], [-53.5, 21.8], [-55.0, 22.4], [-56.4, 23.0], [-57.7, 23.4], [-59.0, 23.6], [-60.4, 23.6], [-61.9, 23.5], [-63.4, 23.2], [-64.9, 22.8], [-66.3, 22.4], [-67.7, 21.9], [-69.0, 21.5], [-70.3, 21.2], [-71.6, 21.1], [-72.8, 21.0], [-73.2, 21.0], [-74.0, 21.0], [-75.2, 21.1], [-75.7, 21.1], [-76.5, 21.1], [-77.8, 21.1], [-79.1, 21.2], [-80.3, 21.5], [-81.4, 22.0], [-82.4, 22.4], [-82.9, 22.6], [-83.3, 22.7], [-84.0, 23.1], [-84.6, 23.4], [-85.2, 23.8], [-85.8, 24.2], [-86.4, 24.7], [-87.1, 25.1], [-88.0, 25.5], [-88.9, 25.8], [-90.0, 26.1], [-91.1, 26.4], [-92.2, 26.9], [-93.2, 27.5], [-94.0, 28.3], [-94.6, 29.1], [-94.7, 29.3], [-95.2, 30.3], [-95.3, 31.7], [-94.9, 33.5], [-93.7, 35.5], [-91.0, 37.6], [-87.2, 40.3], [-81.5, 43.3], [-75.3, 45.8], [-71.1, 47.2]]}}, {"type": "Feature", "properties": {"storm_id": "AL102008", "name": "JOSEPHINE", "year": 2008, "max_wind": 55.0, "min_pressure": 994.0, "category": 0}, "geometry": {"type": "LineString", "coordinates": [[-21.9, 12.3], [-23.2, 12.7], [-24.2, 13.0], [-25.3, 13.3], [-26.3, 13.5], [-27.2, 13.6], [-28.2, 13.7], [-29.2, 13.8], [-30.0, 13.9], [-30.9, 14.1], [-31.9, 14.4], [-32.7, 14.6], [-33.4, 15.0], [-34.0, 15.4], [-34.5, 15.6], [-34.9, 15.8], [-35.5, 16.2], [-36.4, 16.5], [-37.3, 16.7], [-38.3, 16.8], [-39.2, 16.9], [-40.1, 17.0], [-40.9, 17.1], [-41.6, 17.2], [-42.4, 17.3], [-43.3, 17.5], [-44.2, 18.0], [-45.6, 18.1], [-47.3, 17.8], [-49.3, 16.8], [-51.4, 16.3], [-52.5, 16.3], [-53.6, 16.3]]}}, {"type": "Feature", "properties": {"storm_id": "AL112008", "name": "KYLE", "year": 2008, "max_wind": 75.0, "min_pressure": 984.0, "category": 1}, "geometry": {"type": "LineString", "coordinates": [[-70.0, 21.5], [-69.4, 22.0], [-68.7, 22.4], [-68.4, 23.1], [-68.0, 24.0], [-68.2, 25.0], [-68.6, 26.0], [-68.6, 26.9], [-68.6, 28.7], [-69.3, 29.9], [-69.5, 31.2], [-69.7, 33.3], [-69.7, 35.3], [-69.3, 37.4], [-68.2, 39.4], [-66.7, 41.6], [-66.2, 43.8], [-65.0, 45.6], [-63.5, 47.7], [-62.6, 48.2], [-61.5, 48.4], [-61.0, 48.2], [-60.8, 48.1]]}}, {"type": "Feature", "properties": {"storm_id": "AL122008", "name": "LAURA", "year": 2008, "max_wind": 70.0, "min_pressure": 990.0, "category": 1}, "geometry": {"type": "LineString", "coordinates": [[-35.0, 39.0], [-35.0, 37.9], [-35.5, 37.0], [-36.0, 36.5], [-36.5, 37.0], [-37.2, 37.4], [-38.0, 37.5], [-39.0, 37.4], [-40.0, 37.3], [-41.2, 37.2], [-42.5, 37.0], [-44.1, 36.8], [-45.7, 36.7], [-47.0, 37.0], [-47.7, 37.2], [-48.2, 37.8], [-48.5, 38.6], [-48.8, 39.6], [-48.9, 40.6], [-48.8, 41.7], [-48.3, 42.9], [-47.7, 44.2], [-46.9, 45.7], [-46.3, 47.5], [-46.0, 49.5], [-46.0, 51.5], [-46.0, 53.5], [-45.5, 55.6], [-44.0, 56.9], [-42.0, 57.0], [-40.0, 57.0], [-37.0, 57.0], [-31.4, 56.5], [-26.0, 56.0]]}}, {"type": "Feature", "properties": {"storm_id": "AL132008", "name": "MARCO", "year": 2008, "max_wind": 55.0, "min_pressure": 998.0, "category": 0}, "geometry": {"type": "LineString", "coordinates": [[-91.7, 18.5], [-92.7, 18.6], [-93.7, 18.9], [-94.5, 19.4], [-95.2, 19.7], [-95.9, 19.8], [-96.5, 19.9], [-96.9, 19.9]]}}, {"type": "Feature", "properties": {"storm_id": "AL142008", "name": "NANA", "year": 2008, "max_wind": 35.0, "min_pressure": 1004.0, "category": 0}, "geometry": {"type": "LineString", "coordinates": [[-36.6, 15.5], [-37.1, 16.0], [-37.7, 16.4], [-38.4, 16.5], [-39.0, 16.6], [-39.6, 16.8], [-40.3, 17.2], [-41.5, 17.6], [-42.7, 18.0], [-44.0, 18.3], [-45.0, 18.6], [-46.1, 19.4], [-47.1, 20.5], [-48.0, 22.0]]}}, {"type": "Feature", "properties": {"storm_id": "AL152008", "name": "OMAR", "year": 2008, "max_wind": 115.0, "min_pressure": 958.0, "category": 4}, "geometry": {"type": "LineString", "coordinates": [[-69.0, 15.4], [-69.6, 15.2], [-69.8, 14.8], [-69.6, 14.5], [-69.3, 14.3], [-69.1, 14.2], [-68.8, 13.9], [-68.3, 14.1], [-68.0, 14.4], [-67.4, 14.9], [-66.5, 15.6], [-65.2, 16.7], [-63.9, 18.2], [-62.1, 19.6], [-60.4, 21.1], [-58.8, 22.8], [-57.1, 25.1], [-55.7, 27.9], [-54.4, 30.1], [-53.2, 31.3], [-52.1, 32.4], [-51.3, 33.0], [-50.5, 33.5], [-49.7, 34.0], [-49.0, 34.5], [-48.3, 35.1], [-47.5, 35.7], [-46.8, 36.4], [-46.2, 37.0], [-45.3, 37.6], [-44.3, 37.9], [-43.3, 38.3]]}}, {"type": "Feature", "properties": {"storm_id": "AL162008", "name": "SIXTEEN", "year": 2008, "max_wind": 25.0, "min_pressure": 1004.0, "category": 0}, "geometry": {"type": "LineString", "coordinates": [[-82.8, 15.5], [-83.2, 15.9], [-83.6, 16.0], [-84.0, 16.0], [-84.4, 15.9], [-84.5, 15.9], [-85.0, 15.6], [-85.6, 15.3]]}}, {"type": "Feature", "properties": {"storm_id": "AL172008", "name": "PALOMA", "year": 2008, "max_wind": 125.0, "min_pressure": 944.0, "category": 4}, "geometry": {"type": "LineString", "coordinates": [[-81.7, 13.7], [-82.0, 14.2], [-82.1, 14.8], [-82.0, 15.4], [-81.9, 16.1], [-81.8, 16.8], [-81.7, 17.4], [-81.6, 18.0], [-81.4, 18.6], [-81.0, 19.0], [-80.4, 19.4], [-79.6, 19.8], [-78.8, 20.2], [-78.0, 20.7], [-78.0, 20.7], [-77.7, 21.0], [-77.8, 21.3], [-77.9, 21.6], [-77.9, 21.8], [-77.8, 22.1], [-77.7, 22.4], [-77.6, 22.5], [-77.5, 22.4], [-77.6, 22.1], [-77.9, 21.8], [-78.3, 21.3], [-78.8, 20.9], [-79.7, 20.8], [-80.7, 21.0], [-81.7, 21.4], [-82.8, 22.1], [-83.8, 22.8], [-84.7, 23.8], [-85.5, 25.0], [-85.9, 26.8], [-85.6, 28.9]]}}, {"type": "Feature", "properties": {"storm_id": "AL012009", "name": "ONE", "year": 2009, "max_wind": 30.0, "min_pressure": 1006.0, "category": 0}, "geometry": {"type": "LineString", "coordinates": [[-75.4, 30.6], [-75.6, 31.7], [-75.5, 32.7], [-75.2, 33.6], [-74.6, 34.5], [-73.8, 35.3], [-72.9, 36.1], [-71.8, 36.9], [-70.3, 37.5], [-68.6, 38.0], [-66.8, 38.6], [-65.0, 39.3], [-63.1, 40.0], [-61.0, 40.6], [-58.6, 41.0]]}}, {"type": "Feature", "properties": {"storm_id": "AL022009", "name": "ANA", "year": 2009, "max_wind": 35.0, "min_pressure": 1003.0, "category": 0}, "geometry": {"type": "LineString", "coordinates": [[-24.0, 14.3], [-24.9, 14.4], [-25.8, 14.4], [-26.8, 14.4], [-27.9, 14.4], [-29.0, 14.5], [-30.0, 14.6], [-31.0, 14.6], [-32.1, 14.5], [-33.3, 14.4], [-34.4, 14.3], [-35.3, 14.1], [-36.3, 14.0], [-37.2, 14.0], [-38.2, 14.1], [-39.3, 14.3], [-40.5, 14.5], [-41.8, 14.6], [-43.2, 14.6], [-44.7, 14.5], [-46.1, 14.4], [-47.6, 14.4], [-49.2, 14.4], [-50.7, 14.4], [-52.6, 14.5], [-54.8, 14.6]]}}, {"type": "Feature", "properties": {"storm_id": "AL032009", "name": "BILL", "year": 2009, "max_wind": 115.0, "min_pressure": 943.0, "category": 4}, "geometry": {"type": "LineString", "coordinates": [[-32.0, 11.8], [-33.3, 11.5], [-34.5, 11.2], [-35.5, 11.2], [-36.5, 11.5], [-37.8, 12.0], [-39.4, 12.6], [-41.3, 13.1], [-43.2, 13.5], [-44.6, 13.9], [-46.0, 14.4], [-47.5, 14.8], [-49.0, 15.3], [-50.3, 15.7], [-51.7, 16.2], [-52.9, 16.9], [-54.2, 17.6], [-55.6, 18.3], [-56.9, 19.3], [-58.2, 20.2], [-59.6, 21.1], [-61.0, 22.1], [-62.4, 23.1], [-63.7, 24.1], [-64.9, 25.5], [-66.0, 27.1], [-66.9, 28.6], [-67.6, 30.4], [-68.4, 32.3], [-68.8, 34.1], [-68.9, 36.0], [-68.4, 38.1], [-67.3, 40.1], [-65.4, 42.4], [-62.5, 44.4], [-57.9, 46.3], [-56.4, 46.8], [-56.0, 46.9], [-53.0, 48.0], [-47.2, 49.2], [-41.2, 50.0], [-35.4, 50.3], [-29.6, 50.7], [-23.8, 51.2], [-18.0, 52.0], [-13.0, 53.0]]}}, {"type": "Feature", "properties": {"storm_id": "AL042009", "name": "CLAUDETTE", "year": 2009, "max_wind": 50.0, "min_pressure": 1005.0, "category": 0}, "geometry": {"type": "LineString", "coordinates": [[-83.4, 27.0], [-84.2, 28.2], [-85.1, 29.1], [-85.8, 29.8], [-86.5, 30.4], [-86.6, 30.5], [-87.5, 31.5], [-88.3, 32.8]]}}, {"type": "Feature", "properties": {"storm_id": "AL052009", "name": "DANNY", "year": 2009, "max_wind": 50.0, "min_pressure": 1006.0, "category": 0}, "geometry": {"type": "LineString", "coordinates": [[-69.6, 24.3], [-70.1, 24.6], [-70.7, 25.1], [-71.2, 25.9], [-71.8, 27.0], [-72.7, 27.4], [-73.3, 27.4], [-73.5, 28.1], [-74.4, 29.0], [-75.4, 29.7], [-75.7, 30.1], [-75.0, 31.0]]}}, {"type": "Feature", "properties": {"storm_id": "AL062009", "name": "ERIKA", "year": 2009, "max_wind": 45.0, "min_pressure": 1004.0, "category": 0}, "geometry": {"type": "LineString", "coordinates": [[-57.3, 16.7], [-58.0, 16.8], [-58.9, 16.5], [-59.9, 16.4], [-61.0, 16.3], [-61.3, 16.3], [-61.9, 16.3], [-62.7, 16.4], [-63.5, 16.5], [-64.5, 16.6], [-65.5, 16.8], [-66.5, 17.0]]}}, {"type": "Feature", "properties": {"storm_id": "AL072009", "name": "FRED", "year": 2009, "max_wind": 105.0, "min_pressure": 958.0, "category": 3}, "geometry": {"type": "LineString", "coordinates": [[-24.0, 11.8], [-25.4, 11.7], [-26.8, 11.7], [-28.0, 11.8], [-29.2, 11.9], [-30.3, 12.4], [-31.3, 13.0], [-32.1, 13.6], [-32.8, 14.2], [-33.5, 14.8], [-34.2, 15.4], [-34.6, 16.1], [-34.9, 16.7], [-35.1, 17.2], [-34.8, 17.5], [-34.5, 17.6], [-34.2, 17.6], [-33.9, 17.6], [-33.6, 17.6], [-33.6, 17.5], [-33.8, 17.5], [-34.0, 17.5], [-34.3, 17.5], [-34.7, 17.9], [-35.4, 18.5], [-36.3, 19.0], [-37.5, 19.2], [-38.8, 19.2], [-40.2, 19.1], [-41.6, 19.1], [-43.1, 19.3], [-44.7, 19.8], [-46.4, 20.4], [-48.3, 21.1], [-50.2, 21.8], [-52.1, 22.3], [-54.1, 22.8], [-56.0, 23.3], [-57.9, 23.8], [-59.9, 24.2], [-61.6, 24.6], [-63.2, 24.9], [-64.7, 25.3], [-66.0, 25.6], [-67.1, 25.9], [-68.1, 26.2], [-69.0, 26.4], [-69.8, 26.6]]}}, {"type": "Feature", "properties": {"storm_id": "AL082009", "name": "EIGHT", "year": 2009, "max_wind": 30.0, "min_pressure": 1008.0, "category": 0}, "geometry": {"type": "LineString", "coordinates": [[-29.0, 14.8], [-30.1, 15.4], [-31.1, 16.1], [-32.2, 16.7], [-33.3, 17.2], [-34.3, 17.8], [-35.2, 18.6]]}}, {"type": "Feature", "properties": {"storm_id": "AL092009", "name": "GRACE", "year": 2009, "max_wind": 55.0, "min_pressure": 986.0, "category": 0}, "geometry": {"type": "LineString", "coordinates": [[-43.2, 46.0], [-42.9, 45.3], [-42.0, 44.7], [-40.3, 44.0], [-38.7, 43.8], [-37.1, 43.6], [-35.8, 43.4], [-35.3, 42.9], [-35.2, 42.3], [-35.4, 41.4], [-35.3, 40.3], [-34.6, 38.7], [-33.2, 37.4], [-31.5, 36.6], [-29.7, 36.7], [-28.7, 37.7], [-28.5, 38.6], [-28.8, 39.3], [-29.4, 39.7], [-30.0, 40.2], [-30.4, 40.9], [-31.0, 41.4], [-31.9, 41.4], [-32.5, 40.8], [-32.3, 39.9], [-31.3, 39.1], [-29.5, 38.5], [-26.8, 38.3], [-23.9, 38.8], [-21.3, 40.2], [-19.0, 42.0], [-17.1, 44.3], [-15.5, 46.6], [-14.3, 48.8], [-12.7, 50.0], [-10.6, 50.4], [-7.7, 50.8]]}}, {"type": "Feature", "properties": {"storm_id": "AL102009", "name": "HENRI", "year": 2009, "max_wind": 45.0, "min_pressure": 1005.0, "category": 0}, "geometry": {"type": "LineString", "coordinates": [[-49.2, 15.1], [-50.5, 16.1], [-51.9, 17.0], [-53.4, 17.6], [-54.6, 18.0], [-55.7, 18.3], [-56.8, 18.7], [-57.9, 19.0], [-59.1, 19.3], [-60.3, 19.6], [-61.4, 20.0], [-62.2, 20.3], [-62.9, 20.5], [-63.5, 20.6], [-64.1, 20.7], [-64.9, 20.9], [-65.7, 21.0], [-66.7, 20.9], [-67.6, 20.6], [-68.5, 20.3], [-69.4, 20.2], [-70.5, 20.1], [-71.7, 20.2]]}}, {"type": "Feature", "properties": {"storm_id": "AL112009", "name": "IDA", "year": 2009, "max_wind": 90.0, "min_pressure": 975.0, "category": 2}, "geometry": {"type": "LineString", "coordinates": [[-81.3, 11.0], [-81.8, 11.4], [-82.3, 11.8], [-82.8, 12.3], [-83.3, 12.6], [-83.6, 12.9], [-83.8, 13.2], [-83.9, 13.6], [-84.0, 14.1], [-83.9, 14.7], [-83.9, 15.4], [-84.0, 16.1], [-84.0, 16.8], [-84.0, 17.7], [-84.1, 18.7], [-84.5, 19.5], [-85.3, 20.1], [-85.8, 20.9], [-86.2, 21.9], [-86.5, 23.0], [-87.5, 24.4], [-88.3, 26.3], [-88.6, 27.9], [-88.7, 28.5], [-88.7, 28.9], [-88.6, 29.8], [-88.3, 30.1], [-88.0, 30.3], [-87.2, 30.6], [-86.3, 30.6], [-85.5, 30.8]]}}, {"type": "Feature", "properties": {"storm_id": "AL012010", "name": "ALEX", "year": 2010, "max_wind": 95.0, "min_pressure": 946.0, "category": 2}, "geometry": {"type": "LineString", "coordinates": [[-82.0, 15.9], [-82.1, 16.0], [-82.3, 16.1], [-82.5, 16.2], [-83.1, 16.4], [-83.9, 16.6], [-84.9, 16.7], [-86.1, 16.9], [-87.2, 17.2], [-88.2, 17.5], [-89.1, 18.0], [-90.0, 18.5], [-90.7, 18.9], [-91.1, 19.2], [-91.4, 19.5], [-91.6, 20.0], [-91.7, 20.3], [-91.7, 20.7], [-91.9, 21.5], [-92.7, 22.4], [-93.6, 22.9], [-94.4, 23.0], [-94.8, 23.1], [-95.2, 23.5], [-95.5, 24.0], [-96.2, 24.3], [-97.3, 24.3], [-97.7, 24.2], [-98.4, 24.1], [-99.5, 23.5], [-100.7, 23.1], [-101.9, 23.2]]}}, {"type": "Feature", "properties": {"storm_id": "AL022010", "name": "TWO", "year": 2010, "max_wind": 30.0, "min_pressure": 1005.0, "category": 0}, "geometry": {"type": "LineString", "coordinates": [[-91.1, 21.5], [-92.0, 22.1], [-92.8, 22.8], [-93.7, 23.7], [-95.0, 24.7], [-96.6, 26.1], [-97.1, 26.1], [-97.8, 26.1], [-98.8, 25.9], [-99.7, 26.1], [-100.6, 26.5], [-101.3, 27.3], [-102.2, 28.1]]}}, {"type": "Feature", "properties": {"storm_id": "AL032010", "name": "BONNIE", "year": 2010, "max_wind": 40.0, "min_pressure": 1005.0, "category": 0}, "geometry": {"type": "LineString", "coordinates": [[-73.8, 21.5], [-74.4, 21.7], [-74.9, 22.2], [-75.7, 23.0], [-75.9, 23.1], [-77.5, 23.7], [-77.8, 23.8], [-79.7, 24.8], [-80.2, 25.4], [-81.1, 25.8], [-82.6, 26.3], [-84.4, 26.7], [-85.9, 27.5], [-87.1, 28.1], [-88.3, 28.6], [-89.5, 29.2], [-90.5, 29.8], [-91.0, 30.1]]}}, {"type": "Feature", "properties": {"storm_id": "AL042010", "name": "COLIN", "year": 2010, "max_wind": 50.0, "min_pressure": 1005.0, "category": 0}, "geometry": {"type": "LineString", "coordinates": [[-40.7, 12.5], [-42.4, 12.9], [-44.4, 13.3], [-46.6, 13.7], [-49.3, 14.3], [-52.2, 15.3], [-54.8, 16.1], [-57.2, 17.0], [-59.5, 18.0], [-61.1, 19.2], [-62.5, 20.4], [-63.7, 21.7], [-64.9, 23.0], [-65.8, 24.4], [-66.1, 25.0], [-66.6, 25.6], [-67.2, 26.4], [-67.1, 27.0], [-66.9, 27.7], [-66.6, 28.5], [-66.4, 28.9], [-66.2, 29.1], [-65.9, 29.3], [-65.7, 29.7], [-65.7, 30.3]]}}, {"type": "Feature", "properties": {"storm_id": "AL052010", "name": "FIVE", "year": 2010, "max_wind": 30.0, "min_pressure": 1007.0, "category": 0}, "geometry": {"type": "LineString", "coordinates": [[-83.0, 25.7], [-83.3, 25.7], [-83.7, 25.9], [-84.1, 26.1], [-85.0, 26.5], [-86.1, 27.1], [-87.5, 28.0], [-88.4, 29.0], [-88.8, 29.4], [-89.0, 29.7], [-89.0, 29.8], [-88.9, 30.0], [-88.8, 30.4], [-88.6, 30.8], [-88.0, 31.4], [-87.3, 32.0], [-86.5, 32.5], [-85.9, 32.8], [-85.4, 33.0], [-85.0, 32.8], [-84.9, 32.5], [-85.0, 32.0], [-85.1, 31.5], [-85.3, 30.8], [-85.6, 30.0], [-86.0, 29.3], [-86.8, 29.3], [-87.7, 29.6], [-88.6, 30.0], [-89.4, 30.7], [-90.3, 31.3], [-91.0, 31.7]]}}, {"type": "Feature", "properties": {"storm_id": "AL062010", "name": "DANIELLE", "year": 2010, "max_wind": 115.0, "min_pressure": 942.0, "category": 4}, "geometry": {"type": "LineString", "coordinates": [[-31.1, 10.7], [-31.7, 11.0], [-32.4, 11.4], [-33.1, 11.8], [-33.9, 12.4], [-34.8, 13.2], [-35.9, 13.8], [-37.4, 14.2], [-39.1, 14.7], [-40.9, 15.2], [-42.6, 15.4], [-44.2, 15.6], [-45.8, 16.2], [-47.5, 17.0], [-49.0, 17.7], [-50.4, 18.4], [-51.6, 19.4], [-52.6, 20.7], [-53.6, 22.0], [-54.6, 23.1], [-55.4, 24.0], [-56.4, 24.8], [-57.3, 25.6], [-58.3, 26.2], [-59.3, 26.5], [-60.1, 27.1], [-60.5, 27.7], [-61.0, 28.3], [-60.8, 28.9], [-60.2, 29.6], [-59.2, 30.9], [-57.9, 32.4], [-56.2, 34.7], [-55.0, 37.3], [-53.8, 38.7], [-52.8, 40.0], [-51.6, 40.6], [-50.2, 41.0], [-48.0, 41.1], [-44.8, 41.2], [-41.0, 41.3], [-35.9, 42.1], [-30.4, 43.5], [-26.3, 44.8], [-24.0, 46.2], [-22.0, 47.9], [-20.7, 49.5], [-19.9, 51.1], [-20.3, 53.0], [-21.5, 55.0], [-23.0, 57.5]]}}, {"type": "Feature", "properties": {"storm_id": "AL072010", "name": "EARL", "year": 2010, "max_wind": 125.0, "min_pressure": 927.0, "category": 4}, "geometry": {"type": "LineString", "coordinates": [[-19.3, 12.4], [-20.9, 12.8], [-22.6, 13.2], [-24.3, 13.6], [-26.0, 13.9], [-27.8, 14.1], [-29.7, 14.3], [-31.5, 14.5], [-33.0, 14.7], [-34.5, 14.9], [-36.0, 15.1], [-37.7, 15.3], [-39.4, 15.5], [-41.2, 15.7], [-43.1, 15.8], [-45.0, 15.9], [-47.0, 16.0], [-49.0, 16.1], [-51.0, 16.2], [-53.0, 16.3], [-54.8, 16.5], [-56.5, 16.7], [-58.0, 17.0], [-59.3, 17.3], [-60.6, 17.7], [-61.9, 18.1], [-63.1, 18.5], [-64.2, 19.0], [-65.3, 19.6], [-66.4, 20.2], [-67.5, 20.9], [-68.4, 21.6], [-69.4, 22.5], [-70.5, 23.6], [-71.6, 24.7], [-72.7, 25.9], [-73.5, 27.2], [-74.3, 28.6], [-74.8, 30.1], [-75.1, 31.7], [-74.9, 33.0], [-74.2, 34.5], [-73.4, 36.1], [-72.2, 37.6], [-70.6, 39.1], [-68.4, 40.7], [-65.7, 43.0], [-64.5, 44.3], [-63.2, 45.5], [-62.7, 46.0], [-60.2, 48.4], [-57.5, 50.6], [-55.4, 52.4], [-54.1, 54.0], [-53.5, 55.7]]}}, {"type": "Feature", "properties": {"storm_id": "AL082010", "name": "FIONA", "year": 2010, "max_wind": 55.0, "min_pressure": 998.0, "category": 0}, "geometry": {"type": "LineString", "coordinates": [[-41.8, 14.0], [-43.8, 14.1], [-45.7, 14.4], [-47.7, 14.9], [-50.0, 15.5], [-52.5, 15.9], [-54.8, 16.1], [-56.9, 16.3], [-58.5, 16.6], [-59.8, 17.2], [-61.0, 18.2], [-62.5, 19.5], [-63.8, 21.0], [-64.9, 22.3], [-65.9, 23.6], [-66.6, 25.0], [-67.0, 26.3], [-67.0, 27.5], [-66.7, 28.5], [-66.0, 29.6], [-65.0, 30.7], [-63.9, 31.8], [-62.9, 32.9], [-62.0, 34.1]]}}, {"type": "Feature", "properties": {"storm_id": "AL092010", "name": "GASTON", "year": 2010, "max_wind": 35.0, "min_pressure": 1005.0, "category": 0}, "geometry": {"type": "LineString", "coordinates": [[-32.2, 12.2], [-33.6, 12.4], [-35.0, 12.7], [-36.1, 12.9], [-37.2, 13.1], [-38.0, 13.2], [-38.8, 13.3], [-39.5, 13.5], [-40.1, 13.8], [-40.6, 14.1], [-41.3, 14.5], [-42.0, 15.0], [-43.0, 15.4], [-44.2, 15.9], [-45.5, 16.3], [-46.6, 16.5], [-47.7, 16.7], [-48.8, 16.8], [-50.0, 16.9], [-51.2, 17.0], [-52.6, 17.1], [-54.0, 17.3], [-55.5, 17.4], [-57.2, 17.5], [-59.0, 17.4], [-60.8, 17.1], [-62.7, 16.8], [-64.6, 16.8], [-66.3, 17.0], [-67.7, 17.4]]}}, {"type": "Feature", "properties": {"storm_id": "AL102010", "name": "HERMINE", "year": 2010, "max_wind": 60.0, "min_pressure": 989.0, "category": 0}, "geometry": {"type": "LineString", "coordinates": [[-95.6, 17.5], [-95.6, 18.3], [-95.6, 19.0], [-95.6, 19.5], [-95.5, 20.0], [-95.0, 20.7], [-95.1, 21.8], [-95.6, 23.0], [-96.5, 24.0], [-97.2, 24.9], [-97.4, 25.3], [-97.7, 26.2], [-98.1, 27.7], [-98.6, 29.4], [-99.1, 30.6], [-99.5, 31.6], [-99.5, 32.7], [-98.7, 33.7], [-97.9, 34.7], [-97.2, 35.5], [-96.4, 36.3], [-95.5, 37.0], [-95.0, 37.5]]}}, {"type": "Feature", "properties": {"storm_id": "AL112010", "name": "IGOR", "year": 2010, "max_wind": 135.0, "min_pressure": 924.0, "category": 4}, "geometry": {"type": "LineString", "coordinates": [[-22.7, 14.0], [-23.3, 13.8], [-23.7, 13.8], [-24.1, 13.8], [-24.8, 13.9], [-25.5, 14.2], [-26.4, 14.7], [-27.5, 15.4], [-28.7, 15.9], [-30.4, 16.3], [-32.5, 16.6], [-34.8, 16.9], [-37.0, 17.1], [-38.7, 17.3], [-40.4, 17.4], [-42.0, 17.6], [-43.5, 17.7], [-44.9, 17.7], [-46.1, 17.7], [-47.3, 17.7], [-48.3, 17.6], [-49.3, 17.6], [-50.2, 17.6], [-50.9, 17.7], [-51.5, 17.9], [-52.1, 18.2], [-52.8, 18.6], [-53.5, 18.9], [-54.1, 19.2], [-54.7, 19.5], [-55.3, 19.8], [-56.0, 20.1], [-56.5, 20.4], [-57.1, 20.8], [-57.8, 21.4], [-58.4, 21.8], [-59.1, 22.2], [-59.9, 22.8], [-60.7, 23.5], [-61.6, 24.2], [-62.5, 24.9], [-63.3, 25.7], [-64.0, 26.6], [-64.6, 27.5], [-65.2, 28.4], [-65.6, 29.6], [-65.9, 30.8], [-65.7, 31.9], [-65.2, 33.2], [-64.2, 35.1], [-62.6, 37.2], [-60.4, 39.0], [-57.0, 41.5], [-54.4, 44.8], [-53.2, 46.6], [-52.1, 48.5], [-50.5, 51.5], [-49.5, 53.5], [-49.4, 55.5], [-50.0, 57.0], [-51.0, 58.5]]}}, {"type": "Feature", "properties": {"storm_id": "AL122010", "name": "JULIA", "year": 2010, "max_wind": 120.0, "min_pressure": 948.0, "category": 4}, "geometry": {"type": "LineString", "coordinates": [[-20.5, 12.9], [-21.3, 13.0], [-22.1, 13.1], [-23.1, 13.5], [-24.2, 14.0], [-25.4, 14.5], [-26.5, 15.0], [-27.5, 15.3], [-28.4, 15.6], [-29.2, 15.9], [-29.9, 16.1], [-30.6, 16.4], [-31.4, 16.9], [-32.2, 17.7], [-33.0, 18.8], [-34.1, 19.9], [-35.8, 20.9], [-37.7, 21.8], [-40.0, 22.7], [-42.0, 23.1], [-44.0, 23.5], [-45.8, 23.9], [-47.4, 24.6], [-48.7, 25.6], [-49.8, 26.9], [-50.7, 28.3], [-51.4, 29.8], [-51.8, 31.4], [-52.0, 32.8], [-51.4, 33.9], [-50.2, 34.6], [-49.2, 34.9], [-48.0, 34.9], [-46.9, 34.7], [-46.0, 34.6], [-45.1, 34.4], [-44.1, 34.4], [-43.0, 34.5], [-41.9, 34.5], [-40.9, 34.3], [-39.9, 33.9], [-38.8, 33.6], [-38.0, 33.2], [-37.8, 33.0], [-37.7, 32.7], [-37.8, 32.4], [-38.6, 32.0], [-40.0, 31.5], [-41.6, 31.2], [-43.1, 30.9], [-44.3, 30.6]]}}, {"type": "Feature", "properties": {"storm_id": "AL132010", "name": "KARL", "year": 2010, "max_wind": 110.0, "min_pressure": 956.0, "category": 3}, "geometry": {"type": "LineString", "coordinates": [[-78.5, 16.3], [-79.8, 16.6], [-81.1, 17.0], [-82.3, 17.6], [-83.6, 18.1], [-85.0, 18.3], [-86.2, 18.3], [-87.6, 18.5], [-87.8, 18.5], [-88.8, 18.8], [-90.1, 19.2], [-91.1, 19.4], [-92.2, 19.6], [-93.3, 19.6], [-94.1, 19.7], [-94.9, 19.7], [-95.6, 19.6], [-96.0, 19.4], [-96.2, 19.3], [-96.4, 19.2], [-97.1, 18.7], [-97.4, 18.6]]}}, {"type": "Feature", "properties": {"storm_id": "AL142010", "name": "LISA", "year": 2010, "max_wind": 75.0, "min_pressure": 982.0, "category": 1}, "geometry": {"type": "LineString", "coordinates": [[-32.0, 15.2], [-32.1, 15.5], [-32.1, 15.9], [-32.0, 16.3], [-31.9, 16.8], [-31.8, 17.3], [-31.7, 17.7], [-31.5, 17.8], [-31.3, 17.6], [-30.9, 17.3], [-30.4, 17.3], [-30.0, 17.4], [-29.7, 17.5], [-29.3, 17.5], [-28.8, 17.5], [-28.3, 17.6], [-28.0, 17.9], [-27.7, 18.3], [-27.6, 19.0], [-27.7, 19.7], [-27.7, 20.0], [-27.8, 20.4], [-28.0, 21.3], [-28.3, 22.3], [-28.6, 23.2], [-28.8, 24.0], [-28.9, 24.8], [-29.0, 25.3], [-29.2, 25.8], [-29.6, 26.3], [-30.1, 26.8], [-30.6, 27.4], [-31.1, 28.0], [-31.5, 28.6], [-31.7, 29.1], [-31.7, 29.5], [-31.6, 29.9], [-31.5, 30.2]]}}, {"type": "Feature", "properties": {"storm_id": "AL152010", "name": "MATTHEW", "year": 2010, "max_wind": 50.0, "min_pressure": 998.0, "category": 0}, "geometry": {"type": "LineString", "coordinates": [[-74.8, 13.7], [-76.2, 13.9], [-77.7, 14.0], [-79.3, 14.0], [-81.1, 14.2], [-83.0, 14.6], [-83.3, 14.7], [-84.6, 15.2], [-86.1, 15.8], [-87.7, 16.3], [-88.4, 16.5], [-89.4, 16.7], [-90.8, 17.0], [-91.9, 17.3], [-92.8, 17.5], [-93.3, 17.2]]}}, {"type": "Feature", "properties": {"storm_id": "AL162010", "name": "NICOLE", "year": 2010, "max_wind": 40.0, "min_pressure": 994.0, "category": 0}, "geometry": {"type": "LineString", "coordinates": [[-84.1, 19.4], [-83.5, 19.8], [-83.0, 20.4], [-82.7, 21.0], [-82.2, 21.4], [-81.6, 21.7], [-81.0, 21.9], [-80.5, 22.2], [-80.1, 23.3], [-79.6, 24.7], [-79.0, 26.1], [-78.5, 27.4]]}}, {"type": "Feature", "properties": {"storm_id": "AL172010", "name": "OTTO", "year": 2010, "max_wind": 75.0, "min_pressure": 976.0, "category": 1}, "geometry": {"type": "LineString", "coordinates": [[-67.2, 22.0], [-67.8, 22.6], [-68.1, 23.0], [-68.2, 23.2], [-68.3, 23.4], [-68.3, 23.6], [-67.8, 23.8], [-67.0, 24.0], [-66.1, 24.4], [-64.8, 25.2], [-63.3, 26.2], [-61.7, 27.2], [-59.7, 28.5], [-57.3, 30.0], [-54.3, 31.4], [-50.9, 32.7], [-47.0, 34.3], [-42.6, 36.4], [-38.1, 38.2], [-33.8, 40.3], [-30.8, 42.0], [-28.1, 43.1], [-26.3, 43.5], [-25.3, 43.4], [-24.6, 42.4], [-24.0, 41.4], [-23.5, 40.3], [-23.0, 39.3], [-22.7, 38.4], [-22.6, 37.6], [-22.4, 36.7], [-22.2, 35.8], [-22.0, 35.0], [-21.4, 34.4], [-20.6, 34.0], [-19.9, 33.8], [-19.2, 33.6], [-18.5, 33.4], [-17.8, 33.2], [-17.1, 33.0], [-16.5, 32.8], [-15.9, 32.6], [-15.3, 32.4], [-14.7, 32.3], [-14.5, 32.1], [-14.6, 31.9], [-14.7, 31.7]]}}, {"type": "Feature", "properties": {"storm_id": "AL182010", "name": "PAULA", "year": 2010, "max_wind": 90.0, "min_pressure": 981.0, "category": 2}, "geometry": {"type": "LineString", "coordinates": [[-81.8, 13.9], [-82.5, 14.4], [-83.2, 15.0], [-83.8, 15.7], [-84.4, 16.5], [-85.0, 17.3], [-85.6, 18.1], [-85.9, 18.8], [-86.0, 19.6], [-86.0, 20.3], [-85.9, 20.9], [-85.8, 21.4], [-85.6, 21.8], [-85.2, 22.2], [-84.5, 22.6], [-83.9, 22.7], [-83.5, 22.8], [-82.0, 22.9], [-80.9, 22.9], [-79.9, 22.9], [-79.1, 23.0]]}}, {"type": "Feature", "properties": {"storm_id": "AL192010", "name": "RICHARD", "year": 2010, "max_wind": 85.0, "min_pressure": 977.0, "category": 2}, "geometry": {"type": "LineString", "coordinates": [[-83.4, 17.2], [-83.2, 17.7], [-82.8, 17.8], [-82.3, 17.8], [-81.8, 17.6], [-81.3, 17.3], [-80.9, 17.0], [-80.6, 16.7], [-80.4, 16.3], [-80.5, 16.0], [-80.7, 15.9], [-81.0, 15.8], [-81.5, 15.8], [-82.1, 15.8], [-82.6, 15.8], [-83.1, 15.9], [-83.6, 16.0], [-84.3, 16.2], [-85.2, 16.5], [-86.3, 16.8], [-87.3, 17.0], [-88.2, 17.2], [-88.3, 17.2], [-89.2, 17.4], [-90.0, 17.7], [-90.8, 18.0], [-91.5, 18.4], [-92.3, 19.1], [-92.9, 20.1]]}}, {"type": "Feature", "properties": {"storm_id": "AL202010", "name": "SHARY", "year": 2010, "max_wind": 65.0, "min_pressure": 989.0, "category": 1}, "geometry": {"type": "LineString", "coordinates": [[-61.2, 25.6], [-63.0, 26.8], [-64.6, 28.1], [-65.9, 29.3], [-65.8, 30.2], [-64.0, 31.3], [-60.9, 32.9], [-57.2, 35.1], [-53.5, 37.0]]}}, {"type": "Feature", "properties": {"storm_id": "AL212010", "name": "TOMAS", "year": 2010, "max_wind": 85.0, "min_pressure": 982.0, "category": 2}, "geometry": {"type": "LineString", "coordinates": [[-53.7, 9.0], [-55.3, 9.8], [-56.8, 10.8], [-57.8, 11.9], [-58.9, 12.7], [-59.5, 13.0], [-60.1, 13.1], [-61.0, 13.3], [-61.2, 13.4], [-61.7, 13.5], [-62.4, 13.8], [-63.3, 14.0], [-64.4, 14.2], [-65.8, 14.1], [-67.1, 13.9], [-68.2, 13.6], [-69.2, 13.5], [-70.3, 13.5], [-71.4, 13.5], [-72.5, 13.5], [-73.4, 13.6], [-73.9, 13.8], [-74.3, 14.0], [-74.7, 14.3], [-75.1, 14.7], [-75.5, 15.1], [-75.9, 15.5], [-76.2, 15.9], [-76.2, 16.4], [-75.7, 17.0], [-75.2, 17.7], [-74.7, 18.7], [-74.0, 19.7], [-73.1, 20.4], [-71.8, 21.4], [-71.6, 21.7], [-70.9, 22.6], [-70.3, 23.8], [-69.8, 24.9], [-69.6, 25.4], [-69.5, 25.7], [-69.3, 26.0], [-68.5, 26.0], [-67.5, 25.8], [-66.2, 25.6], [-64.5, 25.8], [-62.3, 26.5], [-60.4, 27.9], [-58.6, 29.4], [-56.9, 31.0], [-55.4, 33.3], [-54.0, 36.0], [-53.5, 39.0], [-53.5, 42.0]]}}, {"type": "Feature", "properties": {"storm_id": "AL012011", "name": "ARLENE", "year": 2011, "max_wind": 55.0, "min_pressure": 993.0, "category": 0}, "geometry": {"type": "LineString", "coordinates": [[-92.8, 19.9], [-93.1, 20.3], [-93.5, 20.7], [-93.9, 21.0], [-94.5, 21.2], [-95.3, 21.3], [-95.6, 21.4], [-96.1, 21.6], [-97.0, 21.6], [-97.3, 21.6], [-97.4, 21.6], [-98.1, 21.5], [-98.7, 21.1]]}}, {"type": "Feature", "properties": {"storm_id": "AL022011", "name": "BRET", "year": 2011, "max_wind": 60.0, "min_pressure": 995.0, "category": 0}, "geometry": {"type": "LineString", "coordinates": [[-79.7, 30.7], [-79.4, 30.3], [-79.1, 29.8], [-78.8, 29.3], [-78.5, 28.8], [-78.3, 28.3], [-78.2, 27.8], [-78.1, 27.5], [-78.0, 27.1], [-77.5, 27.4], [-77.1, 27.8], [-76.8, 28.4], [-76.6, 29.0], [-76.2, 29.5], [-75.8, 30.0], [-75.3, 30.5], [-74.7, 30.9], [-74.1, 31.4], [-73.4, 31.9], [-72.7, 32.4], [-72.0, 33.0], [-71.2, 33.5], [-70.1, 34.1], [-68.9, 35.1], [-67.4, 36.2], [-65.2, 37.3], [-62.8, 38.3], [-60.1, 39.2], [-57.0, 39.8]]}}, {"type": "Feature", "properties": {"storm_id": "AL032011", "name": "CINDY", "year": 2011, "max_wind": 60.0, "min_pressure": 994.0, "category": 0}, "geometry": {"type": "LineString", "coordinates": [[-59.5, 33.0], [-57.0, 33.4], [-54.7, 34.5], [-52.5, 35.8], [-50.5, 37.4], [-48.4, 39.4], [-46.1, 41.3], [-43.7, 42.6], [-41.2, 43.8], [-38.6, 45.1], [-35.6, 46.7], [-32.1, 48.4], [-27.8, 50.0]]}}, {"type": "Feature", "properties": {"storm_id": "AL042011", "name": "DON", "year": 2011, "max_wind": 45.0, "min_pressure": 997.0, "category": 0}, "geometry": {"type": "LineString", "coordinates": [[-85.7, 21.6], [-86.2, 21.8], [-86.7, 22.0], [-87.4, 22.3], [-88.4, 22.9], [-89.5, 23.7], [-90.7, 24.2], [-91.9, 24.6], [-93.1, 25.1], [-94.3, 25.8], [-95.5, 26.4], [-96.9, 27.0], [-97.4, 27.3], [-98.1, 27.8]]}}, {"type": "Feature", "properties": {"storm_id": "AL052011", "name": "EMILY", "year": 2011, "max_wind": 45.0, "min_pressure": 1003.0, "category": 0}, "geometry": {"type": "LineString", "coordinates": [[-61.4, 14.9], [-62.5, 15.1], [-63.6, 15.4], [-64.8, 15.7], [-66.2, 16.0], [-67.7, 16.3], [-69.1, 16.6], [-70.3, 16.8], [-70.7, 16.9], [-71.3, 16.9], [-72.2, 17.3], [-73.4, 17.9], [-74.6, 18.8], [-75.5, 19.8], [-76.3, 21.0], [-76.9, 22.4], [-77.4, 23.6], [-77.9, 24.6], [-78.1, 25.6], [-78.2, 26.4], [-78.1, 27.2], [-77.4, 28.4], [-76.4, 29.7], [-74.8, 30.7]]}}, {"type": "Feature", "properties": {"storm_id": "AL062011", "name": "FRANKLIN", "year": 2011, "max_wind": 40.0, "min_pressure": 1004.0, "category": 0}, "geometry": {"type": "LineString", "coordinates": [[-66.0, 34.7], [-64.7, 35.6], [-63.0, 36.6], [-61.1, 37.6], [-59.0, 38.6], [-56.3, 39.6], [-53.2, 40.2], [-49.9, 40.4], [-47.0, 40.0], [-44.6, 39.4], [-42.5, 38.8], [-40.8, 38.1], [-39.2, 37.3], [-38.2, 36.6], [-37.9, 35.6]]}}, {"type": "Feature", "properties": {"storm_id": "AL072011", "name": "GERT", "year": 2011, "max_wind": 55.0, "min_pressure": 1000.0, "category": 0}, "geometry": {"type": "LineString", "coordinates": [[-58.0, 26.2], [-59.4, 26.9], [-60.6, 27.3], [-61.5, 27.5], [-62.3, 27.7], [-62.9, 28.1], [-63.1, 28.8], [-63.3, 29.6], [-63.4, 30.6], [-63.2, 31.6], [-62.7, 32.9], [-61.6, 34.2], [-60.3, 35.6], [-58.1, 37.1], [-55.8, 38.6], [-53.4, 40.1], [-50.9, 41.5], [-48.3, 42.9], [-44.8, 44.9]]}}, {"type": "Feature", "properties": {"storm_id": "AL082011", "name": "HARVEY", "year": 2011, "max_wind": 55.0, "min_pressure": 994.0, "category": 0}, "geometry": {"type": "LineString", "coordinates": [[-82.0, 15.4], [-82.7, 15.7], [-83.4, 15.9], [-84.1, 16.0], [-84.9, 16.1], [-85.8, 16.3], [-87.0, 16.6], [-88.3, 17.0], [-88.3, 17.0], [-89.6, 17.3], [-90.8, 17.6], [-92.0, 18.0], [-93.3, 18.5], [-94.8, 18.7], [-95.2, 18.7], [-96.2, 18.6], [-97.2, 18.1]]}}, {"type": "Feature", "properties": {"storm_id": "AL092011", "name": "IRENE", "year": 2011, "max_wind": 105.0, "min_pressure": 942.0, "category": 3}, "geometry": {"type": "LineString", "coordinates": [[-59.0, 15.0], [-60.6, 16.0], [-62.2, 16.8], [-63.7, 17.5], [-64.6, 17.8], [-65.0, 17.9], [-65.8, 18.1], [-65.9, 18.2], [-67.0, 18.9], [-68.0, 19.3], [-68.8, 19.7], [-69.7, 20.1], [-70.6, 20.4], [-71.2, 20.7], [-71.9, 21.0], [-72.5, 21.3], [-73.3, 21.9], [-74.0, 22.4], [-74.3, 22.7], [-75.1, 23.5], [-75.9, 24.1], [-76.2, 24.7], [-76.6, 25.4], [-77.2, 26.5], [-77.3, 27.7], [-77.3, 28.8], [-77.4, 30.0], [-77.5, 31.1], [-77.1, 32.1], [-76.8, 33.4], [-76.6, 34.7], [-76.3, 35.5], [-75.7, 36.7], [-75.0, 38.1], [-74.4, 39.4], [-74.1, 40.3], [-74.0, 40.6], [-73.1, 42.5], [-72.1, 44.2], [-69.5, 46.5], [-66.7, 49.1], [-63.8, 51.3], [-60.0, 53.0]]}}, {"type": "Feature", "properties": {"storm_id": "AL102011", "name": "TEN", "year": 2011, "max_wind": 30.0, "min_pressure": 1006.0, "category": 0}, "geometry": {"type": "LineString", "coordinates": [[-29.0, 12.3], [-30.1, 12.7], [-31.2, 13.1], [-32.1, 13.5], [-32.9, 13.9], [-33.3, 14.4], [-33.5, 14.8], [-33.7, 15.3], [-33.9, 15.8]]}}, {"type": "Feature", "properties": {"storm_id": "AL112011", "name": "JOSE", "year": 2011, "max_wind": 40.0, "min_pressure": 1006.0, "category": 0}, "geometry": {"type": "LineString", "coordinates": [[-59.0, 27.3], [-60.2, 27.4], [-61.3, 27.5], [-62.4, 27.7], [-63.4, 27.9], [-64.3, 28.3], [-64.9, 29.1], [-65.5, 29.8], [-65.7, 30.9], [-65.8, 32.4], [-65.6, 34.2], [-65.1, 36.2], [-63.8, 38.3]]}}, {"type": "Feature", "properties": {"storm_id": "AL122011", "name": "KATIA", "year": 2011, "max_wind": 120.0, "min_pressure": 942.0, "category": 4}, "geometry": {"type": "LineString", "coordinates": [[-19.0, 9.5], [-20.3, 9.4], [-21.6, 9.3], [-22.9, 9.3], [-24.2, 9.3], [-25.6, 9.5], [-27.0, 9.9], [-28.2, 10.6], [-29.6, 11.0], [-31.1, 11.5], [-32.9, 12.0], [-34.6, 12.6], [-36.4, 13.1], [-38.2, 13.6], [-40.0, 14.0], [-41.8, 14.4], [-43.5, 14.8], [-45.2, 15.1], [-46.9, 15.3], [-48.5, 15.7], [-50.0, 16.2], [-51.2, 16.8], [-52.1, 17.4], [-53.0, 18.0], [-53.9, 18.4], [-54.7, 18.8], [-55.4, 19.4], [-56.2, 19.9], [-57.1, 20.4], [-57.9, 21.1], [-58.8, 21.7], [-59.7, 22.3], [-60.6, 23.0], [-61.6, 23.6], [-62.6, 24.2], [-63.4, 24.8], [-64.0, 25.6], [-64.8, 26.2], [-65.6, 26.7], [-66.2, 27.3], [-66.9, 27.7], [-67.6, 28.2], [-68.4, 28.8], [-69.3, 29.4], [-69.9, 30.3], [-70.1, 31.5], [-70.2, 32.8], [-70.0, 34.1], [-69.4, 35.6], [-68.4, 37.1], [-67.1, 38.5], [-64.6, 39.8], [-60.5, 41.0], [-56.1, 42.2], [-50.6, 43.5], [-43.7, 45.4], [-37.2, 47.3], [-31.3, 49.1], [-26.0, 51.1], [-21.1, 52.8], [-16.3, 54.7], [-11.6, 56.2], [-7.0, 58.0], [-0.0, 59.5]]}}, {"type": "Feature", "properties": {"storm_id": "AL202011", "name": "AL202011", "year": 2011, "max_wind": 40.0, "min_pressure": 1002.0, "category": 0}, "geometry": {"type": "LineString", "coordinates": [[-64.3, 37.1], [-64.1, 37.1], [-63.9, 37.3], [-63.7, 37.4], [-63.7, 37.4], [-63.8, 37.4], [-63.8, 37.5], [-63.7, 37.8], [-62.8, 38.0], [-61.8, 39.0], [-60.7, 40.0], [-59.9, 41.0], [-59.2, 42.0], [-57.8, 42.4]]}}, {"type": "Feature", "properties": {"storm_id": "AL132011", "name": "LEE", "year": 2011, "max_wind": 50.0, "min_pressure": 986.0, "category": 0}, "geometry": {"type": "LineString", "coordinates": [[-91.4, 26.6], [-91.4, 26.9], [-91.4, 27.2], [-91.4, 27.5], [-91.5, 28.0], [-91.8, 28.5], [-92.0, 29.0], [-92.2, 29.2], [-92.5, 29.4], [-92.5, 29.5], [-92.2, 29.5], [-92.1, 29.6], [-92.0, 29.7], [-91.8, 30.3], [-91.6, 30.4], [-91.4, 30.4], [-90.1, 30.6], [-88.3, 31.5], [-86.5, 32.6], [-85.3, 33.4], [-85.1, 34.2], [-85.3, 34.9]]}}, {"type": "Feature", "properties": {"storm_id": "AL142011", "name": "MARIA", "year": 2011, "max_wind": 70.0, "min_pressure": 983.0, "category": 1}, "geometry": {"type": "LineString", "coordinates": [[-35.9, 11.5], [-37.5, 11.9], [-39.1, 12.3], [-41.0, 12.8], [-43.0, 13.0], [-45.2, 13.2], [-47.7, 13.2], [-50.1, 13.0], [-52.1, 13.2], [-53.7, 13.5], [-55.2, 13.9], [-56.6, 14.3], [-57.9, 14.9], [-59.0, 15.4], [-60.0, 16.0], [-61.1, 16.9], [-62.0, 17.8], [-62.7, 18.3], [-63.4, 18.7], [-64.1, 19.1], [-64.7, 19.6], [-65.3, 20.0], [-66.1, 20.4], [-66.9, 20.6], [-67.1, 20.8], [-67.3, 21.0], [-67.5, 21.3], [-67.7, 21.7], [-68.0, 22.3], [-68.5, 23.1], [-69.0, 23.9], [-69.3, 24.7], [-69.3, 25.8], [-68.9, 27.2], [-68.4, 28.8], [-67.8, 30.9], [-66.9, 33.7], [-64.8, 36.8], [-62.1, 39.8], [-58.2, 42.9], [-53.9, 46.7], [-53.5, 47.0]]}}, {"type": "Feature", "properties": {"storm_id": "AL152011", "name": "NATE", "year": 2011, "max_wind": 65.0, "min_pressure": 994.0, "category": 1}, "geometry": {"type": "LineString", "coordinates": [[-93.9, 20.3], [-93.7, 20.3], [-93.3, 20.3], [-92.9, 20.3], [-92.6, 20.3], [-92.5, 20.2], [-92.4, 20.1], [-92.3, 19.9], [-92.3, 19.7], [-92.1, 19.7], [-92.2, 19.9], [-92.4, 20.0], [-92.7, 20.0], [-93.0, 20.0], [-93.4, 20.0], [-93.8, 20.1], [-94.2, 20.1], [-94.7, 20.1], [-95.4, 20.0], [-96.4, 20.3], [-97.0, 20.5], [-97.2, 20.5], [-97.8, 20.5]]}}, {"type": "Feature", "properties": {"storm_id": "AL162011", "name": "OPHELIA", "year": 2011, "max_wind": 120.0, "min_pressure": 940.0, "category": 4}, "geometry": {"type": "LineString", "coordinates": [[-37.0, 11.6], [-37.7, 11.9], [-38.6, 12.2], [-39.7, 12.5], [-41.1, 12.7], [-42.6, 12.9], [-44.1, 13.1], [-45.2, 13.3], [-46.3, 13.5], [-47.3, 13.7], [-48.3, 13.9], [-49.4, 14.1], [-50.5, 14.4], [-51.7, 14.7], [-52.9, 15.2], [-54.0, 15.8], [-54.8, 16.5], [-55.9, 17.2], [-57.0, 17.6], [-58.0, 17.9], [-59.0, 18.2], [-59.8, 18.4], [-60.5, 18.6], [-60.8, 18.5], [-60.7, 18.3], [-60.5, 18.0], [-60.2, 17.8], [-59.9, 17.6], [-59.5, 17.6], [-59.3, 17.8], [-59.4, 18.0], [-59.5, 18.1], [-59.6, 18.2], [-59.8, 18.4], [-60.1, 18.7], [-60.5, 19.1], [-60.9, 19.6], [-61.4, 20.2], [-61.9, 21.0], [-62.3, 21.6], [-62.7, 22.4], [-63.0, 23.4], [-63.3, 24.6], [-63.3, 25.9], [-63.2, 27.3], [-63.1, 28.9], [-62.9, 30.7], [-62.5, 32.8], [-62.1, 35.0], [-61.6, 37.4], [-60.8, 40.1], [-59.6, 42.8], [-57.6, 45.4], [-55.4, 46.9], [-54.0, 47.4], [-49.2, 48.9], [-43.6, 49.9], [-37.8, 50.6], [-31.9, 51.3]]}}, {"type": "Feature", "properties": {"storm_id": "AL172011", "name": "PHILIPPE", "year": 2011, "max_wind": 80.0, "min_pressure": 976.0, "category": 1}, "geometry": {"type": "LineString", "coordinates": [[-17.5, 8.3], [-19.1, 8.6], [-20.6, 9.0], [-22.0, 9.5], [-23.3, 10.4], [-24.7, 11.0], [-26.1, 11.1], [-27.3, 11.2], [-28.4, 11.5], [-29.4, 12.1], [-30.3, 12.7], [-31.2, 13.2], [-32.1, 13.8], [-33.0, 14.4], [-33.6, 14.9], [-34.1, 15.3], [-34.4, 15.4], [-34.7, 15.5], [-35.2, 15.6], [-35.8, 15.7], [-36.6, 15.8], [-37.4, 16.0], [-38.4, 16.2], [-39.4, 16.6], [-40.5, 17.1], [-41.5, 17.8], [-42.3, 18.7], [-43.0, 19.7], [-43.6, 20.7], [-44.2, 21.7], [-44.8, 22.5], [-45.6, 23.2], [-46.3, 23.8], [-47.0, 24.1], [-47.6, 24.4], [-48.4, 24.8], [-49.3, 25.2], [-50.3, 25.8], [-51.2, 26.2], [-52.3, 26.3], [-53.2, 26.2], [-54.0, 25.6], [-54.8, 24.9], [-55.6, 24.3], [-56.6, 23.8], [-57.7, 23.7], [-58.7, 23.8], [-59.6, 24.0], [-60.2, 24.3], [-60.7, 24.7], [-61.0, 25.2], [-61.1, 25.5], [-61.1, 25.9], [-61.0, 26.5], [-60.4, 27.4], [-59.7, 28.2], [-58.8, 28.7], [-57.7, 29.0], [-56.5, 29.3], [-55.1, 29.7], [-53.5, 30.1], [-51.4, 30.9], [-48.7, 32.3], [-46.0, 34.4], [-43.6, 37.5]]}}, {"type": "Feature", "properties": {"storm_id": "AL182011", "name": "RINA", "year": 2011, "max_wind": 100.0, "min_pressure": 966.0, "category": 3}, "geometry": {"type": "LineString", "coordinates": [[-81.0, 12.7], [-81.2, 12.7], [-81.4, 12.9], [-81.4, 13.2], [-81.4, 13.6], [-81.4, 14.2], [-81.5, 14.8], [-81.7, 15.5], [-81.9, 16.0], [-82.2, 16.5], [-82.6, 16.9], [-83.0, 17.1], [-83.2, 17.2], [-83.5, 17.3], [-83.8, 17.3], [-84.2, 17.3], [-84.6, 17.4], [-85.0, 17.5], [-85.4, 17.7], [-85.8, 18.0], [-86.3, 18.3], [-86.7, 18.6], [-86.9, 19.0], [-87.1, 19.5], [-87.2, 20.2], [-87.2, 20.5], [-87.1, 20.9], [-86.9, 21.4], [-86.4, 21.7], [-85.3, 21.8], [-84.2, 21.5]]}}, {"type": "Feature", "properties": {"storm_id": "AL192011", "name": "SEAN", "year": 2011, "max_wind": 55.0, "min_pressure": 982.0, "category": 0}, "geometry": {"type": "LineString", "coordinates": [[-70.0, 28.5], [-69.2, 28.5], [-68.8, 28.4], [-68.5, 28.0], [-68.6, 27.9], [-68.7, 27.7], [-69.0, 27.5], [-69.3, 27.6], [-69.6, 27.6], [-69.8, 27.7], [-70.0, 27.8], [-70.0, 27.8], [-70.1, 27.8], [-70.2, 27.8], [-70.4, 27.9], [-70.6, 28.3], [-70.7, 29.0], [-70.9, 29.7], [-70.7, 30.2], [-70.0, 30.5], [-69.0, 31.0], [-67.2, 32.2], [-65.3, 33.4], [-62.6, 34.8], [-59.4, 35.9], [-57.2, 38.0], [-55.0, 40.0], [-52.4, 42.5]]}}, {"type": "Feature", "properties": {"storm_id": "AL012012", "name": "ALBERTO", "year": 2012, "max_wind": 50.0, "min_pressure": 995.0, "category": 0}, "geometry": {"type": "LineString", "coordinates": [[-77.0, 33.1], [-77.1, 32.8], [-77.3, 32.5], [-77.6, 32.3], [-78.1, 32.1], [-78.7, 31.9], [-79.5, 31.5], [-79.9, 31.1], [-80.1, 30.7], [-79.8, 30.4], [-79.1, 30.4], [-78.3, 30.5], [-77.1, 30.7], [-76.1, 31.5], [-74.7, 32.5], [-73.4, 33.4], [-71.9, 34.1], [-70.1, 34.9], [-67.9, 35.5], [-66.0, 35.9]]}}, {"type": "Feature", "properties": {"storm_id": "AL022012", "name": "BERYL", "year": 2012, "max_wind": 60.0, "min_pressure": 992.0, "category": 0}, "geometry": {"type": "LineString", "coordinates": [[-76.1, 30.1], [-75.1, 31.1], [-75.0, 32.3], [-75.3, 32.4], [-75.9, 32.0], [-76.2, 31.5], [-77.0, 31.1], [-78.0, 30.7], [-78.9, 30.3], [-79.8, 30.1], [-80.5, 30.1], [-80.7, 30.1], [-81.4, 30.2], [-81.7, 30.2], [-82.5, 30.4], [-83.0, 30.5], [-83.2, 30.6], [-83.4, 30.8], [-83.0, 31.3], [-82.7, 31.7], [-81.8, 32.0], [-80.6, 32.6], [-78.9, 33.7], [-77.1, 34.5], [-75.1, 35.4], [-72.9, 36.3], [-70.4, 37.1], [-67.6, 37.8], [-65.0, 38.7], [-62.4, 39.4], [-59.8, 39.4], [-57.5, 38.5], [-53.2, 38.1]]}}, {"type": "Feature", "properties": {"storm_id": "AL032012", "name": "CHRIS", "year": 2012, "max_wind": 75.0, "min_pressure": 974.0, "category": 1}, "geometry": {"type": "LineString", "coordinates": [[-68.8, 28.8], [-66.9, 29.3], [-65.4, 30.4], [-64.2, 31.8], [-63.5, 33.4], [-62.8, 35.1], [-62.0, 36.7], [-61.3, 38.0], [-60.4, 38.6], [-59.6, 39.1], [-58.7, 39.4], [-58.0, 39.5], [-56.7, 38.9], [-54.7, 38.3], [-52.5, 38.1], [-50.2, 38.2], [-47.5, 38.6], [-45.5, 39.5], [-43.9, 40.5], [-42.9, 41.9], [-42.8, 43.3], [-43.9, 44.5], [-45.8, 44.8], [-47.8, 44.2], [-48.4, 42.6], [-47.4, 40.9], [-45.0, 40.0], [-42.5, 40.5], [-40.2, 41.4], [-38.5, 42.9], [-38.2, 43.7]]}}, {"type": "Feature", "properties": {"storm_id": "AL042012", "name": "DEBBY", "year": 2012, "max_wind": 55.0, "min_pressure": 990.0, "category": 0}, "geometry": {"type": "LineString", "coordinates": [[-87.6, 25.5], [-87.5, 26.0], [-87.4, 26.5], [-87.2, 27.0], [-86.8, 27.6], [-86.3, 28.0], [-86.0, 28.3], [-85.8, 28.6], [-85.6, 28.8], [-85.3, 29.0], [-85.0, 29.0], [-84.7, 28.9], [-84.3, 28.9], [-83.7, 29.2], [-83.2, 29.3], [-82.7, 29.4], [-81.5, 29.5], [-80.3, 29.5]]}}, {"type": "Feature", "properties": {"storm_id": "AL052012", "name": "ERNESTO", "year": 2012, "max_wind": 85.0, "min_pressure": 973.0, "category": 2}, "geometry": {"type": "LineString", "coordinates": [[-46.7, 11.6], [-48.2, 12.0], [-49.9, 12.4], [-51.7, 12.7], [-53.6, 13.0], [-55.5, 13.2], [-57.5, 13.4], [-59.7, 13.6], [-61.6, 13.7], [-63.3, 13.8], [-64.8, 13.8], [-66.4, 13.9], [-67.9, 14.2], [-69.5, 14.6], [-71.5, 15.0], [-73.8, 15.0], [-76.1, 15.0], [-77.8, 15.1], [-78.9, 15.2], [-79.6, 15.4], [-80.2, 15.7], [-81.2, 16.2], [-82.2, 16.7], [-83.3, 17.3], [-84.4, 17.8], [-85.7, 18.4], [-87.1, 18.7], [-87.2, 18.7], [-87.7, 18.8], [-88.3, 18.8], [-89.6, 18.8], [-90.8, 18.8], [-91.7, 18.8], [-92.8, 18.7], [-93.8, 18.4], [-94.6, 18.3], [-94.9, 18.2], [-96.0, 18.0], [-97.2, 17.9]]}}, {"type": "Feature", "properties": {"storm_id": "AL062012", "name": "FLORENCE", "year": 2012, "max_wind": 50.0, "min_pressure": 1002.0, "category": 0}, "geometry": {"type": "LineString", "coordinates": [[-23.1, 12.2], [-24.5, 12.5], [-25.9, 13.0], [-27.3, 13.5], [-28.6, 14.1], [-29.9, 14.7], [-31.2, 15.3], [-32.5, 15.8], [-33.8, 16.1], [-35.0, 16.2], [-36.2, 16.2], [-37.3, 16.2], [-38.4, 16.3], [-39.6, 16.4], [-40.9, 16.5], [-42.5, 16.7], [-44.3, 16.9], [-46.3, 17.2], [-48.5, 17.6], [-50.7, 18.0], [-52.9, 18.4]]}}, {"type": "Feature", "properties": {"storm_id": "AL072012", "name": "HELENE", "year": 2012, "max_wind": 40.0, "min_pressure": 1004.0, "category": 0}, "geometry": {"type": "LineString", "coordinates": [[-43.0, 13.7], [-44.6, 13.6], [-46.3, 13.5], [-48.2, 13.4], [-50.5, 13.4], [-52.9, 13.4], [-55.4, 13.4], [-57.9, 13.3], [-59.9, 13.3], [-61.4, 13.5], [-63.2, 13.7], [-65.6, 13.9], [-68.0, 14.1], [-70.4, 14.1], [-72.7, 14.1], [-74.9, 14.1], [-76.6, 14.1], [-78.4, 14.1], [-80.1, 14.1], [-81.8, 14.1], [-83.6, 14.3], [-85.3, 14.7], [-87.0, 15.2], [-88.6, 15.7], [-89.5, 16.5], [-90.5, 17.5], [-91.0, 18.5], [-91.5, 19.2], [-92.6, 19.3], [-94.2, 19.3], [-95.2, 19.7], [-95.7, 19.9], [-95.9, 20.3], [-96.1, 20.8], [-96.8, 21.4], [-97.7, 21.9], [-98.7, 22.5], [-98.9, 22.7]]}}, {"type": "Feature", "properties": {"storm_id": "AL082012", "name": "GORDON", "year": 2012, "max_wind": 95.0, "min_pressure": 965.0, "category": 2}, "geometry": {"type": "LineString", "coordinates": [[-54.6, 27.6], [-55.1, 29.1], [-55.4, 30.5], [-55.2, 31.7], [-54.4, 32.9], [-53.0, 33.9], [-51.1, 34.3], [-49.1, 34.6], [-47.0, 34.4], [-45.0, 34.3], [-43.1, 34.2], [-41.5, 34.0], [-39.6, 34.0], [-37.5, 34.0], [-35.0, 34.3], [-32.6, 34.7], [-30.6, 35.2], [-28.5, 35.7], [-26.6, 36.4], [-25.1, 37.0], [-25.0, 37.1], [-23.2, 37.9], [-21.1, 38.9], [-19.3, 39.8], [-17.7, 40.0], [-16.6, 39.8]]}}, {"type": "Feature", "properties": {"storm_id": "AL092012", "name": "ISAAC", "year": 2012, "max_wind": 70.0, "min_pressure": 965.0, "category": 1}, "geometry": {"type": "LineString", "coordinates": [[-44.8, 15.7], [-46.8, 15.6], [-48.5, 15.2], [-50.1, 14.9], [-51.6, 15.0], [-53.1, 15.2], [-54.8, 15.4], [-56.6, 15.7], [-58.6, 15.9], [-60.4, 16.1], [-62.0, 15.7], [-63.4, 15.0], [-65.0, 15.1], [-66.4, 15.6], [-67.8, 15.7], [-69.1, 15.4], [-70.4, 15.7], [-71.2, 16.6], [-71.8, 17.3], [-72.7, 18.3], [-73.9, 19.6], [-74.5, 20.1], [-75.2, 20.8], [-76.7, 21.8], [-78.3, 22.7], [-80.0, 23.4], [-81.4, 23.7], [-82.6, 24.2], [-83.6, 25.0], [-84.7, 25.7], [-85.7, 26.3], [-86.7, 26.8], [-87.6, 27.4], [-88.3, 28.0], [-88.8, 28.6], [-89.4, 28.9], [-89.7, 29.0], [-90.0, 29.1], [-90.2, 29.2], [-90.5, 29.4], [-90.8, 29.7], [-91.1, 30.1], [-91.5, 30.6], [-91.9, 31.3], [-92.4, 32.1], [-92.9, 33.1], [-93.5, 34.3], [-94.0, 35.6], [-94.1, 36.8], [-93.9, 37.8], [-93.3, 38.4]]}}, {"type": "Feature", "properties": {"storm_id": "AL102012", "name": "JOYCE", "year": 2012, "max_wind": 35.0, "min_pressure": 1006.0, "category": 0}, "geometry": {"type": "LineString", "coordinates": [[-31.7, 10.7], [-33.1, 11.1], [-34.5, 11.5], [-35.8, 12.1], [-37.3, 12.8], [-38.7, 13.5], [-40.0, 14.2], [-41.1, 14.8], [-42.1, 15.5], [-43.2, 16.1], [-44.3, 16.7], [-45.4, 17.4]]}}, {"type": "Feature", "properties": {"storm_id": "AL112012", "name": "KIRK", "year": 2012, "max_wind": 90.0, "min_pressure": 970.0, "category": 2}, "geometry": {"type": "LineString", "coordinates": [[-43.4, 23.9], [-44.5, 24.0], [-45.5, 24.3], [-46.3, 24.6], [-47.1, 25.1], [-47.9, 25.6], [-48.6, 26.1], [-49.3, 26.8], [-50.1, 27.6], [-50.5, 28.5], [-50.7, 29.6], [-50.9, 30.6], [-50.6, 31.7], [-50.0, 33.1], [-48.9, 34.6], [-47.3, 36.5], [-45.4, 38.4], [-43.0, 40.3], [-40.6, 42.4], [-38.1, 45.0], [-34.6, 48.1], [-30.9, 51.7]]}}, {"type": "Feature", "properties": {"storm_id": "AL122012", "name": "LESLIE", "year": 2012, "max_wind": 70.0, "min_pressure": 968.0, "category": 1}, "geometry": {"type": "LineString", "coordinates": [[-27.4, 12.9], [-29.6, 13.0], [-31.7, 13.1], [-33.7, 13.2], [-35.6, 13.3], [-37.5, 13.4], [-39.2, 13.5], [-40.9, 13.6], [-42.6, 13.8], [-44.2, 14.2], [-45.8, 14.7], [-47.4, 15.3], [-49.0, 16.0], [-50.6, 16.5], [-52.2, 17.1], [-53.8, 17.6], [-55.3, 18.1], [-56.8, 18.8], [-58.1, 19.6], [-59.4, 20.4], [-60.7, 21.2], [-61.4, 22.1], [-61.7, 22.9], [-62.2, 23.4], [-62.6, 23.5], [-62.8, 23.8], [-62.6, 24.2], [-62.5, 24.5], [-62.5, 24.8], [-62.6, 25.0], [-62.8, 25.2], [-62.8, 25.4], [-62.8, 25.6], [-62.7, 25.8], [-62.6, 26.0], [-62.5, 26.2], [-62.4, 26.3], [-62.3, 26.4], [-62.2, 26.5], [-62.2, 26.6], [-62.2, 26.8], [-62.2, 27.1], [-62.3, 27.4], [-62.4, 27.8], [-62.5, 28.3], [-62.5, 29.0], [-62.6, 29.7], [-62.6, 30.5], [-62.5, 31.5], [-62.3, 32.6], [-62.0, 33.8], [-61.6, 35.1], [-60.8, 36.4], [-59.8, 38.5], [-58.6, 41.1], [-57.3, 44.0], [-56.1, 45.8], [-54.9, 47.7], [-51.9, 51.6], [-48.5, 55.5]]}}, {"type": "Feature", "properties": {"storm_id": "AL132012", "name": "MICHAEL", "year": 2012, "max_wind": 100.0, "min_pressure": 964.0, "category": 3}, "geometry": {"type": "LineString", "coordinates": [[-36.7, 28.9], [-37.9, 28.1], [-39.2, 27.2], [-40.1, 26.4], [-40.7, 25.8], [-41.2, 25.4], [-41.7, 25.3], [-42.1, 25.5], [-42.5, 25.8], [-43.0, 26.2], [-43.5, 26.7], [-43.7, 27.1], [-43.8, 27.4], [-43.8, 27.8], [-43.5, 28.2], [-43.1, 28.6], [-42.6, 29.0], [-42.0, 29.4], [-41.4, 29.9], [-41.0, 30.3], [-40.8, 30.6], [-40.8, 30.9], [-41.0, 31.1], [-41.2, 31.3], [-41.5, 31.6], [-41.7, 32.0], [-41.9, 32.4], [-42.1, 32.9], [-42.3, 33.3], [-42.6, 33.6], [-42.9, 33.7], [-43.5, 33.7], [-44.1, 33.6], [-44.9, 33.4], [-45.8, 33.6], [-46.9, 33.9], [-47.8, 34.8], [-47.8, 36.4], [-47.6, 38.2], [-46.6, 40.2], [-45.0, 42.5], [-42.6, 45.0]]}}, {"type": "Feature", "properties": {"storm_id": "AL142012", "name": "NADINE", "year": 2012, "max_wind": 80.0, "min_pressure": 978.0, "category": 1}, "geometry": {"type": "LineString", "coordinates": [[-38.0, 15.5], [-39.4, 15.6], [-40.8, 15.8], [-41.9, 16.0], [-42.8, 16.4], [-43.7, 16.9], [-44.8, 17.5], [-45.9, 18.1], [-47.1, 18.8], [-48.3, 19.5], [-49.5, 20.2], [-50.6, 21.0], [-51.7, 22.0], [-52.6, 23.2], [-53.4, 24.4], [-54.0, 25.6], [-54.0, 27.0], [-53.7, 28.3], [-53.3, 29.6], [-52.2, 30.5], [-50.7, 30.8], [-49.1, 30.8], [-47.5, 30.7], [-45.4, 30.6], [-43.0, 30.6], [-40.6, 30.8], [-38.8, 31.1], [-37.1, 31.7], [-35.9, 32.5], [-35.1, 33.1], [-34.5, 33.5], [-33.9, 33.9], [-33.3, 34.3], [-32.7, 34.9], [-32.3, 35.5], [-32.0, 36.1], [-32.0, 36.7], [-32.0, 37.1], [-31.6, 37.2], [-30.9, 36.9], [-30.0, 36.5], [-29.0, 36.2], [-28.2, 35.9], [-27.4, 35.4], [-27.3, 34.6], [-27.2, 33.6], [-26.9, 32.5], [-26.7, 31.8], [-26.4, 31.0], [-26.2, 30.5], [-25.9, 30.4], [-25.6, 30.4], [-25.4, 30.6], [-25.8, 30.9], [-26.2, 31.1], [-26.7, 31.3], [-27.4, 31.5], [-28.1, 31.8], [-28.8, 32.1], [-29.5, 32.1], [-29.9, 32.0], [-30.1, 31.7], [-30.3, 31.4], [-30.4, 31.1], [-30.5, 30.7], [-30.7, 30.2], [-31.0, 29.6], [-31.4, 29.1], [-31.9, 28.7], [-32.5, 28.5], [-33.2, 28.5], [-33.9, 28.7], [-34.4, 29.2], [-34.8, 29.7], [-35.3, 30.5], [-35.7, 31.4], [-36.1, 32.6], [-36.6, 33.8], [-37.1, 35.0], [-37.6, 36.0], [-38.3, 36.8], [-38.9, 37.2], [-39.4, 36.9], [-39.4, 36.4], [-39.4, 35.9], [-39.4, 35.4], [-39.1, 34.8], [-38.5, 34.5], [-37.9, 34.3], [-37.1, 34.3], [-36.2, 34.4], [-35.3, 34.6], [-34.0, 34.9], [-32.5, 35.4], [-30.9, 36.3], [-29.1, 37.6]]}}, {"type": "Feature", "properties": {"storm_id": "AL152012", "name": "OSCAR", "year": 2012, "max_wind": 45.0, "min_pressure": 994.0, "category": 0}, "geometry": {"type": "LineString", "coordinates": [[-38.0, 12.4], [-38.7, 13.6], [-39.6, 15.0], [-40.5, 16.3], [-41.2, 17.4], [-41.8, 18.2], [-42.1, 18.9], [-42.2, 19.5], [-42.0, 20.2], [-41.5, 21.0], [-40.6, 21.8], [-39.4, 22.7], [-37.8, 23.5]]}}, {"type": "Feature", "properties": {"storm_id": "AL162012", "name": "PATTY", "year": 2012, "max_wind": 40.0, "min_pressure": 1005.0, "category": 0}, "geometry": {"type": "LineString", "coordinates": [[-72.5, 25.5], [-72.4, 25.4], [-72.2, 25.4], [-72.2, 25.5], [-72.3, 25.6], [-72.4, 25.5], [-72.3, 25.4], [-72.2, 25.3], [-72.1, 25.4], [-71.9, 25.4], [-71.7, 25.3]]}}, {"type": "Feature", "properties": {"storm_id": "AL172012", "name": "RAFAEL", "year": 2012, "max_wind": 80.0, "min_pressure": 966.0, "category": 1}, "geometry": {"type": "LineString", "coordinates": [[-62.7, 14.7], [-63.2, 15.0], [-63.7, 15.3], [-63.8, 15.6], [-63.6, 16.7], [-63.5, 17.9], [-63.6, 18.9], [-63.9, 19.7], [-64.3, 20.4], [-64.7, 21.3], [-65.2, 22.0], [-65.6, 22.6], [-65.8, 23.6], [-65.6, 24.6], [-65.3, 25.9], [-64.9, 27.6], [-64.2, 29.5], [-63.1, 31.6], [-61.7, 34.0], [-60.1, 36.5], [-58.0, 38.8], [-55.0, 41.3], [-50.7, 43.4], [-46.0, 45.2], [-41.0, 47.0], [-36.2, 49.2], [-32.5, 51.0], [-29.5, 53.0], [-30.0, 55.0], [-33.0, 56.5], [-37.0, 56.0], [-36.4, 53.1], [-34.3, 50.8], [-32.2, 49.7], [-31.1, 49.2], [-30.6, 48.2], [-30.8, 47.0], [-31.1, 45.5], [-29.8, 43.9], [-28.3, 41.9], [-27.0, 40.0], [-25.5, 39.2], [-24.5, 39.5], [-23.6, 39.8], [-22.1, 40.5], [-20.1, 41.2], [-18.8, 41.6], [-17.5, 42.1], [-16.0, 41.9], [-14.6, 41.6], [-13.3, 41.3], [-12.0, 41.0], [-11.2, 40.9], [-10.4, 40.7], [-9.1, 40.3], [-7.5, 40.0]]}}, {"type": "Feature", "properties": {"storm_id": "AL182012", "name": "SANDY", "year": 2012, "max_wind": 100.0, "min_pressure": 940.0, "category": 3}, "geometry": {"type": "LineString", "coordinates": [[-77.4, 14.3], [-77.8, 13.9], [-78.2, 13.5], [-78.6, 13.1], [-78.7, 12.7], [-78.4, 12.6], [-78.1, 12.9], [-77.9, 13.4], [-77.6, 14.0], [-77.3, 14.7], [-77.1, 15.6], [-76.9, 16.6], [-76.7, 17.7], [-76.6, 17.9], [-76.4, 18.9], [-76.0, 20.0], [-76.0, 20.1], [-75.7, 20.9], [-75.5, 21.7], [-75.3, 23.3], [-75.9, 24.8], [-76.4, 25.7], [-76.9, 26.4], [-77.2, 27.0], [-77.1, 27.5], [-76.9, 28.1], [-76.5, 28.8], [-75.6, 29.7], [-74.7, 30.5], [-73.9, 31.3], [-73.0, 32.0], [-72.0, 32.8], [-71.0, 33.9], [-70.5, 35.3], [-71.0, 36.9], [-73.2, 38.3], [-74.0, 38.8], [-74.4, 39.4], [-74.5, 39.5], [-76.2, 39.9], [-77.8, 40.1], [-78.9, 40.4], [-79.8, 40.7], [-80.3, 41.1], [-80.7, 41.5]]}}, {"type": "Feature", "properties": {"storm_id": "AL192012", "name": "TONY", "year": 2012, "max_wind": 45.0, "min_pressure": 1000.0, "category": 0}, "geometry": {"type": "LineString", "coordinates": [[-50.8, 20.1], [-51.2, 20.4], [-51.5, 20.8], [-51.7, 21.3], [-51.8, 21.9], [-51.8, 22.5], [-51.6, 23.6], [-51.3, 24.7], [-50.6, 25.7], [-49.6, 26.5], [-48.5, 27.2], [-46.8, 27.9], [-44.7, 28.7], [-42.4, 29.5], [-40.0, 30.1], [-37.6, 30.6], [-35.1, 31.0], [-32.6, 31.3], [-30.5, 31.2], [-28.6, 30.9]]}}, {"type": "Feature", "properties": {"storm_id": "AL012013", "name": "ANDREA", "year": 2013, "max_wind": 55.0, "min_pressure": 992.0, "category": 0}, "geometry": {"type": "LineString", "coordinates": [[-86.6, 25.1], [-86.5, 25.6], [-86.1, 26.7], [-84.9, 27.8], [-83.9, 28.9], [-83.4, 29.5], [-83.0, 29.8], [-81.4, 31.6], [-80.2, 33.5], [-78.6, 35.2], [-76.2, 37.4], [-73.6, 39.9], [-70.4, 42.4], [-67.0, 44.5]]}}, {"type": "Feature", "properties": {"storm_id": "AL022013", "name": "BARRY", "year": 2013, "max_wind": 40.0, "min_pressure": 1003.0, "category": 0}, "geometry": {"type": "LineString", "coordinates": [[-81.5, 12.4], [-82.0, 13.4], [-82.8, 14.2], [-83.8, 14.8], [-84.8, 15.3], [-85.9, 15.6], [-87.0, 16.0], [-87.9, 16.3], [-88.4, 16.5], [-88.6, 16.6], [-89.3, 17.0], [-90.3, 17.6], [-91.3, 18.2], [-92.2, 18.8], [-93.1, 19.2], [-94.0, 19.5], [-94.8, 19.6], [-95.4, 19.6], [-95.9, 19.6], [-96.4, 19.6], [-96.5, 19.6], [-97.0, 19.6], [-97.5, 19.6]]}}, {"type": "Feature", "properties": {"storm_id": "AL032013", "name": "CHANTAL", "year": 2013, "max_wind": 55.0, "min_pressure": 1003.0, "category": 0}, "geometry": {"type": "LineString", "coordinates": [[-41.4, 9.3], [-43.8, 9.5], [-46.1, 9.8], [-48.4, 10.1], [-50.6, 10.7], [-52.9, 11.4], [-55.2, 12.1], [-57.7, 13.0], [-60.3, 13.9], [-62.9, 14.8], [-65.6, 15.6], [-68.4, 16.2], [-71.2, 16.7]]}}, {"type": "Feature", "properties": {"storm_id": "AL042013", "name": "DORIAN", "year": 2013, "max_wind": 50.0, "min_pressure": 1002.0, "category": 0}, "geometry": {"type": "LineString", "coordinates": [[-20.0, 11.3], [-20.9, 11.5], [-21.8, 11.7], [-22.8, 12.0], [-23.9, 12.4], [-25.4, 13.0], [-27.1, 13.5], [-29.0, 13.9], [-30.8, 14.4], [-32.4, 14.9], [-33.9, 15.3], [-35.5, 15.7], [-37.1, 16.0], [-38.7, 16.4], [-40.7, 16.9], [-42.8, 17.3], [-45.0, 17.6], [-47.1, 17.8], [-49.2, 18.0], [-51.1, 18.3], [-53.0, 18.6], [-54.9, 19.0], [-56.8, 19.4], [-58.6, 19.8], [-60.3, 20.1], [-62.0, 20.4], [-63.7, 20.6], [-65.3, 20.8], [-66.9, 21.0], [-68.5, 21.3], [-69.8, 21.5], [-71.0, 21.7], [-72.2, 21.9], [-73.3, 22.1], [-74.4, 22.4], [-75.3, 22.6], [-75.9, 22.8], [-76.5, 23.0], [-77.0, 23.3], [-77.7, 23.7], [-78.4, 24.2], [-79.0, 24.9], [-79.3, 25.7], [-79.4, 26.5], [-79.4, 27.4], [-79.3, 28.4], [-79.1, 29.4], [-78.8, 30.3], [-78.1, 31.1], [-77.2, 31.8], [-75.6, 32.4]]}}, {"type": "Feature", "properties": {"storm_id": "AL052013", "name": "ERIN", "year": 2013, "max_wind": 40.0, "min_pressure": 1006.0, "category": 0}, "geometry": {"type": "LineString", "coordinates": [[-23.3, 13.9], [-24.6, 14.1], [-25.9, 14.3], [-27.2, 14.7], [-28.6, 15.3], [-30.0, 15.9], [-31.4, 16.5], [-32.7, 17.3], [-33.8, 18.0], [-34.7, 18.8], [-35.5, 19.6], [-36.2, 20.3], [-37.2, 20.6], [-38.0, 20.6], [-38.8, 20.5], [-39.6, 20.4], [-40.4, 20.3], [-41.2, 20.2], [-42.0, 20.1], [-42.8, 20.0]]}}, {"type": "Feature", "properties": {"storm_id": "AL062013", "name": "FERNAND", "year": 2013, "max_wind": 50.0, "min_pressure": 1001.0, "category": 0}, "geometry": {"type": "LineString", "coordinates": [[-94.2, 18.7], [-95.1, 18.9], [-95.9, 19.2], [-96.3, 19.5], [-96.6, 19.7], [-97.3, 20.1], [-98.2, 20.5]]}}, {"type": "Feature", "properties": {"storm_id": "AL072013", "name": "GABRIELLE", "year": 2013, "max_wind": 55.0, "min_pressure": 1003.0, "category": 0}, "geometry": {"type": "LineString", "coordinates": [[-65.9, 16.2], [-66.3, 16.7], [-67.0, 17.1], [-67.7, 17.4], [-68.4, 17.9], [-68.4, 18.8], [-68.5, 19.5], [-68.6, 20.0], [-68.7, 20.4], [-68.7, 21.2], [-68.8, 22.0], [-69.2, 22.8], [-69.2, 23.6], [-69.1, 24.4], [-68.9, 24.7], [-68.8, 24.8], [-68.7, 24.9], [-68.2, 25.1], [-67.8, 25.4], [-66.9, 25.9], [-65.9, 26.6], [-65.1, 27.6], [-65.0, 29.0], [-64.8, 30.1], [-64.7, 31.1], [-64.9, 31.9], [-65.4, 32.3], [-65.7, 32.5], [-66.2, 32.6], [-66.8, 32.9], [-67.4, 33.2], [-67.6, 33.6], [-67.9, 34.0], [-68.1, 34.7], [-67.5, 35.9], [-66.6, 37.7]]}}, {"type": "Feature", "properties": {"storm_id": "AL082013", "name": "EIGHT", "year": 2013, "max_wind": 30.0, "min_pressure": 1008.0, "category": 0}, "geometry": {"type": "LineString", "coordinates": [[-97.4, 22.4], [-97.9, 22.3], [-98.5, 21.9], [-99.0, 21.5]]}}, {"type": "Feature", "properties": {"storm_id": "AL092013", "name": "HUMBERTO", "year": 2013, "max_wind": 80.0, "min_pressure": 979.0, "category": 1}, "geometry": {"type": "LineString", "coordinates": [[-17.6, 13.0], [-18.4, 13.0], [-19.3, 13.0], [-20.3, 13.0], [-21.3, 13.1], [-22.4, 13.3], [-23.6, 13.5], [-24.6, 13.7], [-25.5, 13.9], [-26.5, 14.1], [-27.3, 14.3], [-27.9, 14.7], [-28.3, 15.1], [-28.6, 15.6], [-28.9, 16.3], [-28.9, 17.4], [-28.9, 18.6], [-28.9, 19.9], [-28.9, 21.2], [-29.1, 22.3], [-29.5, 23.2], [-30.0, 24.0], [-30.8, 24.6], [-31.7, 24.8], [-32.6, 24.8], [-33.6, 24.9], [-34.8, 25.2], [-36.3, 25.5], [-37.8, 25.6], [-38.9, 25.6], [-39.7, 25.9], [-40.4, 26.4], [-41.3, 26.7], [-42.4, 26.7], [-42.9, 26.8], [-43.3, 26.9], [-43.2, 27.0], [-42.9, 27.4], [-42.6, 28.4], [-42.7, 29.5], [-43.2, 30.5], [-43.6, 31.1], [-43.9, 31.6], [-44.1, 32.0], [-44.3, 32.5], [-44.5, 33.0]]}}, {"type": "Feature", "properties": {"storm_id": "AL102013", "name": "INGRID", "year": 2013, "max_wind": 75.0, "min_pressure": 983.0, "category": 1}, "geometry": {"type": "LineString", "coordinates": [[-92.2, 19.3], [-92.9, 19.6], [-93.6, 19.7], [-94.1, 19.7], [-94.6, 19.6], [-95.1, 19.3], [-95.3, 19.1], [-95.3, 19.3], [-95.1, 19.6], [-94.6, 20.3], [-94.4, 21.0], [-94.7, 21.6], [-95.2, 22.0], [-95.6, 22.4], [-95.9, 22.7], [-96.2, 23.0], [-96.9, 23.4], [-97.7, 23.7], [-97.8, 23.7], [-98.7, 23.7], [-99.2, 23.7], [-99.7, 23.7]]}}, {"type": "Feature", "properties": {"storm_id": "AL112013", "name": "JERRY", "year": 2013, "max_wind": 45.0, "min_pressure": 1005.0, "category": 0}, "geometry": {"type": "LineString", "coordinates": [[-50.0, 21.1], [-50.3, 22.2], [-50.6, 23.3], [-50.6, 24.2], [-50.4, 24.9], [-49.7, 25.6], [-49.0, 26.2], [-48.2, 26.7], [-47.5, 27.1], [-46.8, 27.2], [-46.0, 27.3], [-45.0, 27.3], [-43.9, 27.5], [-43.6, 27.7], [-43.5, 28.1], [-43.5, 28.1], [-43.7, 28.1], [-43.9, 28.1], [-43.4, 28.6], [-42.9, 29.0], [-42.4, 29.4], [-41.7, 30.1], [-40.6, 30.8], [-39.3, 31.5], [-38.0, 32.5], [-36.6, 33.1], [-35.0, 33.7], [-33.7, 34.2], [-32.7, 34.5], [-31.7, 35.0], [-30.7, 35.9], [-29.8, 36.7], [-28.9, 38.0]]}}, {"type": "Feature", "properties": {"storm_id": "AL122013", "name": "KAREN", "year": 2013, "max_wind": 55.0, "min_pressure": 998.0, "category": 0}, "geometry": {"type": "LineString", "coordinates": [[-86.8, 21.5], [-87.4, 22.1], [-88.1, 22.8], [-88.5, 23.3], [-89.0, 23.9], [-89.5, 24.5], [-89.9, 25.2], [-90.2, 25.8], [-90.5, 26.1], [-91.0, 26.7], [-91.6, 27.6], [-91.8, 27.9], [-91.9, 28.1], [-91.9, 28.1]]}}, {"type": "Feature", "properties": {"storm_id": "AL132013", "name": "LORENZO", "year": 2013, "max_wind": 45.0, "min_pressure": 1000.0, "category": 0}, "geometry": {"type": "LineString", "coordinates": [[-55.9, 27.6], [-55.6, 28.2], [-55.0, 28.8], [-54.2, 29.1], [-53.3, 29.3], [-52.4, 29.4], [-51.5, 29.5], [-50.6, 29.5], [-49.8, 29.5], [-49.3, 29.4], [-48.9, 29.3], [-48.4, 29.4], [-48.0, 29.7], [-47.7, 30.1], [-47.2, 30.5], [-46.7, 30.7], [-46.1, 31.0], [-45.7, 31.3], [-45.3, 31.6], [-44.7, 32.1], [-43.9, 32.8]]}}, {"type": "Feature", "properties": {"storm_id": "AL142013", "name": "MELISSA", "year": 2013, "max_wind": 55.0, "min_pressure": 980.0, "category": 0}, "geometry": {"type": "LineString", "coordinates": [[-52.4, 23.9], [-52.7, 24.3], [-52.9, 25.0], [-52.9, 26.0], [-52.7, 27.1], [-52.7, 28.3], [-53.4, 29.1], [-54.0, 29.7], [-54.5, 30.2], [-54.7, 30.8], [-54.7, 31.6], [-54.4, 32.5], [-53.2, 33.3], [-51.4, 34.1], [-49.0, 35.1], [-46.4, 36.3], [-43.5, 37.5], [-40.0, 38.8], [-36.6, 39.9], [-33.3, 40.7], [-30.2, 41.3], [-27.5, 41.6], [-24.7, 41.6], [-22.0, 41.3], [-19.5, 40.8], [-17.1, 40.0]]}}, {"type": "Feature", "properties": {"storm_id": "AL152013", "name": "AL152013", "year": 2013, "max_wind": 55.0, "min_pressure": 995.0, "category": 0}, "geometry": {"type": "LineString", "coordinates": [[-27.7, 34.3], [-27.8, 33.9], [-28.9, 33.1], [-28.5, 32.2], [-27.9, 31.9], [-27.5, 32.4], [-27.4, 33.0], [-27.7, 33.5], [-27.8, 33.7], [-27.9, 33.9], [-27.1, 33.9], [-26.9, 34.5], [-27.0, 35.1], [-27.1, 35.8], [-27.4, 36.5], [-27.8, 37.1]]}}, {"type": "Feature", "properties": {"storm_id": "AL012014", "name": "ARTHUR", "year": 2014, "max_wind": 85.0, "min_pressure": 973.0, "category": 2}, "geometry": {"type": "LineString", "coordinates": [[-78.2, 32.0], [-77.8, 31.2], [-77.4, 30.5], [-77.2, 30.0], [-77.2, 29.7], [-77.5, 29.5], [-78.0, 29.2], [-78.4, 28.7], [-78.7, 28.1], [-78.9, 27.7], [-79.1, 27.5], [-79.2, 27.5], [-79.3, 27.7], [-79.2, 27.9], [-79.1, 28.2], [-79.0, 28.7], [-79.1, 29.4], [-79.2, 30.1], [-79.1, 30.9], [-78.8, 31.8], [-78.3, 32.9], [-77.3, 34.0], [-76.6, 34.7], [-76.0, 35.3], [-75.5, 35.8], [-74.4, 36.8], [-72.4, 38.4], [-69.7, 40.2], [-67.6, 42.3], [-66.5, 44.1], [-65.3, 45.9], [-64.0, 47.1], [-62.4, 47.6], [-60.2, 48.5], [-58.1, 50.3], [-56.4, 52.3], [-55.4, 54.2], [-54.7, 56.0], [-54.2, 57.3], [-54.1, 58.1], [-54.7, 58.9], [-56.1, 59.4], [-57.0, 60.0], [-56.7, 60.3], [-56.2, 60.1], [-55.7, 59.8], [-55.0, 59.5]]}}, {"type": "Feature", "properties": {"storm_id": "AL022014", "name": "TWO", "year": 2014, "max_wind": 30.0, "min_pressure": 1012.0, "category": 0}, "geometry": {"type": "LineString", "coordinates": [[-29.0, 9.0], [-30.7, 9.4], [-31.8, 9.7], [-33.0, 10.0], [-34.4, 10.4], [-36.1, 10.7], [-38.0, 11.0], [-39.9, 11.2], [-41.6, 11.4], [-43.1, 11.6], [-44.4, 11.9], [-45.7, 12.1], [-47.2, 12.4], [-48.8, 12.8], [-50.4, 13.2], [-52.2, 13.7], [-55.0, 14.0]]}}, {"type": "Feature", "properties": {"storm_id": "AL032014", "name": "BERTHA", "year": 2014, "max_wind": 70.0, "min_pressure": 996.0, "category": 1}, "geometry": {"type": "LineString", "coordinates": [[-37.1, 9.6], [-38.6, 9.5], [-40.1, 9.5], [-41.5, 9.6], [-43.0, 9.7], [-44.7, 9.8], [-46.4, 10.0], [-48.0, 10.4], [-49.7, 10.7], [-51.4, 11.0], [-53.1, 11.5], [-54.6, 12.2], [-56.2, 13.0], [-58.1, 13.8], [-60.3, 14.5], [-62.3, 15.2], [-64.1, 15.9], [-65.9, 16.7], [-67.6, 17.9], [-69.0, 19.2], [-70.4, 20.3], [-71.6, 21.4], [-71.9, 21.8], [-72.5, 22.7], [-73.1, 24.1], [-73.5, 25.4], [-73.6, 26.8], [-73.6, 28.5], [-73.4, 30.5], [-73.2, 32.5], [-72.7, 34.2], [-71.2, 35.5], [-69.3, 36.8], [-66.9, 38.1], [-64.1, 39.4], [-61.3, 40.8], [-58.4, 42.1], [-55.6, 43.4], [-52.5, 44.6], [-49.5, 46.0], [-46.6, 47.4], [-43.0, 47.9], [-39.4, 47.5], [-34.9, 46.9], [-29.0, 47.0], [-22.0, 47.1], [-15.0, 47.5]]}}, {"type": "Feature", "properties": {"storm_id": "AL042014", "name": "CRISTOBAL", "year": 2014, "max_wind": 75.0, "min_pressure": 963.0, "category": 1}, "geometry": {"type": "LineString", "coordinates": [[-72.2, 21.5], [-72.5, 22.0], [-72.9, 22.6], [-73.0, 23.3], [-73.0, 24.0], [-73.0, 24.2], [-72.9, 24.4], [-72.7, 24.7], [-72.4, 24.9], [-72.1, 25.1], [-72.0, 25.6], [-71.8, 26.7], [-71.4, 28.1], [-71.5, 29.5], [-72.0, 30.6], [-72.2, 31.6], [-71.8, 32.3], [-70.7, 33.5], [-69.0, 34.8], [-67.1, 36.3], [-63.6, 37.5], [-58.8, 39.1], [-53.9, 41.2], [-49.0, 44.2], [-45.9, 46.7], [-42.8, 48.6], [-39.5, 49.9], [-36.2, 51.3], [-32.0, 54.0], [-28.9, 58.0], [-27.0, 61.0], [-26.0, 62.0], [-24.5, 63.0], [-22.0, 64.0], [-19.5, 65.0], [-17.0, 66.0], [-15.4, 67.0], [-15.0, 68.0], [-15.0, 69.0]]}}, {"type": "Feature", "properties": {"storm_id": "AL052014", "name": "DOLLY", "year": 2014, "max_wind": 45.0, "min_pressure": 1000.0, "category": 0}, "geometry": {"type": "LineString", "coordinates": [[-92.3, 19.2], [-93.2, 20.0], [-93.4, 21.3], [-94.3, 22.3], [-95.6, 22.8], [-96.7, 22.2], [-97.3, 22.0], [-97.4, 22.0], [-97.7, 22.0], [-98.0, 21.9], [-98.8, 21.8], [-99.8, 21.7], [-101.0, 21.6]]}}, {"type": "Feature", "properties": {"storm_id": "AL062014", "name": "EDOUARD", "year": 2014, "max_wind": 105.0, "min_pressure": 955.0, "category": 3}, "geometry": {"type": "LineString", "coordinates": [[-33.2, 13.7], [-34.4, 14.2], [-35.5, 14.9], [-36.5, 15.8], [-37.7, 16.5], [-39.2, 17.2], [-40.8, 17.7], [-42.3, 18.3], [-43.6, 18.9], [-44.8, 19.6], [-45.7, 20.4], [-46.4, 21.4], [-47.0, 22.3], [-47.9, 23.0], [-49.0, 23.7], [-50.3, 24.4], [-51.5, 25.1], [-52.7, 25.8], [-54.0, 26.5], [-55.1, 27.0], [-56.1, 27.7], [-56.7, 28.5], [-57.3, 29.5], [-57.8, 30.6], [-57.7, 31.7], [-57.0, 32.9], [-56.0, 34.3], [-54.5, 35.7], [-52.4, 37.2], [-49.5, 38.3], [-46.7, 39.3], [-44.1, 39.9], [-42.1, 39.9], [-40.1, 39.9], [-38.9, 39.9], [-38.1, 39.5], [-37.4, 39.5], [-36.6, 39.4], [-35.7, 39.3], [-34.4, 39.1], [-33.0, 38.8], [-31.8, 38.1], [-30.9, 37.1], [-30.2, 36.1], [-30.2, 35.1], [-30.4, 34.2], [-30.7, 33.4]]}}, {"type": "Feature", "properties": {"storm_id": "AL072014", "name": "FAY", "year": 2014, "max_wind": 70.0, "min_pressure": 983.0, "category": 1}, "geometry": {"type": "LineString", "coordinates": [[-61.2, 22.0], [-62.4, 22.7], [-63.3, 23.5], [-64.0, 24.3], [-64.5, 25.1], [-65.0, 26.0], [-65.3, 27.2], [-65.4, 28.7], [-65.2, 30.2], [-64.9, 31.7], [-64.7, 32.3], [-63.9, 33.1], [-61.9, 33.6], [-59.0, 33.9]]}}, {"type": "Feature", "properties": {"storm_id": "AL082014", "name": "GONZALO", "year": 2014, "max_wind": 125.0, "min_pressure": 940.0, "category": 4}, "geometry": {"type": "LineString", "coordinates": [[-54.9, 16.4], [-55.9, 16.4], [-56.9, 16.4], [-57.9, 16.4], [-58.8, 16.4], [-59.7, 16.5], [-60.6, 16.7], [-61.5, 17.0], [-61.8, 17.1], [-62.4, 17.6], [-63.0, 18.1], [-63.1, 18.2], [-63.2, 18.3], [-64.0, 19.1], [-64.8, 19.9], [-65.5, 20.8], [-66.2, 21.7], [-67.0, 22.5], [-67.7, 23.1], [-68.3, 23.8], [-68.6, 24.4], [-68.7, 25.0], [-68.7, 25.6], [-68.3, 26.5], [-67.8, 27.4], [-67.2, 28.6], [-66.5, 29.8], [-65.7, 31.0], [-64.9, 32.2], [-64.8, 32.3], [-63.9, 33.7], [-62.6, 35.6], [-60.9, 38.2], [-58.3, 41.2], [-54.8, 44.5], [-50.1, 47.8], [-44.8, 50.6], [-38.3, 52.6], [-30.9, 53.9]]}}, {"type": "Feature", "properties": {"storm_id": "AL092014", "name": "HANNA", "year": 2014, "max_wind": 35.0, "min_pressure": 1000.0, "category": 0}, "geometry": {"type": "LineString", "coordinates": [[-95.3, 19.5], [-94.8, 19.5], [-94.2, 19.5], [-93.7, 19.5], [-93.3, 19.5], [-92.9, 19.5], [-92.4, 19.4], [-91.9, 19.3], [-91.3, 19.2], [-90.8, 18.9], [-90.5, 18.6], [-90.0, 18.2], [-89.4, 17.9], [-88.5, 18.1], [-87.7, 18.4], [-87.0, 18.8], [-86.2, 19.0], [-85.3, 18.8], [-84.5, 18.3], [-83.7, 17.7], [-82.9, 17.1], [-82.2, 16.5], [-81.8, 16.0], [-81.8, 15.5], [-82.0, 15.1], [-82.4, 15.0], [-83.0, 14.9], [-83.3, 14.9], [-83.5, 14.9], [-84.3, 15.0], [-85.2, 15.4], [-85.9, 15.9], [-86.7, 16.5], [-87.6, 16.8], [-88.6, 16.9], [-89.6, 16.9], [-90.5, 16.8]]}}, {"type": "Feature", "properties": {"storm_id": "AL012015", "name": "ANA", "year": 2015, "max_wind": 50.0, "min_pressure": 998.0, "category": 0}, "geometry": {"type": "LineString", "coordinates": [[-79.2, 26.8], [-78.5, 28.2], [-77.8, 29.7], [-77.5, 30.8], [-77.8, 30.7], [-77.5, 30.6], [-77.5, 31.2], [-77.6, 31.4], [-77.6, 31.5], [-77.5, 31.5], [-77.4, 31.6], [-77.3, 31.9], [-77.5, 32.2], [-77.8, 32.5], [-78.0, 32.7], [-78.3, 33.1], [-78.6, 33.5], [-78.8, 33.8], [-78.8, 33.9], [-78.7, 34.3], [-78.5, 34.7], [-78.0, 35.5], [-77.3, 36.2], [-76.3, 37.0], [-75.1, 38.1], [-73.1, 39.3], [-70.7, 40.8], [-67.0, 43.0]]}}, {"type": "Feature", "properties": {"storm_id": "AL022015", "name": "BILL", "year": 2015, "max_wind": 50.0, "min_pressure": 997.0, "category": 0}, "geometry": {"type": "LineString", "coordinates": [[-94.3, 27.0], [-95.2, 27.6], [-96.0, 28.0], [-96.7, 28.2], [-96.7, 28.2], [-96.9, 29.1], [-97.1, 30.3], [-97.4, 31.7], [-97.5, 32.6], [-97.3, 33.5], [-96.9, 34.2], [-96.3, 34.8], [-95.5, 35.2], [-94.5, 35.6], [-93.5, 35.9], [-92.3, 36.3], [-90.9, 36.9], [-89.4, 37.4], [-87.8, 37.8], [-85.8, 38.2], [-83.7, 38.5], [-81.3, 38.9]]}}, {"type": "Feature", "properties": {"storm_id": "AL032015", "name": "CLAUDETTE", "year": 2015, "max_wind": 45.0, "min_pressure": 1003.0, "category": 0}, "geometry": {"type": "LineString", "coordinates": [[-75.4, 35.4], [-74.6, 35.3], [-73.6, 35.2], [-72.8, 35.3], [-72.2, 35.5], [-71.1, 36.0], [-69.4, 36.8], [-67.5, 37.6], [-65.7, 38.4], [-64.1, 39.4], [-62.0, 40.7], [-60.0, 42.0], [-58.2, 43.5], [-56.9, 45.0], [-55.9, 46.0]]}}, {"type": "Feature", "properties": {"storm_id": "AL042015", "name": "DANNY", "year": 2015, "max_wind": 110.0, "min_pressure": 960.0, "category": 3}, "geometry": {"type": "LineString", "coordinates": [[-29.3, 9.6], [-30.4, 9.6], [-31.5, 9.7], [-32.6, 10.0], [-33.7, 10.3], [-34.8, 10.4], [-35.9, 10.5], [-37.1, 10.7], [-38.4, 10.9], [-39.5, 11.0], [-40.6, 11.2], [-41.5, 11.5], [-42.5, 11.7], [-43.5, 11.9], [-44.4, 12.3], [-45.3, 12.8], [-46.2, 13.2], [-47.0, 13.5], [-47.8, 13.8], [-48.6, 14.3], [-49.4, 14.7], [-50.3, 15.0], [-51.4, 15.3], [-52.7, 15.5], [-54.0, 15.6], [-55.3, 15.7], [-56.7, 15.7], [-58.2, 15.6], [-59.3, 15.6], [-60.4, 15.8], [-61.3, 15.8]]}}, {"type": "Feature", "properties": {"storm_id": "AL052015", "name": "ERIKA", "year": 2015, "max_wind": 45.0, "min_pressure": 1001.0, "category": 0}, "geometry": {"type": "LineString", "coordinates": [[-45.1, 14.3], [-46.9, 14.4], [-48.6, 14.7], [-50.2, 15.0], [-51.9, 15.3], [-53.6, 15.7], [-55.2, 15.9], [-56.8, 16.2], [-58.2, 16.4], [-59.5, 16.6], [-60.8, 16.5], [-62.2, 16.5], [-63.6, 16.6], [-65.1, 17.2], [-66.8, 17.5], [-68.6, 17.6]]}}, {"type": "Feature", "properties": {"storm_id": "AL062015", "name": "FRED", "year": 2015, "max_wind": 75.0, "min_pressure": 986.0, "category": 1}, "geometry": {"type": "LineString", "coordinates": [[-17.5, 11.6], [-18.4, 12.2], [-19.5, 13.1], [-20.7, 14.0], [-21.7, 14.6], [-22.5, 15.3], [-23.3, 16.1], [-24.1, 16.8], [-24.9, 17.4], [-25.7, 17.8], [-26.7, 18.2], [-27.6, 18.7], [-28.7, 19.1], [-29.7, 19.3], [-30.5, 19.6], [-31.4, 20.0], [-32.2, 20.4], [-32.9, 20.7], [-33.7, 21.3], [-34.9, 21.8], [-36.0, 21.9], [-36.9, 22.0], [-37.9, 22.2], [-38.7, 22.4], [-39.6, 22.7], [-40.6, 23.0], [-41.5, 23.3], [-42.2, 23.5], [-42.9, 23.8], [-43.3, 24.5], [-43.2, 25.3]]}}, {"type": "Feature", "properties": {"storm_id": "AL072015", "name": "GRACE", "year": 2015, "max_wind": 50.0, "min_pressure": 1000.0, "category": 0}, "geometry": {"type": "LineString", "coordinates": [[-23.1, 12.0], [-24.4, 12.2], [-25.7, 12.3], [-26.9, 12.4], [-28.0, 12.5], [-29.2, 12.7], [-30.5, 12.9], [-31.9, 13.2], [-33.4, 13.5], [-35.0, 13.7], [-36.7, 13.8], [-38.4, 13.9], [-40.1, 14.0], [-41.8, 14.0], [-43.4, 14.0], [-44.9, 14.0], [-46.4, 14.0]]}}, {"type": "Feature", "properties": {"storm_id": "AL082015", "name": "HENRI", "year": 2015, "max_wind": 45.0, "min_pressure": 1003.0, "category": 0}, "geometry": {"type": "LineString", "coordinates": [[-62.2, 31.1], [-61.9, 30.9], [-61.6, 30.8], [-61.4, 30.8], [-61.2, 30.8], [-61.0, 30.8], [-60.8, 30.9], [-60.8, 31.2], [-60.9, 31.6], [-60.9, 32.2], [-60.9, 33.2], [-60.7, 34.3], [-60.3, 35.7]]}}, {"type": "Feature", "properties": {"storm_id": "AL092015", "name": "NINE", "year": 2015, "max_wind": 30.0, "min_pressure": 1006.0, "category": 0}, "geometry": {"type": "LineString", "coordinates": [[-40.3, 11.5], [-41.1, 11.7], [-41.9, 11.9], [-42.4, 12.5], [-42.7, 13.3], [-43.1, 14.0], [-43.7, 14.5], [-44.4, 15.0], [-44.8, 15.3], [-45.0, 15.6], [-45.1, 15.9], [-45.1, 16.3], [-45.2, 16.8], [-45.8, 17.3], [-46.6, 17.6], [-47.3, 17.9], [-48.1, 18.1], [-48.8, 18.3], [-49.4, 18.5]]}}, {"type": "Feature", "properties": {"storm_id": "AL102015", "name": "IDA", "year": 2015, "max_wind": 45.0, "min_pressure": 1001.0, "category": 0}, "geometry": {"type": "LineString", "coordinates": [[-24.2, 9.4], [-25.5, 9.7], [-26.6, 10.1], [-27.6, 10.4], [-28.6, 10.7], [-29.6, 11.0], [-30.7, 11.3], [-31.8, 11.6], [-32.9, 12.0], [-33.9, 12.3], [-34.9, 12.6], [-35.7, 12.9], [-36.4, 13.2], [-37.0, 13.4], [-37.6, 13.7], [-38.4, 14.1], [-39.4, 14.6], [-40.6, 15.1], [-41.9, 15.6], [-43.1, 16.2], [-44.4, 16.9], [-45.6, 17.8], [-46.5, 18.8], [-47.3, 19.7], [-48.1, 20.5], [-48.7, 20.9], [-48.9, 21.3], [-48.5, 21.4], [-47.9, 21.4], [-47.4, 21.1], [-47.2, 20.9], [-47.2, 20.6], [-47.2, 20.3], [-46.9, 19.9], [-46.4, 19.7], [-45.7, 19.7], [-45.2, 20.0], [-45.0, 20.5], [-45.0, 21.0], [-45.0, 21.4], [-45.1, 21.8], [-45.2, 22.2], [-45.5, 22.6], [-45.8, 23.1], [-46.2, 23.6], [-46.7, 24.0], [-47.2, 24.3], [-47.7, 24.5], [-48.1, 24.6], [-48.7, 24.5], [-49.3, 24.1]]}}, {"type": "Feature", "properties": {"storm_id": "AL112015", "name": "JOAQUIN", "year": 2015, "max_wind": 135.0, "min_pressure": 931.0, "category": 4}, "geometry": {"type": "LineString", "coordinates": [[-68.7, 26.8], [-68.6, 26.9], [-68.5, 27.0], [-68.6, 27.1], [-68.8, 27.2], [-69.0, 27.4], [-69.3, 27.6], [-69.7, 27.7], [-70.0, 27.4], [-70.1, 26.9], [-70.3, 26.5], [-70.5, 26.2], [-70.8, 26.0], [-71.3, 25.8], [-71.8, 25.4], [-72.2, 24.9], [-72.5, 24.4], [-72.9, 23.9], [-73.3, 23.5], [-73.7, 23.1], [-74.2, 23.0], [-74.4, 22.9], [-74.7, 23.0], [-74.8, 23.4], [-74.8, 23.6], [-74.7, 23.8], [-74.5, 24.1], [-74.3, 24.3], [-73.6, 24.8], [-72.6, 25.4], [-71.0, 26.3], [-69.5, 27.4], [-68.3, 28.9], [-67.2, 30.4], [-66.5, 31.6], [-66.0, 32.6], [-65.6, 33.6], [-65.2, 34.4], [-64.5, 35.3], [-63.6, 36.2], [-62.3, 37.0], [-60.4, 37.9], [-58.0, 38.8], [-54.9, 39.6], [-51.5, 40.3], [-47.5, 41.0], [-43.3, 41.5], [-39.1, 41.9], [-35.0, 42.4], [-31.0, 43.0], [-27.3, 43.5], [-24.1, 43.9], [-21.9, 44.1], [-19.9, 44.2], [-18.2, 44.1], [-16.4, 43.8], [-15.0, 43.4], [-13.9, 43.1], [-12.9, 42.8], [-12.0, 42.5], [-11.3, 42.2], [-10.8, 41.8], [-10.5, 41.2], [-10.2, 40.4], [-9.7, 39.8], [-9.1, 39.5], [-8.8, 39.1], [-8.9, 38.6], [-9.1, 38.0], [-9.2, 37.3], [-9.1, 36.6], [-9.0, 36.0], [-8.7, 35.5], [-8.4, 35.1], [-8.0, 35.0], [-7.7, 35.2]]}}, {"type": "Feature", "properties": {"storm_id": "AL122015", "name": "KATE", "year": 2015, "max_wind": 75.0, "min_pressure": 980.0, "category": 1}, "geometry": {"type": "LineString", "coordinates": [[-71.5, 22.2], [-72.6, 22.8], [-73.7, 23.4], [-74.8, 24.1], [-75.7, 25.0], [-76.2, 26.4], [-76.2, 28.0], [-75.4, 29.5], [-74.0, 31.2], [-71.3, 33.1], [-67.6, 35.2], [-62.5, 36.2], [-58.2, 37.6], [-55.0, 38.9], [-52.0, 40.0], [-50.4, 41.3], [-49.9, 41.9], [-49.2, 41.5], [-47.5, 40.8], [-45.4, 40.7]]}}, {"type": "Feature", "properties": {"storm_id": "AL012016", "name": "ALEX", "year": 2016, "max_wind": 75.0, "min_pressure": 978.0, "category": 1}, "geometry": {"type": "LineString", "coordinates": [[-75.3, 26.6], [-74.7, 27.6], [-73.8, 28.7], [-72.5, 30.0], [-70.6, 31.4], [-68.8, 32.4], [-67.1, 33.0], [-65.0, 33.5], [-62.9, 34.0], [-60.5, 34.5], [-58.3, 35.0], [-56.1, 35.1], [-54.2, 34.4], [-52.7, 33.7], [-51.2, 32.9], [-49.1, 32.1], [-46.5, 31.6], [-44.6, 31.6], [-43.4, 31.3], [-42.5, 30.0], [-41.7, 28.4], [-40.2, 26.3], [-38.0, 25.0], [-35.9, 25.1], [-34.7, 25.4], [-33.6, 25.6], [-32.5, 26.0], [-31.4, 26.7], [-30.4, 27.9], [-29.6, 29.3], [-28.7, 30.8], [-28.0, 32.5], [-27.6, 33.9], [-27.2, 35.4], [-27.0, 38.0], [-27.1, 38.7], [-27.7, 41.5], [-28.9, 45.1], [-30.2, 48.9], [-32.0, 53.0], [-37.0, 56.0], [-42.0, 57.0]]}}, {"type": "Feature", "properties": {"storm_id": "AL022016", "name": "BONNIE", "year": 2016, "max_wind": 40.0, "min_pressure": 1006.0, "category": 0}, "geometry": {"type": "LineString", "coordinates": [[-72.1, 27.2], [-73.1, 27.7], [-74.4, 28.3], [-75.5, 28.8], [-76.7, 29.4], [-78.0, 30.0], [-79.1, 30.7], [-79.4, 31.0], [-79.4, 31.7], [-79.7, 32.7], [-79.8, 32.8], [-80.3, 33.0], [-80.3, 32.7], [-80.0, 33.1], [-79.8, 33.3], [-79.6, 33.4], [-79.3, 33.2], [-78.8, 33.1], [-78.4, 33.2], [-78.0, 33.3], [-77.7, 33.4], [-77.3, 33.4], [-76.9, 33.4], [-76.4, 33.5], [-76.0, 34.1], [-75.7, 34.7], [-75.4, 35.1], [-75.0, 35.4], [-74.5, 35.6], [-73.7, 35.7], [-72.6, 35.9], [-71.4, 35.9], [-70.2, 35.9], [-68.9, 35.9], [-67.3, 35.6], [-65.9, 35.1], [-64.6, 34.8], [-63.0, 34.3], [-61.2, 33.8], [-59.2, 33.4], [-57.1, 33.0], [-54.5, 32.4], [-51.5, 31.6], [-48.7, 31.0], [-46.2, 30.3], [-42.9, 29.6], [-40.3, 29.2], [-38.0, 28.9], [-36.2, 28.8], [-34.7, 28.9], [-33.5, 29.1], [-32.5, 29.5], [-31.7, 29.9], [-30.9, 30.2], [-30.2, 30.4], [-29.5, 30.6]]}}, {"type": "Feature", "properties": {"storm_id": "AL032016", "name": "COLIN", "year": 2016, "max_wind": 50.0, "min_pressure": 987.0, "category": 0}, "geometry": {"type": "LineString", "coordinates": [[-88.0, 21.6], [-87.9, 22.4], [-87.8, 23.2], [-87.6, 24.6], [-87.3, 26.4], [-86.1, 28.1], [-84.3, 29.4], [-83.6, 29.8], [-82.1, 30.7], [-78.5, 33.2], [-74.4, 35.5], [-70.0, 38.0], [-65.0, 40.0], [-61.0, 41.0], [-58.0, 43.0]]}}, {"type": "Feature", "properties": {"storm_id": "AL042016", "name": "DANIELLE", "year": 2016, "max_wind": 40.0, "min_pressure": 1007.0, "category": 0}, "geometry": {"type": "LineString", "coordinates": [[-91.6, 19.4], [-92.3, 19.7], [-93.2, 19.9], [-94.1, 19.9], [-94.6, 19.8], [-95.1, 19.8], [-95.5, 20.0], [-96.1, 20.7], [-96.8, 21.3], [-97.4, 21.2], [-97.8, 21.1], [-98.7, 20.8]]}}, {"type": "Feature", "properties": {"storm_id": "AL052016", "name": "EARL", "year": 2016, "max_wind": 75.0, "min_pressure": 979.0, "category": 1}, "geometry": {"type": "LineString", "coordinates": [[-77.5, 16.3], [-79.2, 16.3], [-80.8, 16.3], [-82.2, 16.4], [-83.1, 16.0], [-84.3, 16.3], [-85.4, 16.9], [-86.9, 17.3], [-87.8, 17.4], [-88.3, 17.4], [-89.4, 17.4], [-90.3, 17.6], [-91.2, 18.0], [-92.3, 18.3], [-93.5, 18.5], [-94.7, 18.7], [-95.6, 18.9], [-96.0, 19.0], [-96.5, 19.0], [-97.5, 19.0]]}}, {"type": "Feature", "properties": {"storm_id": "AL062016", "name": "FIONA", "year": 2016, "max_wind": 45.0, "min_pressure": 1004.0, "category": 0}, "geometry": {"type": "LineString", "coordinates": [[-32.2, 12.0], [-33.6, 12.4], [-34.8, 12.9], [-36.0, 13.7], [-37.3, 14.5], [-38.5, 15.2], [-39.4, 15.7], [-40.1, 16.1], [-40.8, 16.5], [-41.5, 16.9], [-42.3, 17.3], [-43.1, 17.7], [-43.9, 18.0], [-44.9, 18.5], [-46.1, 19.2], [-47.2, 20.0], [-48.4, 20.8], [-49.6, 21.5], [-51.1, 22.1], [-52.6, 22.6], [-54.2, 23.1], [-55.9, 23.7], [-57.6, 24.2], [-59.1, 24.5], [-60.5, 25.0], [-61.7, 25.3], [-62.9, 25.6], [-64.0, 25.9], [-64.9, 26.3], [-65.8, 26.7], [-66.7, 27.1]]}}, {"type": "Feature", "properties": {"storm_id": "AL072016", "name": "GASTON", "year": 2016, "max_wind": 105.0, "min_pressure": 955.0, "category": 3}, "geometry": {"type": "LineString", "coordinates": [[-19.4, 11.0], [-21.2, 11.0], [-23.0, 11.0], [-24.8, 11.2], [-26.5, 11.5], [-28.2, 12.0], [-29.9, 12.5], [-31.6, 13.0], [-33.4, 13.5], [-35.0, 13.9], [-36.5, 14.2], [-37.9, 14.8], [-39.1, 15.8], [-40.2, 16.9], [-41.4, 18.0], [-42.7, 18.9], [-44.0, 19.8], [-45.0, 21.0], [-46.0, 22.3], [-47.0, 23.6], [-47.9, 24.8], [-49.1, 25.8], [-50.3, 26.7], [-51.5, 27.5], [-52.8, 28.1], [-53.6, 28.7], [-54.2, 29.3], [-54.5, 29.9], [-54.7, 30.3], [-55.0, 30.5], [-55.2, 30.6], [-55.3, 30.7], [-55.4, 30.8], [-55.4, 31.1], [-54.9, 31.4], [-54.4, 31.7], [-53.5, 32.0], [-52.5, 32.4], [-51.5, 32.7], [-50.5, 33.1], [-49.2, 33.7], [-47.9, 34.5], [-46.3, 35.5], [-44.3, 36.3], [-42.0, 37.1], [-39.5, 37.8], [-37.0, 38.2], [-35.0, 38.5], [-33.0, 38.9], [-31.2, 39.3], [-29.5, 39.7], [-27.8, 40.2], [-26.1, 40.9]]}}, {"type": "Feature", "properties": {"storm_id": "AL082016", "name": "EIGHT", "year": 2016, "max_wind": 30.0, "min_pressure": 1010.0, "category": 0}, "geometry": {"type": "LineString", "coordinates": [[-65.0, 30.7], [-65.6, 30.8], [-66.2, 30.9], [-66.9, 31.0], [-67.8, 31.1], [-68.7, 31.3], [-69.6, 31.5], [-70.6, 31.7], [-71.7, 32.0], [-72.6, 32.4], [-73.2, 32.9], [-73.8, 33.4], [-74.5, 33.7], [-75.0, 33.9], [-75.0, 34.2], [-74.9, 34.4], [-74.7, 34.6], [-74.5, 34.8], [-73.8, 35.2], [-72.7, 35.9], [-71.2, 36.8]]}}, {"type": "Feature", "properties": {"storm_id": "AL092016", "name": "HERMINE", "year": 2016, "max_wind": 70.0, "min_pressure": 981.0, "category": 1}, "geometry": {"type": "LineString", "coordinates": [[-81.4, 23.8], [-82.4, 23.4], [-83.3, 23.4], [-84.0, 23.5], [-84.6, 23.7], [-85.4, 23.8], [-86.2, 23.8], [-86.8, 23.9], [-87.3, 24.0], [-87.8, 24.1], [-88.0, 24.4], [-87.9, 24.8], [-87.7, 25.1], [-87.2, 25.5], [-86.8, 26.0], [-86.2, 26.9], [-85.5, 27.9], [-84.8, 29.0], [-84.1, 30.1], [-84.0, 30.3], [-83.8, 30.6], [-82.8, 31.4], [-81.2, 32.4], [-79.2, 33.6], [-77.2, 34.9], [-75.5, 35.8], [-74.1, 36.0], [-72.6, 36.3], [-71.3, 36.7], [-70.1, 36.9], [-69.0, 37.0], [-68.4, 37.2], [-68.2, 37.8], [-68.5, 38.6], [-69.3, 39.2], [-70.3, 39.5], [-71.2, 39.6], [-71.8, 39.5], [-72.3, 39.5], [-72.5, 39.2], [-72.4, 39.0], [-72.3, 39.3], [-72.1, 39.5], [-71.8, 39.6], [-71.3, 39.9], [-70.7, 40.6], [-70.0, 41.7]]}}, {"type": "Feature", "properties": {"storm_id": "AL102016", "name": "IAN", "year": 2016, "max_wind": 55.0, "min_pressure": 984.0, "category": 0}, "geometry": {"type": "LineString", "coordinates": [[-48.5, 20.0], [-49.3, 20.5], [-50.2, 21.2], [-50.6, 22.2], [-51.2, 23.0], [-51.7, 23.9], [-52.1, 24.8], [-52.4, 26.0], [-52.6, 27.3], [-53.0, 28.9], [-53.5, 30.5], [-53.8, 32.1], [-53.5, 33.5], [-53.0, 34.9], [-51.5, 36.3], [-49.2, 38.3], [-46.8, 41.2], [-42.8, 44.0], [-38.6, 46.8], [-34.4, 50.4], [-30.3, 55.1]]}}, {"type": "Feature", "properties": {"storm_id": "AL112016", "name": "JULIA", "year": 2016, "max_wind": 45.0, "min_pressure": 1007.0, "category": 0}, "geometry": {"type": "LineString", "coordinates": [[-80.2, 27.3], [-80.7, 28.0], [-81.2, 29.0], [-81.5, 29.8], [-81.7, 30.5], [-81.5, 31.3], [-80.7, 31.8], [-80.1, 31.9], [-79.5, 31.9], [-78.7, 31.9], [-77.9, 31.9], [-77.2, 31.5], [-76.6, 31.2], [-75.9, 31.1], [-75.7, 30.9], [-76.0, 30.4], [-76.1, 30.3], [-76.2, 30.2], [-76.3, 30.4], [-76.4, 30.7], [-76.6, 31.1], [-77.0, 31.7], [-77.8, 32.0], [-78.3, 32.2], [-78.2, 32.4], [-77.7, 32.8], [-77.0, 33.2], [-76.5, 33.6], [-76.1, 34.3], [-76.0, 35.0], [-76.3, 35.5], [-76.9, 35.6], [-77.4, 35.4]]}}, {"type": "Feature", "properties": {"storm_id": "AL122016", "name": "KARL", "year": 2016, "max_wind": 60.0, "min_pressure": 980.0, "category": 0}, "geometry": {"type": "LineString", "coordinates": [[-19.0, 13.1], [-19.3, 13.3], [-19.6, 13.6], [-20.0, 14.1], [-20.8, 14.8], [-21.9, 15.5], [-23.2, 16.2], [-24.5, 16.8], [-25.8, 17.2], [-27.3, 17.4], [-28.7, 17.5], [-29.8, 17.6], [-30.8, 17.7], [-31.8, 17.8], [-32.8, 18.0], [-33.8, 18.3], [-34.9, 18.5], [-36.2, 18.4], [-37.4, 18.3], [-38.6, 18.2], [-39.7, 18.1], [-40.7, 17.9], [-41.8, 17.9], [-42.9, 18.0], [-44.3, 18.1], [-45.6, 18.1], [-46.8, 18.2], [-47.8, 18.4], [-48.9, 19.0], [-50.3, 19.7], [-52.1, 20.0], [-53.7, 20.0], [-54.9, 20.0], [-56.0, 20.0], [-56.9, 20.2], [-57.5, 20.8], [-58.2, 21.5], [-59.2, 22.5], [-60.3, 23.5], [-61.7, 24.4], [-62.9, 25.3], [-63.7, 26.4], [-64.3, 27.3], [-64.9, 28.2], [-65.3, 29.2], [-65.3, 30.3], [-64.8, 31.5], [-63.3, 32.2], [-61.5, 32.9], [-59.3, 33.8], [-55.1, 35.8], [-50.4, 38.1], [-45.0, 41.0], [-39.9, 45.0]]}}, {"type": "Feature", "properties": {"storm_id": "AL132016", "name": "LISA", "year": 2016, "max_wind": 45.0, "min_pressure": 999.0, "category": 0}, "geometry": {"type": "LineString", "coordinates": [[-26.7, 13.2], [-27.3, 13.4], [-27.8, 13.6], [-28.4, 13.9], [-29.3, 14.4], [-30.0, 15.1], [-30.7, 16.0], [-31.3, 16.7], [-31.7, 17.2], [-32.1, 17.7], [-32.4, 18.3], [-32.7, 18.9], [-33.3, 19.3], [-33.8, 19.7], [-34.2, 20.3], [-34.8, 20.9], [-35.4, 21.5], [-35.9, 22.0], [-36.3, 22.4], [-36.8, 22.9], [-37.4, 23.6], [-38.1, 24.4], [-39.2, 24.9], [-40.4, 25.4], [-41.4, 26.5], [-42.5, 27.6], [-42.5, 28.9], [-42.1, 29.8], [-41.2, 30.6], [-40.5, 31.6]]}}, {"type": "Feature", "properties": {"storm_id": "AL142016", "name": "MATTHEW", "year": 2016, "max_wind": 145.0, "min_pressure": 934.0, "category": 5}, "geometry": {"type": "LineString", "coordinates": [[-59.8, 13.4], [-61.2, 13.6], [-62.6, 13.9], [-64.0, 14.0], [-65.5, 14.1], [-66.9, 14.2], [-68.1, 14.2], [-69.3, 14.0], [-70.4, 13.8], [-71.2, 13.5], [-71.9, 13.4], [-72.5, 13.4], [-73.1, 13.4], [-73.3, 13.4], [-73.5, 13.5], [-73.9, 13.7], [-74.3, 14.0], [-74.7, 14.2], [-75.0, 14.5], [-75.0, 14.9], [-75.0, 15.4], [-74.9, 15.9], [-74.6, 16.6], [-74.4, 17.5], [-74.3, 18.3], [-74.3, 18.4], [-74.3, 19.3], [-74.3, 20.1], [-74.4, 20.7], [-74.8, 21.4], [-75.4, 22.2], [-76.0, 23.0], [-76.7, 23.8], [-77.5, 24.7], [-78.3, 25.7], [-79.0, 26.7], [-79.7, 27.7], [-80.3, 28.9], [-80.7, 29.7], [-80.6, 30.7], [-80.6, 31.6], [-80.5, 32.1], [-79.9, 32.5], [-79.5, 33.0], [-79.0, 33.5], [-77.3, 33.9], [-76.0, 34.7], [-74.5, 35.0], [-72.8, 35.2], [-71.1, 35.3]]}}, {"type": "Feature", "properties": {"storm_id": "AL152016", "name": "NICOLE", "year": 2016, "max_wind": 120.0, "min_pressure": 950.0, "category": 4}, "geometry": {"type": "LineString", "coordinates": [[-59.8, 23.2], [-60.3, 23.5], [-60.7, 23.8], [-61.2, 24.1], [-61.7, 24.4], [-62.5, 24.7], [-63.3, 25.1], [-63.9, 25.7], [-64.5, 26.2], [-64.8, 26.7], [-65.1, 27.3], [-65.2, 27.5], [-65.2, 27.6], [-65.2, 27.6], [-65.3, 27.2], [-65.4, 26.6], [-65.5, 26.0], [-65.6, 25.5], [-65.7, 25.0], [-65.6, 24.6], [-65.5, 24.1], [-65.4, 24.0], [-65.3, 24.1], [-65.2, 24.3], [-65.2, 24.8], [-65.2, 25.4], [-65.3, 26.0], [-65.5, 26.5], [-65.6, 26.8], [-65.8, 27.1], [-66.2, 27.2], [-66.6, 27.4], [-66.8, 27.6], [-66.9, 28.0], [-66.8, 28.7], [-66.5, 29.6], [-66.2, 30.6], [-65.3, 31.6], [-64.7, 32.3], [-63.9, 33.0], [-62.1, 34.0], [-60.5, 34.9], [-58.9, 35.6], [-56.5, 36.4], [-54.2, 37.2], [-52.6, 38.0], [-51.1, 38.7], [-49.8, 39.0], [-48.7, 39.3], [-48.0, 39.1], [-47.2, 38.9], [-46.4, 39.4], [-45.8, 40.1], [-45.5, 40.6], [-45.1, 40.9], [-43.6, 41.8], [-41.9, 43.5], [-39.7, 45.6], [-38.5, 49.0], [-38.5, 53.0], [-38.0, 55.1], [-37.0, 57.0], [-36.5, 59.0]]}}, {"type": "Feature", "properties": {"storm_id": "AL162016", "name": "OTTO", "year": 2016, "max_wind": 100.0, "min_pressure": 975.0, "category": 3}, "geometry": {"type": "LineString", "coordinates": [[-80.7, 12.5], [-81.3, 12.3], [-81.7, 11.8], [-82.0, 11.4], [-82.0, 11.2], [-82.0, 11.1], [-81.8, 11.0], [-81.5, 10.9], [-81.2, 10.8], [-80.8, 10.7], [-80.4, 10.7], [-80.0, 10.9], [-79.7, 11.1], [-79.4, 11.3], [-79.3, 11.3], [-79.2, 11.3], [-79.1, 11.1], [-79.1, 10.8], [-79.1, 10.6], [-79.2, 10.4], [-79.4, 10.5], [-79.6, 10.6], [-80.0, 10.8], [-80.4, 11.0], [-81.1, 11.2], [-81.8, 11.2], [-82.4, 11.1], [-83.0, 11.0], [-83.8, 11.0], [-83.9, 11.0], [-84.9, 10.9], [-85.6, 10.7], [-86.2, 10.6], [-87.5, 10.3], [-88.8, 10.0], [-90.2, 9.7], [-91.7, 9.4], [-93.3, 9.1]]}}, {"type": "Feature", "properties": {"storm_id": "AL012017", "name": "ARLENE", "year": 2017, "max_wind": 55.0, "min_pressure": 986.0, "category": 0}, "geometry": {"type": "LineString", "coordinates": [[-50.3, 35.8], [-49.5, 35.1], [-48.7, 34.4], [-47.8, 33.7], [-47.0, 33.2], [-46.1, 32.7], [-45.3, 32.3], [-44.7, 32.1], [-44.4, 31.9], [-44.1, 31.6], [-43.5, 31.1], [-42.6, 31.1], [-41.8, 31.3], [-41.1, 31.7], [-40.4, 32.1], [-39.6, 32.8], [-39.2, 33.8], [-39.6, 35.4], [-40.7, 37.3], [-43.0, 39.0], [-46.3, 40.0], [-49.3, 39.9], [-50.8, 38.5], [-51.2, 36.3], [-50.0, 34.7], [-48.7, 32.8], [-46.4, 31.9]]}}, {"type": "Feature", "properties": {"storm_id": "AL022017", "name": "BRET", "year": 2017, "max_wind": 45.0, "min_pressure": 1007.0, "category": 0}, "geometry": {"type": "LineString", "coordinates": [[-49.6, 7.5], [-51.7, 7.8], [-53.9, 8.1], [-56.5, 8.6], [-58.9, 9.2], [-60.5, 9.7], [-61.1, 10.1], [-62.1, 10.4], [-62.6, 10.6]]}}, {"type": "Feature", "properties": {"storm_id": "AL032017", "name": "CINDY", "year": 2017, "max_wind": 50.0, "min_pressure": 991.0, "category": 0}, "geometry": {"type": "LineString", "coordinates": [[-88.6, 23.6], [-89.2, 24.0], [-89.8, 24.4], [-90.3, 25.0], [-90.6, 25.6], [-90.9, 26.2], [-91.5, 26.8], [-92.3, 27.3], [-93.0, 27.8], [-93.4, 28.5], [-93.6, 29.4], [-93.7, 29.8], [-93.8, 30.5], [-93.8, 31.6], [-93.6, 32.8], [-92.8, 34.2], [-90.8, 35.5], [-88.1, 36.7], [-84.4, 37.7], [-78.5, 38.9]]}}, {"type": "Feature", "properties": {"storm_id": "AL042017", "name": "FOUR", "year": 2017, "max_wind": 25.0, "min_pressure": 1009.0, "category": 0}, "geometry": {"type": "LineString", "coordinates": [[-35.9, 11.8], [-37.1, 12.0], [-38.6, 12.4], [-40.3, 12.8], [-42.2, 13.3], [-44.1, 13.8], [-46.0, 14.3], [-47.9, 14.8], [-49.7, 15.4]]}}, {"type": "Feature", "properties": {"storm_id": "AL052017", "name": "DON", "year": 2017, "max_wind": 45.0, "min_pressure": 1005.0, "category": 0}, "geometry": {"type": "LineString", "coordinates": [[-47.7, 10.3], [-49.1, 10.4], [-50.6, 10.7], [-52.2, 11.0], [-53.8, 11.2], [-55.4, 11.3], [-57.1, 11.4]]}}, {"type": "Feature", "properties": {"storm_id": "AL062017", "name": "EMILY", "year": 2017, "max_wind": 50.0, "min_pressure": 1001.0, "category": 0}, "geometry": {"type": "LineString", "coordinates": [[-85.4, 28.4], [-84.6, 28.0], [-83.9, 27.7], [-83.1, 27.5], [-82.7, 27.5], [-82.2, 27.5], [-81.3, 27.5], [-80.4, 27.8], [-79.5, 28.7], [-78.6, 29.7], [-78.1, 30.7]]}}, {"type": "Feature", "properties": {"storm_id": "AL072017", "name": "FRANKLIN", "year": 2017, "max_wind": 75.0, "min_pressure": 981.0, "category": 1}, "geometry": {"type": "LineString", "coordinates": [[-81.5, 15.5], [-82.7, 16.1], [-83.6, 16.7], [-84.4, 17.4], [-85.3, 18.1], [-86.6, 18.8], [-87.6, 19.1], [-87.9, 19.2], [-88.9, 19.6], [-89.8, 19.9], [-90.9, 20.2], [-92.2, 20.4], [-93.3, 20.2], [-94.4, 20.2], [-95.5, 20.3], [-96.6, 20.0], [-96.8, 20.0], [-98.3, 19.8]]}}, {"type": "Feature", "properties": {"storm_id": "AL082017", "name": "GERT", "year": 2017, "max_wind": 95.0, "min_pressure": 962.0, "category": 2}, "geometry": {"type": "LineString", "coordinates": [[-66.8, 22.4], [-67.8, 22.7], [-68.7, 23.2], [-69.4, 24.0], [-70.0, 24.9], [-70.6, 25.8], [-71.2, 26.8], [-71.6, 27.7], [-71.9, 28.5], [-72.1, 29.2], [-72.2, 29.7], [-72.3, 30.2], [-72.3, 30.8], [-72.3, 31.5], [-72.1, 32.3], [-71.8, 33.2], [-71.0, 34.2], [-69.5, 35.4], [-67.1, 36.8], [-64.1, 38.2], [-60.4, 39.4], [-56.2, 40.7], [-52.0, 42.2], [-48.0, 44.0], [-44.3, 45.9], [-40.5, 47.7], [-37.8, 48.8], [-36.5, 50.5]]}}, {"type": "Feature", "properties": {"storm_id": "AL092017", "name": "HARVEY", "year": 2017, "max_wind": 115.0, "min_pressure": 937.0, "category": 4}, "geometry": {"type": "LineString", "coordinates": [[-45.8, 13.7], [-47.4, 13.7], [-49.0, 13.6], [-50.6, 13.6], [-52.0, 13.4], [-53.4, 13.1], [-55.0, 13.0], [-56.6, 13.0], [-58.4, 13.0], [-59.6, 13.1], [-60.3, 13.1], [-61.2, 13.2], [-62.2, 13.2], [-64.0, 13.4], [-65.7, 13.5], [-67.5, 13.7], [-69.2, 13.8], [-71.0, 14.0], [-72.9, 14.2], [-75.0, 14.4], [-76.8, 14.7], [-78.6, 15.1], [-80.5, 15.7], [-82.5, 16.4], [-84.6, 17.3], [-86.4, 18.0], [-87.8, 18.6], [-88.8, 19.4], [-89.7, 20.0], [-90.7, 20.5], [-91.6, 20.9], [-92.3, 21.4], [-92.4, 21.6], [-92.5, 22.0], [-92.6, 22.8], [-93.1, 23.7], [-93.6, 24.4], [-94.4, 25.0], [-95.1, 25.6], [-95.8, 26.3], [-96.3, 27.1], [-96.8, 27.8], [-96.9, 28.0], [-97.1, 28.2], [-97.3, 28.7], [-97.5, 29.0], [-97.4, 29.2], [-97.6, 29.3], [-97.5, 29.1], [-97.2, 29.0], [-96.8, 28.8], [-96.5, 28.6], [-96.2, 28.5], [-95.9, 28.4], [-95.4, 28.2], [-95.0, 28.1], [-94.6, 28.2], [-94.2, 28.5], [-93.8, 28.9], [-93.6, 29.4], [-93.5, 29.8], [-93.4, 30.1], [-93.1, 30.6], [-92.6, 31.3], [-92.2, 31.9], [-91.7, 32.5], [-90.9, 33.4], [-89.6, 34.1], [-88.2, 34.9], [-87.1, 36.0], [-86.4, 36.5], [-85.6, 37.2], [-84.9, 37.9], [-84.7, 38.2]]}}, {"type": "Feature", "properties": {"storm_id": "AL112017", "name": "IRMA", "year": 2017, "max_wind": 155.0, "min_pressure": 914.0, "category": 5}, "geometry": {"type": "LineString", "coordinates": [[-26.9, 16.1], [-28.3, 16.2], [-29.7, 16.3], [-30.8, 16.3], [-31.7, 16.3], [-32.5, 16.4], [-33.4, 16.7], [-34.2, 17.1], [-35.1, 17.5], [-36.1, 17.9], [-37.3, 18.4], [-38.5, 18.8], [-39.7, 19.1], [-41.1, 19.1], [-42.6, 18.9], [-44.1, 18.7], [-45.5, 18.5], [-46.7, 18.2], [-47.9, 17.9], [-49.2, 17.6], [-50.4, 17.3], [-51.5, 17.0], [-52.6, 16.8], [-53.9, 16.7], [-55.1, 16.6], [-56.4, 16.6], [-57.8, 16.7], [-59.2, 16.9], [-60.6, 17.3], [-61.8, 17.7], [-61.9, 17.7], [-63.1, 18.1], [-63.3, 18.1], [-64.4, 18.5], [-64.7, 18.6], [-66.2, 19.2], [-67.6, 19.7], [-69.0, 20.2], [-70.4, 20.7], [-71.8, 21.1], [-73.0, 21.5], [-73.2, 21.5], [-74.7, 21.8], [-76.0, 22.0], [-77.2, 22.1], [-77.9, 22.3], [-78.3, 22.4], [-79.3, 22.7], [-80.2, 23.1], [-80.9, 23.4], [-81.3, 23.7], [-81.5, 24.5], [-81.5, 24.7], [-81.7, 25.6], [-81.7, 25.9], [-81.7, 26.8], [-82.2, 28.2], [-82.7, 29.6], [-83.5, 30.9], [-84.4, 31.9], [-85.6, 32.9], [-86.9, 33.8], [-88.1, 34.8], [-88.9, 35.6], [-89.5, 36.2], [-90.1, 36.8]]}}, {"type": "Feature", "properties": {"storm_id": "AL122017", "name": "JOSE", "year": 2017, "max_wind": 135.0, "min_pressure": 938.0, "category": 4}, "geometry": {"type": "LineString", "coordinates": [[-33.5, 9.3], [-34.9, 10.0], [-36.0, 10.6], [-37.0, 11.1], [-37.9, 11.6], [-38.8, 12.0], [-40.0, 12.2], [-41.3, 12.2], [-42.6, 12.5], [-43.9, 13.1], [-45.2, 13.7], [-46.7, 14.1], [-48.3, 14.4], [-49.9, 14.7], [-51.5, 15.1], [-53.2, 15.5], [-54.9, 15.9], [-56.4, 16.1], [-57.8, 16.4], [-58.9, 16.7], [-59.9, 17.2], [-60.8, 17.9], [-61.8, 18.6], [-62.9, 19.4], [-64.0, 20.3], [-65.3, 21.2], [-66.5, 22.2], [-67.6, 23.3], [-68.6, 24.3], [-69.4, 25.4], [-69.5, 26.5], [-69.4, 27.2], [-69.1, 27.6], [-68.3, 27.7], [-67.4, 27.4], [-66.7, 26.8], [-66.2, 26.3], [-65.8, 25.8], [-65.6, 25.4], [-65.7, 25.1], [-65.9, 24.9], [-66.3, 24.8], [-66.9, 25.0], [-67.6, 25.4], [-68.2, 25.8], [-69.0, 26.3], [-69.9, 26.8], [-70.7, 27.2], [-71.4, 27.7], [-71.8, 28.2], [-72.0, 28.6], [-72.0, 29.1], [-72.0, 29.8], [-71.9, 30.5], [-71.8, 31.2], [-71.6, 31.9], [-71.4, 32.7], [-71.2, 33.5], [-71.2, 34.2], [-71.4, 34.9], [-71.6, 35.6], [-71.7, 36.3], [-71.5, 37.0], [-71.2, 37.6], [-70.8, 38.1], [-70.2, 38.7], [-69.4, 39.2], [-68.5, 39.4], [-68.1, 39.7], [-68.0, 39.7], [-68.0, 39.5], [-68.2, 39.5], [-68.6, 39.6], [-69.0, 39.7], [-69.1, 39.7], [-69.3, 39.7], [-69.6, 39.5], [-69.7, 39.1], [-69.1, 38.7], [-68.7, 38.7], [-68.4, 38.9], [-68.0, 38.9], [-68.2, 38.7], [-68.7, 38.7], [-69.2, 38.7]]}}, {"type": "Feature", "properties": {"storm_id": "AL132017", "name": "KATIA", "year": 2017, "max_wind": 90.0, "min_pressure": 972.0, "category": 2}, "geometry": {"type": "LineString", "coordinates": [[-97.2, 22.2], [-97.0, 22.4], [-96.7, 22.4], [-96.4, 22.2], [-95.8, 22.0], [-95.2, 21.8], [-94.9, 21.7], [-94.6, 21.6], [-94.6, 21.6], [-94.6, 21.6], [-95.0, 21.5], [-95.3, 21.4], [-95.7, 21.1], [-96.2, 21.1], [-96.9, 20.8], [-97.1, 20.6], [-97.4, 20.3], [-97.7, 20.1]]}}, {"type": "Feature", "properties": {"storm_id": "AL142017", "name": "LEE", "year": 2017, "max_wind": 100.0, "min_pressure": 962.0, "category": 3}, "geometry": {"type": "LineString", "coordinates": [[-23.1, 10.4], [-24.7, 10.6], [-26.2, 11.1], [-27.6, 11.7], [-29.0, 12.4], [-30.5, 12.6], [-31.9, 12.6], [-33.1, 12.5], [-33.9, 12.6], [-34.6, 12.7], [-35.4, 12.8], [-36.2, 12.9], [-37.0, 13.1], [-37.9, 13.4], [-39.0, 13.8], [-40.2, 14.2], [-41.5, 14.5], [-42.6, 14.9], [-43.3, 15.5], [-43.8, 16.1], [-44.4, 16.8], [-45.0, 17.6], [-45.2, 18.3], [-44.1, 20.4], [-43.9, 22.0], [-43.9, 23.8], [-45.3, 26.5], [-46.5, 27.8], [-47.5, 28.8], [-48.3, 29.3], [-48.7, 29.6], [-48.9, 30.0], [-49.1, 30.5], [-49.2, 31.1], [-49.3, 31.5], [-49.4, 31.8], [-49.8, 32.0], [-50.1, 31.9], [-50.2, 31.7], [-50.1, 31.5], [-49.8, 31.3], [-49.6, 31.2], [-49.5, 31.0], [-49.7, 30.8], [-50.2, 30.6], [-51.0, 30.3], [-52.0, 30.1], [-53.2, 29.9], [-54.2, 29.9], [-55.1, 29.9], [-56.0, 30.1], [-56.6, 30.3], [-57.0, 30.8], [-57.2, 31.4], [-57.3, 32.1], [-57.2, 33.0], [-56.6, 34.3], [-55.5, 35.7], [-53.8, 37.3], [-51.2, 39.0], [-48.2, 41.0], [-44.5, 43.2], [-38.9, 45.8]]}}, {"type": "Feature", "properties": {"storm_id": "AL152017", "name": "MARIA", "year": 2017, "max_wind": 150.0, "min_pressure": 908.0, "category": 5}, "geometry": {"type": "LineString", "coordinates": [[-49.7, 12.2], [-51.7, 12.2], [-53.1, 12.4], [-54.4, 12.8], [-55.7, 13.3], [-57.0, 13.6], [-58.0, 14.0], [-59.0, 14.3], [-59.7, 14.5], [-60.4, 14.9], [-61.1, 15.3], [-61.3, 15.4], [-61.9, 15.7], [-62.7, 16.1], [-63.5, 16.6], [-64.3, 17.0], [-64.7, 17.3], [-65.1, 17.6], [-65.9, 18.0], [-66.2, 18.2], [-67.0, 18.6], [-67.6, 19.0], [-68.2, 19.4], [-68.8, 19.9], [-69.5, 20.5], [-70.0, 20.8], [-70.5, 21.2], [-70.9, 21.9], [-71.2, 22.8], [-71.6, 23.7], [-71.9, 24.4], [-72.1, 25.1], [-72.3, 25.9], [-72.4, 26.6], [-72.6, 27.5], [-72.8, 28.4], [-72.9, 29.1], [-72.9, 29.7], [-72.9, 30.3], [-73.0, 30.8], [-73.1, 31.4], [-73.1, 32.0], [-73.1, 32.6], [-73.1, 33.3], [-73.1, 33.9], [-73.0, 34.4], [-72.9, 34.9], [-72.8, 35.4], [-72.6, 36.0], [-72.2, 36.6], [-71.3, 36.7], [-70.0, 36.8], [-68.6, 36.8], [-66.8, 36.9], [-64.6, 37.0], [-62.0, 37.0], [-59.0, 37.4], [-55.6, 38.1], [-52.2, 39.1], [-48.8, 40.0], [-45.6, 41.2], [-42.6, 42.2], [-39.4, 43.4], [-35.5, 44.9], [-31.0, 46.5], [-26.5, 47.5], [-22.0, 48.0], [-17.0, 48.0]]}}, {"type": "Feature", "properties": {"storm_id": "AL162017", "name": "NATE", "year": 2017, "max_wind": 80.0, "min_pressure": 981.0, "category": 1}, "geometry": {"type": "LineString", "coordinates": [[-80.8, 10.7], [-81.1, 11.1], [-81.2, 11.4], [-81.4, 11.7], [-81.8, 12.0], [-82.3, 12.3], [-82.7, 12.6], [-83.1, 13.1], [-83.5, 13.9], [-84.0, 14.5], [-84.4, 15.3], [-84.7, 16.3], [-84.7, 17.9], [-85.2, 19.5], [-85.9, 21.3], [-86.5, 23.5], [-87.9, 25.7], [-88.9, 27.6], [-89.2, 29.1], [-89.0, 30.4], [-88.9, 30.5], [-88.0, 32.2], [-87.1, 34.1], [-85.7, 36.2], [-83.4, 39.1], [-80.5, 41.5], [-76.3, 43.1], [-72.0, 44.2], [-67.6, 45.6], [-63.9, 46.1], [-60.4, 46.5], [-56.0, 47.5]]}}, {"type": "Feature", "properties": {"storm_id": "AL172017", "name": "OPHELIA", "year": 2017, "max_wind": 100.0, "min_pressure": 957.0, "category": 3}, "geometry": {"type": "LineString", "coordinates": [[-39.5, 31.8], [-38.6, 32.3], [-37.3, 32.9], [-38.5, 32.7], [-39.5, 32.3], [-39.5, 31.5], [-39.5, 31.3], [-39.6, 31.0], [-39.7, 30.6], [-40.1, 30.4], [-40.1, 30.5], [-40.0, 30.9], [-40.0, 31.3], [-39.6, 31.7], [-39.1, 32.0], [-38.8, 31.9], [-38.5, 31.6], [-38.2, 31.3], [-37.8, 30.9], [-37.2, 30.4], [-36.7, 30.0], [-36.2, 29.8], [-35.8, 29.9], [-35.7, 30.2], [-35.7, 30.4], [-35.6, 30.5], [-35.1, 30.5], [-34.4, 30.9], [-33.4, 31.4], [-32.5, 32.0], [-31.5, 32.6], [-29.7, 33.4], [-27.7, 34.2], [-25.2, 35.3], [-22.6, 36.4], [-19.8, 37.9], [-17.0, 39.9], [-14.3, 43.1], [-13.4, 47.6], [-12.1, 50.0], [-10.4, 51.9], [-10.0, 52.3], [-8.3, 55.3], [-6.1, 57.3], [-2.9, 58.7], [1.5, 59.3], [5.3, 60.1]]}}, {"type": "Feature", "properties": {"storm_id": "AL182017", "name": "PHILIPPE", "year": 2017, "max_wind": 35.0, "min_pressure": 1000.0, "category": 0}, "geometry": {"type": "LineString", "coordinates": [[-84.2, 17.5], [-84.5, 18.2], [-84.3, 19.1], [-83.5, 20.1], [-82.4, 21.3], [-81.6, 22.2], [-81.2, 22.7]]}}, {"type": "Feature", "properties": {"storm_id": "AL192017", "name": "RINA", "year": 2017, "max_wind": 50.0, "min_pressure": 991.0, "category": 0}, "geometry": {"type": "LineString", "coordinates": [[-52.3, 25.5], [-52.1, 26.5], [-52.0, 27.5], [-52.0, 28.4], [-51.9, 29.0], [-51.7, 29.2], [-51.2, 29.1], [-50.7, 29.0], [-50.4, 29.1], [-50.2, 29.4], [-50.0, 30.0], [-49.9, 30.8], [-49.5, 31.8], [-49.1, 33.0], [-48.7, 34.6], [-48.7, 36.4], [-48.8, 38.3], [-49.0, 40.1], [-48.8, 41.8], [-48.0, 43.6], [-47.0, 45.5]]}}, {"type": "Feature", "properties": {"storm_id": "AL012018", "name": "ALBERTO", "year": 2018, "max_wind": 55.0, "min_pressure": 990.0, "category": 0}, "geometry": {"type": "LineString", "coordinates": [[-87.1, 18.8], [-86.5, 18.7], [-85.9, 18.9], [-85.7, 19.6], [-85.6, 21.3], [-85.3, 22.6], [-84.8, 23.6], [-84.3, 24.9], [-84.4, 26.6], [-85.0, 27.6], [-85.8, 28.2], [-86.0, 28.6], [-85.9, 29.1], [-85.9, 29.8], [-86.0, 30.3], [-86.1, 30.9], [-86.6, 31.9], [-87.0, 33.0], [-87.3, 34.2], [-87.6, 35.4], [-87.9, 36.7], [-87.7, 38.2], [-87.0, 39.9], [-86.0, 41.5], [-84.6, 43.5], [-83.3, 46.0]]}}, {"type": "Feature", "properties": {"storm_id": "AL022018", "name": "BERYL", "year": 2018, "max_wind": 70.0, "min_pressure": 991.0, "category": 1}, "geometry": {"type": "LineString", "coordinates": [[-34.9, 10.0], [-36.5, 10.1], [-38.0, 10.1], [-39.5, 10.1], [-40.9, 10.2], [-42.3, 10.3], [-43.4, 10.3], [-44.6, 10.5], [-46.0, 10.7], [-47.3, 10.6], [-48.3, 10.7], [-49.3, 11.1], [-50.4, 11.7], [-52.0, 12.4], [-53.6, 12.9], [-55.2, 13.4], [-56.9, 14.1], [-59.2, 14.8], [-61.3, 15.5], [-63.2, 16.2], [-65.3, 16.6], [-67.1, 17.1], [-68.9, 17.6], [-70.5, 18.1], [-71.6, 19.3], [-72.4, 20.2], [-73.0, 21.3], [-73.6, 22.4], [-73.8, 23.7], [-73.8, 25.2], [-73.6, 26.7], [-73.1, 28.2], [-72.4, 29.6], [-71.6, 30.8], [-70.7, 31.9], [-70.1, 32.6], [-69.4, 33.3], [-68.6, 33.9], [-68.0, 34.5], [-67.3, 35.0], [-66.2, 35.6], [-65.5, 36.7], [-65.5, 37.8], [-65.4, 38.2], [-65.1, 38.1], [-64.3, 38.0], [-63.1, 38.3], [-61.8, 38.7], [-60.2, 39.5], [-58.5, 40.7], [-57.1, 43.0], [-55.7, 45.5]]}}, {"type": "Feature", "properties": {"storm_id": "AL032018", "name": "CHRIS", "year": 2018, "max_wind": 90.0, "min_pressure": 969.0, "category": 2}, "geometry": {"type": "LineString", "coordinates": [[-68.5, 30.7], [-69.7, 30.7], [-70.7, 30.8], [-71.7, 30.9], [-72.6, 31.2], [-73.1, 31.5], [-73.6, 31.8], [-74.2, 32.2], [-74.6, 32.6], [-74.9, 32.7], [-75.2, 32.8], [-75.3, 32.9], [-75.4, 33.1], [-75.0, 33.1], [-74.8, 32.8], [-74.6, 32.6], [-74.5, 32.4], [-74.6, 32.2], [-74.4, 32.1], [-74.3, 32.2], [-74.1, 32.4], [-73.5, 32.9], [-72.8, 33.4], [-71.9, 33.9], [-70.7, 34.6], [-69.1, 35.6], [-66.8, 37.0], [-64.3, 38.5], [-61.7, 40.9], [-59.2, 43.3], [-56.4, 45.7], [-53.4, 48.0], [-50.0, 50.0], [-45.0, 51.0], [-39.0, 52.0], [-33.5, 53.5], [-28.0, 56.0], [-25.0, 58.0], [-22.5, 59.5], [-21.0, 60.5], [-20.6, 60.6], [-20.3, 60.7], [-19.5, 60.9], [-18.5, 61.0], [-16.3, 61.1], [-13.7, 61.3], [-12.5, 62.1], [-12.0, 63.1], [-11.8, 63.3], [-11.5, 63.5]]}}, {"type": "Feature", "properties": {"storm_id": "AL042018", "name": "DEBBY", "year": 2018, "max_wind": 45.0, "min_pressure": 998.0, "category": 0}, "geometry": {"type": "LineString", "coordinates": [[-33.7, 41.2], [-35.5, 40.8], [-37.2, 40.4], [-38.9, 39.9], [-40.5, 39.2], [-42.2, 38.6], [-44.0, 37.8], [-45.1, 36.7], [-46.0, 35.7], [-47.2, 34.8], [-48.4, 33.9], [-49.2, 32.9], [-49.8, 32.2], [-50.3, 31.7], [-50.0, 31.3], [-49.5, 31.9], [-48.9, 32.6], [-47.9, 33.7], [-47.6, 36.0], [-48.1, 37.9], [-49.0, 39.0], [-49.2, 39.7], [-49.0, 40.4], [-48.6, 41.0], [-48.1, 41.6], [-47.2, 42.4], [-46.0, 43.2], [-44.4, 44.0], [-42.0, 45.1], [-38.5, 45.9], [-34.7, 46.5], [-30.8, 47.0]]}}, {"type": "Feature", "properties": {"storm_id": "AL052018", "name": "ERNESTO", "year": 2018, "max_wind": 40.0, "min_pressure": 999.0, "category": 0}, "geometry": {"type": "LineString", "coordinates": [[-45.5, 36.9], [-45.7, 37.4], [-45.9, 37.8], [-45.8, 38.5], [-45.4, 39.3], [-44.7, 40.3], [-43.8, 41.5], [-42.1, 42.4], [-40.2, 43.5], [-37.9, 44.9], [-35.1, 46.6], [-31.8, 48.3], [-27.7, 49.8], [-22.6, 51.3], [-18.2, 52.3], [-13.8, 53.4], [-9.6, 54.2], [-4.5, 55.0]]}}, {"type": "Feature", "properties": {"storm_id": "AL062018", "name": "FLORENCE", "year": 2018, "max_wind": 130.0, "min_pressure": 937.0, "category": 4}, "geometry": {"type": "LineString", "coordinates": [[-16.9, 12.8], [-17.9, 12.8], [-19.0, 12.8], [-20.2, 13.1], [-21.4, 13.4], [-22.6, 13.6], [-23.8, 13.8], [-24.9, 14.0], [-26.1, 14.3], [-27.2, 14.8], [-28.3, 15.4], [-29.6, 15.9], [-30.9, 16.4], [-32.4, 16.8], [-33.8, 17.1], [-35.2, 17.6], [-36.6, 17.9], [-38.0, 18.2], [-39.2, 18.4], [-40.2, 18.7], [-41.2, 19.1], [-42.0, 19.5], [-42.7, 20.0], [-43.4, 20.4], [-44.3, 21.1], [-45.2, 21.7], [-46.2, 22.4], [-46.9, 23.1], [-47.6, 23.8], [-48.2, 24.4], [-49.0, 24.8], [-49.6, 25.0], [-50.3, 25.0], [-51.1, 24.9], [-52.0, 24.8], [-52.9, 24.7], [-53.6, 24.6], [-54.1, 24.6], [-54.5, 24.6], [-55.0, 24.5], [-55.5, 24.4], [-56.1, 24.4], [-56.7, 24.4], [-57.3, 24.5], [-58.4, 24.7], [-59.5, 24.9], [-60.6, 25.2], [-61.8, 25.6], [-63.2, 26.0], [-64.7, 26.5], [-66.4, 27.2], [-68.1, 27.9], [-69.5, 28.7], [-70.7, 29.4], [-71.9, 30.4], [-73.2, 31.5], [-74.2, 32.4], [-75.1, 33.1], [-76.0, 33.6], [-76.5, 34.0], [-77.2, 34.2], [-77.8, 34.2], [-77.9, 34.1], [-78.4, 34.0], [-78.8, 33.9], [-79.3, 33.7], [-79.5, 33.6], [-79.8, 33.6], [-80.2, 33.6], [-80.8, 33.6], [-81.5, 33.6], [-82.1, 34.1], [-82.2, 35.0], [-82.6, 36.4], [-82.2, 37.8], [-82.0, 38.8], [-80.5, 39.5], [-76.8, 41.3], [-73.3, 42.2]]}}, {"type": "Feature", "properties": {"storm_id": "AL072018", "name": "GORDON", "year": 2018, "max_wind": 60.0, "min_pressure": 996.0, "category": 0}, "geometry": {"type": "LineString", "coordinates": [[-77.0, 22.4], [-78.2, 23.3], [-79.4, 24.2], [-80.0, 24.6], [-80.5, 25.0], [-80.7, 25.1], [-80.9, 25.2], [-81.9, 25.8], [-83.3, 26.6], [-84.9, 27.2], [-86.2, 28.1], [-87.2, 28.9], [-88.0, 29.8], [-88.5, 30.4], [-88.9, 30.9], [-89.8, 31.9], [-90.4, 32.5], [-90.9, 33.0], [-91.4, 33.5], [-91.7, 33.9], [-91.9, 34.2], [-92.0, 34.4], [-92.1, 34.6], [-92.2, 35.0], [-92.3, 35.5]]}}, {"type": "Feature", "properties": {"storm_id": "AL082018", "name": "HELENE", "year": 2018, "max_wind": 95.0, "min_pressure": 967.0, "category": 2}, "geometry": {"type": "LineString", "coordinates": [[-16.8, 13.4], [-17.4, 13.5], [-18.0, 13.6], [-18.9, 13.7], [-19.9, 13.5], [-21.0, 13.3], [-22.2, 13.2], [-23.4, 13.1], [-24.5, 13.2], [-25.6, 13.4], [-26.7, 13.7], [-28.0, 14.0], [-29.4, 14.4], [-30.8, 14.8], [-32.1, 15.3], [-33.2, 15.7], [-34.0, 16.2], [-34.6, 16.8], [-35.3, 17.6], [-35.8, 18.7], [-36.3, 19.8], [-36.7, 20.8], [-37.1, 21.9], [-37.3, 22.9], [-37.4, 24.1], [-37.4, 25.4], [-37.4, 27.2], [-37.3, 29.4], [-37.2, 31.8], [-37.0, 33.7], [-36.5, 35.2], [-35.7, 36.9], [-34.5, 38.4], [-32.9, 39.6], [-31.5, 40.6], [-29.6, 41.8], [-27.1, 43.1], [-24.0, 44.1], [-20.0, 45.2], [-16.0, 46.7], [-12.5, 48.0], [-10.0, 49.5]]}}, {"type": "Feature", "properties": {"storm_id": "AL092018", "name": "ISAAC", "year": 2018, "max_wind": 65.0, "min_pressure": 995.0, "category": 1}, "geometry": {"type": "LineString", "coordinates": [[-35.0, 13.5], [-34.9, 13.7], [-34.9, 13.9], [-35.2, 14.2], [-35.8, 14.4], [-36.3, 14.5], [-37.0, 14.4], [-37.7, 14.3], [-38.7, 14.3], [-39.8, 14.4], [-41.0, 14.5], [-42.2, 14.5], [-43.5, 14.4], [-44.8, 14.4], [-46.2, 14.5], [-47.6, 14.6], [-49.1, 14.6], [-50.5, 14.6], [-51.7, 14.5], [-52.9, 14.6], [-54.2, 14.9], [-55.7, 15.2], [-57.2, 15.3], [-58.9, 15.1], [-60.7, 14.9], [-62.3, 14.9], [-63.6, 14.9], [-64.8, 15.0], [-66.2, 15.2], [-67.6, 15.3], [-69.0, 15.4]]}}, {"type": "Feature", "properties": {"storm_id": "AL102018", "name": "JOYCE", "year": 2018, "max_wind": 45.0, "min_pressure": 995.0, "category": 0}, "geometry": {"type": "LineString", "coordinates": [[-39.8, 37.0], [-40.7, 36.6], [-41.5, 35.8], [-41.9, 34.8], [-42.4, 34.3], [-42.9, 34.0], [-43.4, 33.9], [-43.9, 33.6], [-44.4, 33.1], [-44.8, 32.5], [-44.9, 31.8], [-44.5, 31.5], [-43.9, 31.4], [-42.8, 31.5], [-41.6, 31.9], [-40.3, 32.5], [-38.8, 33.2], [-37.1, 33.8], [-35.2, 34.3], [-33.2, 34.4], [-31.4, 34.3], [-30.1, 34.2], [-28.9, 34.1], [-28.0, 33.9], [-27.5, 33.5], [-27.3, 32.8], [-27.3, 32.0], [-27.5, 31.1], [-27.9, 30.4], [-28.5, 30.0], [-29.2, 29.9], [-29.9, 29.9], [-30.6, 29.8], [-31.4, 29.6], [-32.3, 29.5], [-33.2, 29.6], [-34.0, 29.7], [-34.7, 30.1], [-35.0, 30.8]]}}, {"type": "Feature", "properties": {"storm_id": "AL112018", "name": "ELEVEN", "year": 2018, "max_wind": 30.0, "min_pressure": 1007.0, "category": 0}, "geometry": {"type": "LineString", "coordinates": [[-52.5, 12.9], [-53.2, 13.0], [-53.4, 13.0], [-53.7, 13.2], [-53.9, 13.4]]}}, {"type": "Feature", "properties": {"storm_id": "AL122018", "name": "KIRK", "year": 2018, "max_wind": 55.0, "min_pressure": 998.0, "category": 0}, "geometry": {"type": "LineString", "coordinates": [[-21.8, 7.7], [-22.9, 8.1], [-24.1, 8.5], [-25.7, 8.9], [-27.3, 9.1], [-29.3, 9.2], [-31.7, 9.3], [-34.1, 9.4], [-36.4, 9.6], [-38.5, 9.8], [-40.6, 10.0], [-42.7, 10.3], [-44.8, 10.7], [-46.8, 11.0], [-48.6, 11.3], [-50.3, 11.5], [-52.0, 11.8], [-53.6, 12.1], [-55.0, 12.5], [-56.4, 12.9], [-57.7, 13.3], [-58.7, 13.6], [-59.8, 14.0], [-60.8, 13.8], [-60.9, 13.8], [-61.9, 13.3], [-63.1, 13.6], [-64.2, 14.4]]}}, {"type": "Feature", "properties": {"storm_id": "AL132018", "name": "LESLIE", "year": 2018, "max_wind": 80.0, "min_pressure": 968.0, "category": 1}, "geometry": {"type": "LineString", "coordinates": [[-45.0, 35.0], [-44.2, 34.4], [-44.2, 33.7], [-44.6, 33.3], [-45.2, 33.2], [-45.9, 33.0], [-46.5, 33.2], [-47.0, 33.5], [-47.8, 33.5], [-48.5, 32.9], [-47.9, 32.8], [-47.6, 33.0], [-47.2, 32.7], [-46.7, 32.1], [-45.2, 31.7], [-44.3, 32.9], [-42.6, 32.6], [-40.3, 32.3], [-38.5, 33.8], [-38.6, 36.1], [-40.4, 37.3], [-41.6, 37.1], [-42.5, 37.0], [-43.4, 37.0], [-44.5, 36.9], [-45.3, 36.6], [-46.4, 36.4], [-47.4, 36.3], [-48.9, 35.9], [-50.0, 35.4], [-50.6, 34.7], [-51.3, 34.3], [-51.7, 34.0], [-52.2, 33.8], [-52.6, 33.7], [-53.0, 33.6], [-53.4, 33.5], [-53.7, 33.3], [-54.1, 33.1], [-54.4, 32.8], [-54.9, 32.4], [-55.4, 31.9], [-55.9, 31.2], [-56.2, 30.4], [-56.6, 29.8], [-56.8, 29.6], [-56.8, 29.5], [-56.9, 29.8], [-57.0, 30.3], [-57.1, 30.9], [-57.2, 31.7], [-57.3, 32.8], [-57.6, 34.2], [-58.2, 35.2], [-58.3, 35.9], [-58.1, 36.2], [-57.6, 36.5], [-57.0, 36.9], [-56.4, 37.4], [-55.1, 37.5], [-53.7, 37.4], [-52.5, 37.1], [-51.6, 36.5], [-50.5, 36.1], [-49.4, 35.8], [-48.5, 35.5], [-47.4, 34.9], [-46.2, 34.3], [-45.1, 33.5], [-44.2, 32.7], [-43.6, 31.6], [-43.1, 30.7], [-42.7, 29.8], [-42.7, 28.8], [-42.5, 28.1], [-42.2, 27.7], [-41.6, 27.7], [-40.7, 28.1], [-39.3, 28.8], [-37.5, 29.5], [-35.2, 30.4], [-32.5, 31.4], [-29.6, 32.6], [-26.3, 33.4], [-22.4, 34.2], [-18.3, 35.5], [-14.1, 37.2], [-10.5, 39.3], [-7.6, 41.1]]}}, {"type": "Feature", "properties": {"storm_id": "AL142018", "name": "MICHAEL", "year": 2018, "max_wind": 140.0, "min_pressure": 919.0, "category": 5}, "geometry": {"type": "LineString", "coordinates": [[-86.6, 17.8], [-86.9, 18.1], [-86.8, 18.4], [-86.4, 18.8], [-85.7, 19.1], [-85.5, 19.7], [-85.4, 20.2], [-85.1, 20.9], [-85.1, 21.7], [-85.2, 22.7], [-85.8, 23.7], [-86.2, 24.6], [-86.4, 25.6], [-86.5, 26.6], [-86.6, 27.7], [-86.3, 29.0], [-85.5, 30.0], [-85.4, 30.2], [-84.5, 31.5], [-83.2, 32.8], [-81.7, 34.1], [-80.0, 35.6], [-77.7, 36.5], [-75.0, 37.3], [-70.6, 39.1], [-66.1, 41.1], [-61.5, 43.1], [-55.7, 44.8], [-48.2, 46.4], [-40.7, 47.6], [-33.1, 48.4], [-26.1, 48.8], [-20.7, 48.6], [-16.4, 47.5], [-13.5, 45.9], [-11.4, 44.4], [-10.3, 42.8], [-10.0, 41.2]]}}, {"type": "Feature", "properties": {"storm_id": "AL152018", "name": "NADINE", "year": 2018, "max_wind": 55.0, "min_pressure": 995.0, "category": 0}, "geometry": {"type": "LineString", "coordinates": [[-26.7, 9.3], [-27.6, 9.5], [-28.4, 9.8], [-29.0, 10.1], [-29.6, 10.4], [-30.2, 10.8], [-30.7, 11.2], [-30.9, 11.8], [-31.4, 12.3], [-32.0, 12.8], [-32.5, 13.3], [-33.1, 13.6], [-33.8, 13.9], [-34.6, 14.3], [-35.0, 14.8], [-35.3, 15.3], [-35.7, 15.8], [-37.0, 16.2]]}}, {"type": "Feature", "properties": {"storm_id": "AL162018", "name": "OSCAR", "year": 2018, "max_wind": 95.0, "min_pressure": 952.0, "category": 2}, "geometry": {"type": "LineString", "coordinates": [[-45.3, 25.4], [-45.3, 26.4], [-46.5, 27.1], [-48.0, 27.4], [-49.9, 27.1], [-51.1, 25.9], [-52.0, 25.4], [-53.1, 25.4], [-54.8, 25.7], [-56.4, 25.5], [-57.5, 25.5], [-58.1, 25.7], [-58.5, 26.2], [-58.5, 27.0], [-58.4, 28.0], [-58.0, 29.0], [-57.3, 30.3], [-56.0, 31.7], [-54.6, 33.0], [-52.4, 35.4], [-50.5, 38.0], [-48.7, 40.7], [-46.9, 43.4], [-44.7, 46.0], [-41.8, 48.2], [-38.6, 50.3], [-35.5, 52.3], [-33.1, 53.4], [-30.4, 54.2], [-26.8, 55.3], [-23.1, 56.6], [-19.6, 57.9], [-17.1, 58.9], [-14.5, 59.8], [-12.1, 60.8], [-9.1, 62.4]]}}, {"type": "Feature", "properties": {"storm_id": "AL012019", "name": "ANDREA", "year": 2019, "max_wind": 35.0, "min_pressure": 1006.0, "category": 0}, "geometry": {"type": "LineString", "coordinates": [[-68.6, 28.1], [-68.8, 29.1], [-69.0, 29.9], [-69.1, 30.6], [-68.6, 30.8], [-67.7, 31.3], [-66.7, 31.6]]}}, {"type": "Feature", "properties": {"storm_id": "AL022019", "name": "BARRY", "year": 2019, "max_wind": 65.0, "min_pressure": 993.0, "category": 1}, "geometry": {"type": "LineString", "coordinates": [[-86.5, 28.5], [-87.1, 28.1], [-87.6, 27.8], [-88.0, 27.7], [-88.4, 27.7], [-88.8, 27.7], [-89.2, 27.8], [-89.7, 27.9], [-90.2, 28.1], [-90.7, 28.4], [-91.1, 28.6], [-91.5, 28.9], [-91.9, 29.3], [-92.2, 29.6], [-92.4, 29.9], [-92.8, 30.4], [-93.2, 31.0], [-93.5, 31.6], [-93.6, 32.3], [-93.6, 33.0], [-93.6, 33.9], [-93.6, 34.7], [-93.5, 35.5], [-93.3, 36.3], [-92.9, 37.2]]}}, {"type": "Feature", "properties": {"storm_id": "AL032019", "name": "THREE", "year": 2019, "max_wind": 30.0, "min_pressure": 1013.0, "category": 0}, "geometry": {"type": "LineString", "coordinates": [[-77.4, 24.6], [-78.4, 25.0], [-79.3, 25.7], [-79.6, 26.9], [-80.0, 28.6]]}}, {"type": "Feature", "properties": {"storm_id": "AL042019", "name": "CHANTAL", "year": 2019, "max_wind": 35.0, "min_pressure": 1007.0, "category": 0}, "geometry": {"type": "LineString", "coordinates": [[-59.7, 40.1], [-57.1, 40.3], [-54.8, 40.3], [-52.5, 40.1], [-50.3, 39.9], [-48.3, 39.6], [-46.3, 39.3], [-44.4, 38.9], [-42.9, 38.5], [-41.8, 38.0], [-41.2, 37.5], [-40.9, 36.9], [-40.8, 36.3], [-40.9, 35.7], [-41.2, 35.3], [-41.8, 35.1], [-42.5, 35.0], [-43.2, 35.1], [-43.6, 35.5], [-43.9, 35.9], [-44.1, 36.1], [-44.4, 36.2], [-44.8, 36.2], [-45.0, 36.4], [-44.8, 36.5]]}}, {"type": "Feature", "properties": {"storm_id": "AL052019", "name": "DORIAN", "year": 2019, "max_wind": 160.0, "min_pressure": 910.0, "category": 5}, "geometry": {"type": "LineString", "coordinates": [[-46.4, 10.3], [-47.5, 10.4], [-48.7, 10.6], [-49.9, 10.8], [-51.0, 11.0], [-52.3, 11.2], [-53.5, 11.4], [-54.7, 11.6], [-56.0, 11.9], [-57.2, 12.2], [-58.3, 12.6], [-59.2, 13.0], [-59.4, 13.1], [-60.2, 13.5], [-60.9, 14.0], [-61.2, 14.2], [-62.0, 15.0], [-62.8, 15.7], [-63.5, 16.4], [-64.2, 17.3], [-64.6, 17.8], [-65.1, 18.4], [-65.7, 19.2], [-66.3, 20.0], [-66.9, 21.0], [-67.4, 22.0], [-68.0, 22.8], [-68.8, 23.5], [-69.5, 24.3], [-70.3, 24.8], [-71.1, 25.3], [-72.1, 25.6], [-73.0, 25.9], [-74.0, 26.1], [-74.7, 26.3], [-75.6, 26.4], [-76.5, 26.5], [-77.0, 26.5], [-77.1, 26.5], [-77.7, 26.6], [-77.8, 26.6], [-78.0, 26.6], [-78.3, 26.7], [-78.4, 26.8], [-78.5, 26.9], [-78.5, 27.0], [-78.5, 27.1], [-78.6, 27.6], [-78.8, 28.1], [-79.2, 28.8], [-79.6, 29.5], [-79.7, 30.1], [-79.7, 30.7], [-79.6, 31.4], [-79.2, 32.1], [-78.9, 32.7], [-77.9, 33.4], [-76.9, 34.1], [-75.7, 35.1], [-75.6, 35.2], [-73.7, 36.2], [-71.2, 37.4], [-68.9, 38.9], [-66.9, 40.8], [-64.6, 42.8], [-62.9, 45.2], [-61.9, 47.6], [-60.4, 49.4], [-57.9, 50.8], [-54.8, 51.6]]}}, {"type": "Feature", "properties": {"storm_id": "AL062019", "name": "ERIN", "year": 2019, "max_wind": 35.0, "min_pressure": 1002.0, "category": 0}, "geometry": {"type": "LineString", "coordinates": [[-72.7, 31.7], [-72.5, 31.5], [-72.2, 31.2], [-71.7, 30.9], [-71.1, 30.9], [-71.6, 31.3], [-72.0, 31.7], [-72.4, 32.2], [-72.9, 33.0], [-73.0, 33.9], [-72.6, 34.8], [-72.1, 35.6], [-70.9, 36.9], [-68.5, 38.5]]}}, {"type": "Feature", "properties": {"storm_id": "AL072019", "name": "FERNAND", "year": 2019, "max_wind": 45.0, "min_pressure": 1000.0, "category": 0}, "geometry": {"type": "LineString", "coordinates": [[-94.0, 23.6], [-94.7, 23.4], [-95.4, 23.2], [-96.1, 23.1], [-96.8, 23.4], [-97.2, 24.0], [-97.7, 24.2], [-98.0, 24.3], [-98.6, 24.7]]}}, {"type": "Feature", "properties": {"storm_id": "AL082019", "name": "GABRIELLE", "year": 2019, "max_wind": 55.0, "min_pressure": 995.0, "category": 0}, "geometry": {"type": "LineString", "coordinates": [[-30.1, 16.1], [-30.9, 16.8], [-31.6, 17.5], [-32.1, 18.1], [-32.6, 18.7], [-33.2, 19.5], [-33.6, 20.1], [-33.7, 20.5], [-33.9, 20.8], [-34.5, 21.5], [-35.2, 22.3], [-35.6, 22.9], [-36.2, 23.8], [-37.1, 25.0], [-38.0, 26.2], [-39.0, 27.4], [-40.1, 29.0], [-41.6, 30.5], [-43.9, 31.0], [-45.8, 31.5], [-47.4, 31.8], [-48.4, 32.3], [-49.0, 33.2], [-49.3, 34.5], [-49.3, 35.8], [-48.9, 37.1], [-48.0, 38.4], [-46.3, 40.0], [-44.2, 41.4], [-41.7, 42.4], [-39.1, 43.3], [-36.4, 44.1], [-33.5, 45.5], [-30.0, 47.0], [-26.4, 49.0]]}}, {"type": "Feature", "properties": {"storm_id": "AL092019", "name": "HUMBERTO", "year": 2019, "max_wind": 110.0, "min_pressure": 950.0, "category": 3}, "geometry": {"type": "LineString", "coordinates": [[-74.2, 23.0], [-74.3, 23.4], [-74.3, 23.8], [-74.4, 24.2], [-74.5, 24.7], [-74.7, 25.2], [-75.2, 25.6], [-75.9, 26.0], [-76.5, 26.5], [-77.0, 27.0], [-77.3, 27.5], [-77.6, 28.0], [-77.9, 28.6], [-78.1, 29.1], [-77.8, 29.2], [-77.3, 29.5], [-76.7, 29.8], [-76.1, 30.1], [-75.4, 30.3], [-74.7, 30.5], [-73.8, 30.7], [-72.9, 30.9], [-71.6, 31.2], [-70.3, 31.5], [-68.8, 32.0], [-67.2, 32.5], [-65.0, 33.2], [-64.0, 33.8], [-62.9, 34.5], [-60.8, 36.0], [-59.3, 37.7], [-58.5, 39.1], [-58.0, 40.4], [-57.5, 41.5]]}}, {"type": "Feature", "properties": {"storm_id": "AL102019", "name": "JERRY", "year": 2019, "max_wind": 90.0, "min_pressure": 976.0, "category": 2}, "geometry": {"type": "LineString", "coordinates": [[-42.6, 12.6], [-43.5, 12.8], [-44.4, 13.0], [-45.4, 13.3], [-46.3, 13.6], [-47.4, 14.0], [-48.6, 14.4], [-49.9, 14.8], [-51.2, 15.2], [-52.5, 15.8], [-53.8, 16.5], [-55.2, 17.2], [-56.6, 17.7], [-58.1, 18.1], [-59.7, 18.5], [-61.2, 19.2], [-62.4, 20.1], [-63.5, 21.0], [-64.5, 21.7], [-65.5, 22.5], [-66.1, 23.6], [-66.5, 24.5], [-66.6, 25.4], [-66.8, 26.3], [-67.2, 27.0], [-67.7, 27.4], [-68.0, 27.7], [-68.3, 28.2], [-68.6, 28.9], [-68.9, 29.7], [-69.1, 30.5], [-69.1, 30.9], [-68.9, 31.3], [-68.4, 31.6], [-67.4, 31.8], [-66.1, 32.0], [-64.9, 32.3], [-63.8, 32.9], [-62.9, 33.6], [-62.2, 34.1], [-61.4, 34.6], [-60.5, 35.0], [-59.4, 35.3], [-58.7, 35.3], [-58.3, 35.1]]}}, {"type": "Feature", "properties": {"storm_id": "AL112019", "name": "IMELDA", "year": 2019, "max_wind": 40.0, "min_pressure": 1003.0, "category": 0}, "geometry": {"type": "LineString", "coordinates": [[-95.7, 28.3], [-95.5, 28.6], [-95.4, 28.9], [-95.4, 29.0], [-95.5, 29.5], [-95.6, 29.9], [-95.5, 30.4], [-95.0, 30.6], [-94.8, 31.1]]}}, {"type": "Feature", "properties": {"storm_id": "AL122019", "name": "KAREN", "year": 2019, "max_wind": 40.0, "min_pressure": 1003.0, "category": 0}, "geometry": {"type": "LineString", "coordinates": [[-58.8, 11.5], [-59.9, 11.8], [-61.1, 12.1], [-62.2, 12.5], [-63.2, 13.0], [-64.1, 13.7], [-64.8, 14.4], [-65.4, 15.1], [-65.7, 15.7], [-65.8, 16.4], [-65.8, 17.0], [-65.6, 17.7], [-65.4, 18.1], [-65.3, 18.3], [-65.2, 18.5], [-65.0, 19.7], [-64.8, 21.0], [-64.5, 22.3], [-64.2, 23.6], [-64.0, 24.8], [-63.7, 25.9], [-63.1, 26.9], [-62.3, 27.7], [-61.2, 28.3], [-60.0, 28.8]]}}, {"type": "Feature", "properties": {"storm_id": "AL132019", "name": "LORENZO", "year": 2019, "max_wind": 140.0, "min_pressure": 925.0, "category": 5}, "geometry": {"type": "LineString", "coordinates": [[-18.8, 10.9], [-20.4, 11.0], [-21.9, 11.0], [-23.3, 11.1], [-24.6, 11.2], [-25.9, 11.4], [-27.2, 11.8], [-28.7, 12.2], [-30.2, 12.6], [-31.6, 13.0], [-33.0, 13.4], [-34.5, 13.9], [-36.0, 14.4], [-37.5, 14.5], [-38.8, 14.7], [-39.8, 15.2], [-40.6, 16.0], [-41.2, 17.1], [-41.9, 18.1], [-42.7, 18.9], [-43.5, 19.6], [-44.2, 20.3], [-44.6, 21.1], [-44.9, 22.0], [-45.0, 22.9], [-45.0, 23.8], [-45.0, 24.3], [-45.0, 24.7], [-44.8, 25.6], [-44.4, 26.4], [-44.0, 27.2], [-43.6, 28.2], [-43.2, 29.2], [-42.7, 30.2], [-41.9, 31.2], [-40.7, 32.6], [-39.0, 34.3], [-36.8, 35.9], [-34.4, 37.8], [-31.4, 40.2], [-28.0, 43.0], [-24.4, 45.9], [-21.5, 49.2], [-18.7, 52.0], [-15.7, 54.5], [-13.3, 55.8], [-10.5, 55.4], [-8.2, 54.5]]}}, {"type": "Feature", "properties": {"storm_id": "AL142019", "name": "MELISSA", "year": 2019, "max_wind": 55.0, "min_pressure": 994.0, "category": 0}, "geometry": {"type": "LineString", "coordinates": [[-74.1, 35.0], [-72.4, 36.1], [-70.4, 37.0], [-68.8, 37.7], [-68.1, 38.4], [-68.2, 38.9], [-68.7, 38.9], [-69.2, 38.6], [-69.2, 38.0], [-68.4, 37.9], [-68.7, 38.4], [-69.4, 38.6], [-69.7, 38.2], [-69.1, 37.8], [-68.4, 37.9], [-67.5, 38.0], [-66.3, 38.2], [-64.9, 38.6], [-63.5, 39.1], [-61.7, 39.5], [-59.8, 39.7], [-57.9, 40.0], [-55.5, 40.5], [-52.9, 40.8], [-49.8, 40.9]]}}, {"type": "Feature", "properties": {"storm_id": "AL152019", "name": "FIFTEEN", "year": 2019, "max_wind": 30.0, "min_pressure": 1006.0, "category": 0}, "geometry": {"type": "LineString", "coordinates": [[-19.3, 12.6], [-20.0, 13.3], [-20.4, 14.2], [-21.0, 15.0], [-21.7, 15.7], [-22.6, 16.3], [-23.4, 17.0], [-24.4, 17.6], [-25.4, 18.2], [-26.8, 18.7], [-28.3, 19.2], [-29.8, 19.5], [-31.0, 19.3]]}}, {"type": "Feature", "properties": {"storm_id": "AL162019", "name": "NESTOR", "year": 2019, "max_wind": 50.0, "min_pressure": 996.0, "category": 0}, "geometry": {"type": "LineString", "coordinates": [[-95.7, 22.2], [-95.2, 22.6], [-94.5, 23.2], [-93.0, 24.1], [-91.2, 25.2], [-89.4, 26.4], [-87.8, 27.8], [-87.1, 28.6], [-86.4, 29.3], [-85.4, 30.2], [-84.2, 31.2], [-81.7, 33.1], [-79.1, 35.1], [-76.7, 37.0], [-74.5, 37.5]]}}, {"type": "Feature", "properties": {"storm_id": "AL172019", "name": "OLGA", "year": 2019, "max_wind": 45.0, "min_pressure": 992.0, "category": 0}, "geometry": {"type": "LineString", "coordinates": [[-94.8, 24.7], [-93.6, 25.9], [-92.5, 27.0], [-91.2, 28.8], [-90.0, 31.7], [-89.3, 36.2], [-88.0, 40.1], [-87.0, 42.5], [-84.7, 44.5], [-80.3, 46.0]]}}, {"type": "Feature", "properties": {"storm_id": "AL182019", "name": "PABLO", "year": 2019, "max_wind": 70.0, "min_pressure": 977.0, "category": 1}, "geometry": {"type": "LineString", "coordinates": [[-38.3, 40.0], [-38.4, 40.2], [-39.9, 39.0], [-39.3, 36.9], [-36.9, 35.8], [-35.1, 35.9], [-34.0, 36.3], [-33.2, 36.4], [-32.7, 35.9], [-31.8, 35.5], [-30.7, 35.2], [-29.1, 35.1], [-26.6, 35.6], [-23.8, 37.0], [-20.7, 39.5], [-18.8, 41.9], [-17.3, 44.1], [-17.0, 45.5], [-17.6, 46.3], [-17.9, 46.5], [-17.6, 46.6], [-16.4, 46.8]]}}, {"type": "Feature", "properties": {"storm_id": "AL192019", "name": "REBEKAH", "year": 2019, "max_wind": 70.0, "min_pressure": 965.0, "category": 1}, "geometry": {"type": "LineString", "coordinates": [[-51.5, 40.5], [-48.0, 40.4], [-45.0, 40.2], [-43.1, 40.2], [-41.1, 40.5], [-39.5, 41.2], [-39.4, 42.4], [-40.4, 42.9], [-40.1, 42.2], [-38.5, 42.3], [-38.9, 43.0], [-40.6, 43.4], [-42.7, 41.8], [-43.7, 39.9], [-42.8, 38.3], [-41.5, 38.1], [-40.0, 38.4], [-37.7, 39.3], [-36.2, 40.3], [-34.5, 41.0], [-32.4, 40.8], [-30.2, 40.6], [-27.5, 40.5]]}}, {"type": "Feature", "properties": {"storm_id": "AL202019", "name": "SEBASTIEN", "year": 2019, "max_wind": 60.0, "min_pressure": 970.0, "category": 0}, "geometry": {"type": "LineString", "coordinates": [[-58.1, 19.4], [-58.5, 19.9], [-59.4, 20.3], [-60.3, 20.4], [-61.0, 20.5], [-61.7, 20.8], [-61.7, 21.3], [-61.7, 21.9], [-61.4, 22.4], [-60.9, 22.9], [-60.1, 23.5], [-58.8, 24.2], [-57.3, 24.5], [-55.8, 25.0], [-54.4, 25.8], [-52.6, 26.7], [-50.5, 28.1], [-48.4, 29.6], [-46.4, 31.5], [-44.4, 33.5], [-41.7, 35.2], [-38.5, 36.6], [-34.7, 38.2], [-30.9, 40.0], [-26.7, 41.9], [-22.0, 44.0], [-16.3, 46.4], [-12.2, 48.8], [-9.3, 51.3], [-9.3, 52.2], [-8.9, 52.2], [-8.2, 51.8], [-6.0, 51.4], [-2.1, 51.3]]}}, {"type": "Feature", "properties": {"storm_id": "AL012020", "name": "ARTHUR", "year": 2020, "max_wind": 55.0, "min_pressure": 989.0, "category": 0}, "geometry": {"type": "LineString", "coordinates": [[-78.7, 28.0], [-78.0, 28.9], [-77.6, 29.6], [-77.5, 30.3], [-77.3, 31.0], [-77.0, 31.9], [-76.7, 33.1], [-75.9, 34.4], [-74.7, 35.5], [-73.1, 36.2], [-71.4, 36.8], [-69.5, 37.0], [-67.8, 36.9], [-66.8, 36.2], [-66.0, 35.5], [-65.6, 34.6], [-65.3, 33.7], [-65.0, 32.8]]}}, {"type": "Feature", "properties": {"storm_id": "AL022020", "name": "BERTHA", "year": 2020, "max_wind": 45.0, "min_pressure": 1005.0, "category": 0}, "geometry": {"type": "LineString", "coordinates": [[-78.8, 31.5], [-79.5, 32.6], [-79.7, 32.9], [-80.1, 33.7], [-80.7, 34.9], [-81.1, 37.1], [-80.6, 39.9]]}}, {"type": "Feature", "properties": {"storm_id": "AL032020", "name": "CRISTOBAL", "year": 2020, "max_wind": 50.0, "min_pressure": 982.0, "category": 0}, "geometry": {"type": "LineString", "coordinates": [[-90.9, 19.4], [-91.6, 19.6], [-92.1, 19.6], [-92.5, 19.5], [-92.6, 19.2], [-92.5, 19.0], [-92.3, 18.9], [-92.2, 18.8], [-92.1, 18.7], [-91.9, 18.5], [-91.7, 18.2], [-91.5, 17.9], [-91.2, 17.7], [-90.8, 17.6], [-90.4, 17.9], [-90.1, 18.6], [-89.9, 19.6], [-89.9, 20.8], [-90.0, 22.0], [-90.1, 23.0], [-90.2, 23.9], [-90.2, 24.8], [-90.1, 25.8], [-90.0, 26.9], [-89.9, 28.0], [-89.8, 29.0], [-89.8, 29.3], [-89.9, 29.8], [-90.6, 30.6], [-91.5, 31.7], [-92.0, 32.9], [-92.1, 34.2], [-92.2, 35.8], [-92.1, 38.0], [-91.7, 40.3], [-90.8, 42.6], [-89.3, 45.0], [-87.4, 47.5], [-85.1, 49.8], [-82.6, 51.7], [-81.2, 52.7], [-80.4, 53.2], [-79.8, 53.4], [-79.4, 53.3], [-79.1, 52.5]]}}, {"type": "Feature", "properties": {"storm_id": "AL042020", "name": "DOLLY", "year": 2020, "max_wind": 40.0, "min_pressure": 1000.0, "category": 0}, "geometry": {"type": "LineString", "coordinates": [[-67.1, 38.6], [-66.9, 38.4], [-66.2, 38.1], [-65.1, 38.5], [-63.9, 39.0], [-62.7, 39.4], [-61.6, 39.8], [-60.6, 40.2], [-59.6, 41.0], [-58.5, 42.0], [-57.1, 43.0], [-55.6, 44.1]]}}, {"type": "Feature", "properties": {"storm_id": "AL052020", "name": "EDOUARD", "year": 2020, "max_wind": 40.0, "min_pressure": 1005.0, "category": 0}, "geometry": {"type": "LineString", "coordinates": [[-71.2, 30.4], [-69.4, 30.9], [-68.0, 31.5], [-67.0, 32.1], [-65.8, 32.9], [-64.2, 33.8], [-61.9, 35.0], [-58.5, 36.4], [-55.3, 38.1], [-51.7, 39.9], [-47.8, 41.7], [-44.1, 43.6], [-40.3, 45.5], [-36.6, 47.6], [-32.5, 49.5], [-28.0, 51.0], [-23.5, 52.0], [-19.0, 52.0], [-14.0, 52.0], [-9.0, 52.0], [-4.0, 52.0], [0.0, 52.0]]}}, {"type": "Feature", "properties": {"storm_id": "AL062020", "name": "FAY", "year": 2020, "max_wind": 50.0, "min_pressure": 998.0, "category": 0}, "geometry": {"type": "LineString", "coordinates": [[-88.8, 27.7], [-87.7, 28.1], [-86.2, 28.9], [-85.4, 29.9], [-85.0, 30.8], [-84.6, 31.5], [-84.2, 32.2], [-83.7, 32.8], [-83.2, 33.3], [-82.5, 33.3], [-81.6, 33.3], [-80.5, 33.3], [-79.2, 33.3], [-77.9, 33.7], [-77.1, 33.9], [-76.8, 34.1], [-76.8, 34.1], [-74.9, 35.4], [-74.8, 36.0], [-74.8, 36.8], [-74.7, 37.7], [-74.4, 38.9], [-74.4, 39.4], [-74.3, 40.2], [-74.2, 41.5], [-74.0, 43.4], [-73.8, 45.4]]}}, {"type": "Feature", "properties": {"storm_id": "AL072020", "name": "GONZALO", "year": 2020, "max_wind": 55.0, "min_pressure": 997.0, "category": 0}, "geometry": {"type": "LineString", "coordinates": [[-36.8, 8.9], [-37.5, 8.6], [-38.2, 8.6], [-38.8, 8.8], [-39.3, 9.2], [-40.0, 9.7], [-40.9, 9.8], [-41.9, 9.8], [-43.0, 9.9], [-44.2, 9.9], [-45.4, 9.9], [-46.6, 9.7], [-47.6, 9.7], [-48.8, 9.7], [-50.2, 9.8], [-51.6, 9.9], [-53.3, 9.9], [-54.8, 9.9], [-56.3, 10.0], [-57.9, 10.1], [-59.8, 10.3], [-61.0, 10.5], [-62.1, 10.8]]}}, {"type": "Feature", "properties": {"storm_id": "AL082020", "name": "HANNA", "year": 2020, "max_wind": 80.0, "min_pressure": 973.0, "category": 1}, "geometry": {"type": "LineString", "coordinates": [[-88.3, 25.7], [-89.0, 25.8], [-89.7, 25.9], [-90.4, 26.0], [-91.1, 26.2], [-92.0, 26.6], [-92.8, 27.1], [-93.7, 27.2], [-94.5, 27.1], [-95.3, 27.1], [-96.0, 27.1], [-96.8, 26.9], [-97.3, 26.8], [-97.5, 26.7], [-97.6, 26.7], [-98.5, 26.5], [-99.3, 26.2], [-100.3, 25.8]]}}, {"type": "Feature", "properties": {"storm_id": "AL092020", "name": "ISAIAS", "year": 2020, "max_wind": 80.0, "min_pressure": 986.0, "category": 1}, "geometry": {"type": "LineString", "coordinates": [[-54.0, 12.5], [-56.4, 13.2], [-58.3, 14.1], [-60.3, 14.8], [-62.2, 15.2], [-64.0, 15.3], [-65.7, 15.8], [-67.2, 16.7], [-68.5, 17.7], [-69.3, 18.4], [-69.8, 18.9], [-71.2, 19.9], [-72.7, 20.5], [-73.4, 20.9], [-74.0, 21.3], [-75.1, 22.1], [-75.9, 22.9], [-76.7, 23.6], [-77.5, 24.3], [-77.7, 24.4], [-78.3, 24.8], [-78.9, 25.3], [-79.2, 25.9], [-79.5, 26.6], [-79.6, 27.4], [-79.7, 28.2], [-79.9, 29.1], [-80.0, 30.1], [-79.7, 31.2], [-79.1, 32.8], [-78.5, 33.9], [-78.1, 35.0], [-76.8, 37.7], [-75.1, 40.9], [-73.1, 44.0], [-71.8, 46.7]]}}, {"type": "Feature", "properties": {"storm_id": "AL102020", "name": "TEN", "year": 2020, "max_wind": 30.0, "min_pressure": 1008.0, "category": 0}, "geometry": {"type": "LineString", "coordinates": [[-19.7, 12.7], [-20.1, 12.7], [-20.4, 12.8], [-20.4, 13.0], [-20.2, 13.1], [-20.0, 13.2], [-19.7, 13.7], [-19.4, 14.5], [-19.7, 15.5], [-20.3, 16.5], [-21.0, 17.4], [-21.8, 18.3], [-23.0, 19.0], [-24.4, 19.4]]}}, {"type": "Feature", "properties": {"storm_id": "AL112020", "name": "JOSEPHINE", "year": 2020, "max_wind": 40.0, "min_pressure": 1004.0, "category": 0}, "geometry": {"type": "LineString", "coordinates": [[-34.2, 11.1], [-35.4, 11.3], [-36.8, 11.4], [-38.2, 11.5], [-39.6, 11.7], [-41.0, 11.9], [-42.3, 12.0], [-43.7, 12.1], [-44.9, 12.2], [-46.1, 12.4], [-47.3, 12.7], [-48.6, 13.4], [-50.0, 14.0], [-51.3, 14.5], [-52.8, 15.1], [-54.2, 16.2], [-55.6, 17.4], [-56.9, 18.0], [-58.3, 18.4], [-59.7, 18.8], [-60.9, 19.6], [-62.1, 19.8], [-63.4, 20.0], [-64.5, 20.2]]}}, {"type": "Feature", "properties": {"storm_id": "AL122020", "name": "KYLE", "year": 2020, "max_wind": 45.0, "min_pressure": 1000.0, "category": 0}, "geometry": {"type": "LineString", "coordinates": [[-74.2, 36.6], [-72.6, 37.4], [-71.0, 38.0], [-69.1, 38.4], [-66.7, 38.8], [-64.2, 39.3], [-61.6, 39.7]]}}, {"type": "Feature", "properties": {"storm_id": "AL132020", "name": "LAURA", "year": 2020, "max_wind": 130.0, "min_pressure": 937.0, "category": 4}, "geometry": {"type": "LineString", "coordinates": [[-47.3, 14.4], [-49.6, 15.4], [-51.6, 16.1], [-53.4, 16.6], [-55.5, 16.8], [-57.5, 16.9], [-59.4, 17.0], [-61.1, 17.1], [-61.8, 17.1], [-62.6, 17.1], [-62.8, 17.1], [-64.4, 17.4], [-65.9, 17.7], [-67.4, 17.9], [-68.8, 18.2], [-70.0, 18.4], [-70.3, 18.5], [-72.3, 18.8], [-74.3, 19.4], [-76.0, 19.8], [-76.6, 20.0], [-77.8, 20.2], [-79.7, 20.8], [-81.5, 21.5], [-83.3, 22.3], [-84.8, 22.8], [-86.2, 23.4], [-87.5, 24.1], [-88.9, 24.9], [-90.2, 25.6], [-91.4, 26.4], [-92.5, 27.3], [-93.0, 28.5], [-93.3, 29.8], [-93.3, 31.2], [-92.9, 32.8], [-92.5, 34.4], [-92.0, 35.4], [-91.2, 36.1], [-90.0, 37.0], [-88.0, 37.5], [-84.8, 38.3]]}}, {"type": "Feature", "properties": {"storm_id": "AL142020", "name": "MARCO", "year": 2020, "max_wind": 65.0, "min_pressure": 991.0, "category": 1}, "geometry": {"type": "LineString", "coordinates": [[-80.5, 14.1], [-81.8, 14.6], [-82.9, 15.3], [-83.7, 16.3], [-84.2, 17.4], [-84.6, 18.3], [-85.1, 19.2], [-85.2, 20.3], [-85.5, 21.3], [-86.1, 22.2], [-86.7, 23.2], [-87.2, 24.3], [-87.4, 25.3], [-87.6, 26.4], [-87.9, 27.3], [-88.3, 28.1], [-88.6, 28.7], [-89.3, 28.9], [-90.5, 28.7], [-91.4, 28.6], [-92.3, 29.1]]}}, {"type": "Feature", "properties": {"storm_id": "AL152020", "name": "OMAR", "year": 2020, "max_wind": 35.0, "min_pressure": 1003.0, "category": 0}, "geometry": {"type": "LineString", "coordinates": [[-80.7, 30.2], [-79.4, 30.2], [-78.2, 30.6], [-77.4, 31.5], [-76.9, 32.2], [-76.2, 32.9], [-75.0, 33.8], [-73.7, 34.6], [-72.2, 35.2], [-70.7, 35.8], [-69.3, 36.1], [-68.0, 36.2], [-66.4, 36.2], [-64.8, 36.2], [-63.0, 36.1], [-61.7, 36.1], [-60.5, 35.6], [-59.5, 35.3], [-58.8, 35.3], [-58.0, 35.3], [-57.5, 35.3], [-57.3, 35.5], [-57.3, 36.0], [-57.3, 36.8], [-57.1, 37.7], [-56.8, 38.8], [-55.6, 40.4]]}}, {"type": "Feature", "properties": {"storm_id": "AL162020", "name": "NANA", "year": 2020, "max_wind": 65.0, "min_pressure": 994.0, "category": 1}, "geometry": {"type": "LineString", "coordinates": [[-75.2, 15.9], [-76.8, 16.3], [-78.4, 16.7], [-80.1, 17.0], [-81.9, 17.0], [-83.7, 17.1], [-85.3, 17.1], [-86.8, 17.0], [-87.5, 16.9], [-88.3, 16.8], [-89.6, 16.4], [-90.5, 16.1], [-91.4, 15.8]]}}, {"type": "Feature", "properties": {"storm_id": "AL172020", "name": "PAULETTE", "year": 2020, "max_wind": 90.0, "min_pressure": 965.0, "category": 2}, "geometry": {"type": "LineString", "coordinates": [[-41.3, 16.9], [-41.8, 17.0], [-42.1, 17.1], [-42.3, 17.3], [-42.4, 17.6], [-42.6, 17.9], [-43.0, 18.3], [-43.7, 18.6], [-44.5, 18.9], [-45.2, 19.2], [-46.0, 19.6], [-46.8, 20.0], [-47.6, 20.4], [-48.3, 20.8], [-48.9, 21.3], [-49.6, 21.8], [-50.3, 22.3], [-51.1, 22.8], [-52.1, 23.4], [-53.1, 24.3], [-54.3, 25.4], [-55.6, 26.4], [-56.7, 27.3], [-57.8, 28.0], [-59.1, 28.6], [-60.3, 29.1], [-61.4, 29.6], [-62.6, 30.2], [-63.6, 30.9], [-64.4, 31.8], [-64.7, 32.3], [-64.9, 32.9], [-64.4, 33.9], [-63.3, 35.1], [-62.0, 36.3], [-59.5, 37.6], [-56.7, 38.7], [-54.0, 40.0], [-50.8, 41.2], [-46.9, 42.6], [-43.1, 44.3], [-39.3, 45.9], [-36.5, 47.0], [-34.5, 47.0], [-33.0, 46.6], [-31.8, 46.0], [-31.4, 44.6], [-31.3, 42.8], [-31.2, 41.0], [-31.1, 39.1], [-31.1, 37.7], [-30.5, 36.5], [-29.8, 35.9], [-29.5, 35.7], [-29.4, 35.5], [-29.7, 35.1], [-30.6, 34.7], [-31.2, 34.1], [-31.2, 33.3], [-29.8, 32.9], [-28.1, 33.3], [-26.3, 33.8], [-24.6, 34.5], [-23.1, 34.8], [-21.8, 34.7], [-20.5, 34.8], [-19.2, 35.0], [-18.1, 35.6], [-17.2, 36.2], [-16.7, 36.2], [-16.6, 35.9], [-17.2, 35.4], [-18.4, 34.6], [-19.8, 33.7], [-21.4, 33.4], [-23.2, 33.0], [-25.1, 33.0], [-26.8, 33.2], [-28.4, 33.7], [-29.5, 34.6], [-30.2, 35.4], [-30.3, 36.3], [-29.5, 36.7], [-28.4, 37.0], [-27.3, 36.9], [-26.4, 36.8], [-25.8, 36.5], [-25.5, 36.1]]}}, {"type": "Feature", "properties": {"storm_id": "AL182020", "name": "RENE", "year": 2020, "max_wind": 40.0, "min_pressure": 1001.0, "category": 0}, "geometry": {"type": "LineString", "coordinates": [[-18.1, 14.6], [-19.0, 14.8], [-19.8, 15.2], [-20.7, 15.6], [-21.8, 15.9], [-22.9, 16.1], [-24.2, 16.3], [-25.7, 16.4], [-27.1, 16.6], [-28.6, 16.8], [-30.0, 17.1], [-31.2, 17.3], [-32.4, 17.6], [-33.5, 17.9], [-34.4, 18.1], [-35.3, 18.4], [-36.3, 18.8], [-37.2, 19.1], [-38.2, 19.5], [-39.3, 19.9], [-40.6, 20.4], [-41.8, 21.1], [-42.9, 21.9], [-44.0, 22.8], [-45.0, 23.7], [-46.0, 24.7], [-46.9, 25.8], [-47.3, 26.7], [-47.5, 27.4], [-47.8, 27.5], [-48.0, 27.6], [-48.4, 27.5]]}}, {"type": "Feature", "properties": {"storm_id": "AL192020", "name": "SALLY", "year": 2020, "max_wind": 95.0, "min_pressure": 965.0, "category": 2}, "geometry": {"type": "LineString", "coordinates": [[-78.6, 25.4], [-79.4, 25.6], [-80.2, 25.6], [-80.8, 25.5], [-81.6, 25.6], [-82.5, 26.0], [-83.5, 26.7], [-84.5, 27.2], [-85.4, 27.6], [-86.0, 27.9], [-86.5, 28.2], [-86.9, 28.4], [-87.3, 28.6], [-87.7, 28.7], [-88.0, 28.8], [-88.1, 29.0], [-88.1, 29.3], [-88.0, 29.6], [-87.9, 29.9], [-87.7, 30.3], [-87.6, 30.5], [-87.2, 31.1], [-86.7, 31.6], [-86.1, 32.1], [-85.2, 32.6], [-83.8, 33.2], [-82.3, 33.7], [-80.8, 34.1]]}}, {"type": "Feature", "properties": {"storm_id": "AL202020", "name": "TEDDY", "year": 2020, "max_wind": 120.0, "min_pressure": 945.0, "category": 4}, "geometry": {"type": "LineString", "coordinates": [[-31.4, 11.0], [-32.4, 11.2], [-33.3, 11.4], [-34.2, 11.6], [-35.1, 11.9], [-36.2, 12.2], [-37.4, 12.6], [-38.7, 12.9], [-40.4, 12.9], [-42.1, 12.9], [-43.4, 12.9], [-44.5, 13.0], [-45.5, 13.4], [-46.6, 13.8], [-47.4, 14.2], [-48.0, 14.7], [-48.6, 15.4], [-49.3, 16.1], [-50.2, 16.8], [-51.1, 17.4], [-52.0, 18.1], [-52.8, 18.9], [-53.7, 19.7], [-54.4, 20.4], [-55.1, 21.1], [-55.8, 21.7], [-56.5, 22.5], [-57.2, 23.5], [-57.9, 24.4], [-58.7, 25.4], [-59.7, 26.2], [-60.8, 26.9], [-61.9, 27.5], [-62.6, 28.0], [-63.3, 28.5], [-63.7, 29.0], [-63.5, 29.7], [-62.9, 30.5], [-61.8, 32.2], [-61.4, 34.6], [-62.1, 37.6], [-63.5, 39.1], [-64.2, 40.3], [-64.2, 41.8], [-63.3, 43.2], [-62.1, 45.0], [-60.4, 47.4], [-58.2, 49.7], [-55.8, 52.8]]}}, {"type": "Feature", "properties": {"storm_id": "AL212020", "name": "VICKY", "year": 2020, "max_wind": 45.0, "min_pressure": 1001.0, "category": 0}, "geometry": {"type": "LineString", "coordinates": [[-28.2, 17.5], [-28.3, 18.0], [-28.6, 18.5], [-29.1, 19.0], [-29.6, 19.5], [-30.1, 20.0], [-30.8, 20.5], [-31.6, 21.0], [-32.6, 21.4], [-33.5, 21.5], [-34.3, 21.4], [-35.0, 21.5], [-35.6, 21.6], [-36.4, 21.7], [-37.6, 21.6], [-38.7, 21.3], [-39.4, 20.8], [-40.2, 20.5], [-41.0, 20.4], [-41.9, 20.3], [-42.9, 20.1], [-44.0, 19.9], [-45.1, 19.6], [-46.3, 19.3]]}}, {"type": "Feature", "properties": {"storm_id": "AL222020", "name": "BETA", "year": 2020, "max_wind": 55.0, "min_pressure": 993.0, "category": 0}, "geometry": {"type": "LineString", "coordinates": [[-94.9, 21.1], [-94.7, 21.5], [-94.4, 21.8], [-94.2, 22.0], [-94.1, 22.6], [-93.8, 23.2], [-93.1, 24.1], [-92.3, 25.2], [-92.3, 25.8], [-92.4, 26.4], [-92.2, 26.6], [-92.1, 26.8], [-92.5, 26.9], [-92.8, 27.1], [-93.6, 27.5], [-94.1, 27.5], [-94.8, 27.6], [-95.5, 27.8], [-96.0, 28.1], [-96.3, 28.3], [-96.4, 28.4], [-96.6, 28.6], [-96.8, 28.8], [-96.5, 28.9], [-95.8, 29.0], [-95.4, 29.4], [-94.6, 30.0], [-93.8, 30.3], [-92.4, 30.8], [-91.5, 31.6], [-90.6, 32.4], [-89.1, 33.0], [-87.6, 33.6], [-86.5, 34.1]]}}, {"type": "Feature", "properties": {"storm_id": "AL232020", "name": "WILFRED", "year": 2020, "max_wind": 35.0, "min_pressure": 1006.0, "category": 0}, "geometry": {"type": "LineString", "coordinates": [[-25.0, 10.2], [-25.9, 10.3], [-27.0, 10.5], [-28.1, 10.8], [-29.3, 11.1], [-30.6, 11.4], [-32.0, 11.7], [-33.5, 12.0], [-35.0, 12.4], [-36.2, 12.8], [-37.3, 13.2], [-38.5, 13.7], [-39.9, 14.3], [-41.5, 14.9], [-43.2, 15.4], [-45.0, 15.8], [-46.7, 15.8]]}}, {"type": "Feature", "properties": {"storm_id": "AL242020", "name": "ALPHA", "year": 2020, "max_wind": 60.0, "min_pressure": 992.0, "category": 0}, "geometry": {"type": "LineString", "coordinates": [[-22.0, 47.2], [-22.2, 47.2], [-22.4, 47.0], [-22.5, 46.0], [-22.1, 45.0], [-21.4, 43.9], [-20.5, 42.9], [-19.8, 41.9], [-19.5, 40.9], [-19.3, 39.9], [-18.9, 38.9], [-18.1, 38.3], [-17.3, 37.7], [-15.6, 36.7], [-13.1, 36.7], [-11.4, 37.9], [-10.3, 38.9], [-9.1, 39.9], [-8.9, 40.0], [-7.6, 40.6]]}}, {"type": "Feature", "properties": {"storm_id": "AL252020", "name": "GAMMA", "year": 2020, "max_wind": 65.0, "min_pressure": 978.0, "category": 1}, "geometry": {"type": "LineString", "coordinates": [[-83.3, 16.6], [-83.9, 17.2], [-84.4, 17.8], [-85.0, 18.4], [-85.8, 18.8], [-86.6, 19.2], [-87.1, 19.7], [-87.4, 20.2], [-87.5, 20.4], [-87.9, 21.0], [-88.2, 21.8], [-88.1, 22.3], [-87.7, 22.7], [-87.4, 22.9], [-87.4, 22.8], [-87.5, 22.6], [-87.9, 22.3], [-88.2, 21.9], [-88.4, 21.6], [-88.5, 21.3], [-88.5, 20.6]]}}, {"type": "Feature", "properties": {"storm_id": "AL262020", "name": "DELTA", "year": 2020, "max_wind": 120.0, "min_pressure": 953.0, "category": 4}, "geometry": {"type": "LineString", "coordinates": [[-76.2, 16.4], [-77.0, 16.4], [-77.7, 16.4], [-78.4, 16.4], [-79.1, 16.4], [-79.8, 16.6], [-80.7, 17.1], [-82.0, 17.8], [-83.3, 18.5], [-84.6, 19.3], [-85.9, 20.1], [-86.9, 20.8], [-87.4, 21.1], [-88.8, 21.7], [-90.2, 22.3], [-91.4, 23.0], [-92.4, 23.7], [-93.1, 24.5], [-93.5, 25.3], [-93.7, 26.3], [-93.8, 27.5], [-93.6, 28.7], [-93.1, 29.8], [-92.9, 30.1], [-92.2, 31.4], [-91.4, 32.5], [-90.6, 33.3], [-89.6, 33.9], [-88.6, 34.4], [-87.5, 34.8], [-86.3, 35.1]]}}, {"type": "Feature", "properties": {"storm_id": "AL272020", "name": "EPSILON", "year": 2020, "max_wind": 100.0, "min_pressure": 952.0, "category": 3}, "geometry": {"type": "LineString", "coordinates": [[-54.9, 31.5], [-55.1, 31.2], [-55.5, 30.9], [-55.9, 30.7], [-56.2, 30.3], [-56.3, 29.7], [-56.3, 28.9], [-56.3, 28.1], [-56.4, 27.3], [-56.6, 26.4], [-56.3, 25.7], [-55.9, 25.5], [-55.6, 25.4], [-55.4, 25.3], [-55.2, 25.2], [-54.9, 25.5], [-54.7, 26.2], [-55.3, 27.3], [-56.3, 28.3], [-57.7, 28.7], [-58.7, 28.9], [-59.6, 29.3], [-60.4, 29.5], [-60.9, 30.2], [-61.3, 30.8], [-61.5, 31.5], [-61.6, 32.2], [-61.6, 32.9], [-61.6, 33.7], [-61.7, 34.9], [-62.0, 36.1], [-62.1, 36.8], [-61.3, 37.4], [-59.7, 38.6], [-57.6, 40.3], [-55.2, 42.0], [-51.8, 43.3], [-46.9, 45.0], [-41.2, 47.2], [-34.7, 49.5], [-28.5, 52.1]]}}, {"type": "Feature", "properties": {"storm_id": "AL282020", "name": "ZETA", "year": 2020, "max_wind": 100.0, "min_pressure": 970.0, "category": 3}, "geometry": {"type": "LineString", "coordinates": [[-82.6, 18.4], [-83.0, 18.2], [-83.2, 18.0], [-83.5, 17.7], [-83.6, 17.8], [-83.7, 18.0], [-83.8, 18.2], [-84.1, 18.5], [-84.8, 18.9], [-85.7, 19.4], [-86.6, 19.9], [-87.4, 20.4], [-87.9, 20.6], [-89.0, 21.3], [-90.0, 22.2], [-90.8, 23.2], [-91.5, 24.4], [-91.7, 26.0], [-91.1, 28.0], [-90.6, 29.2], [-89.9, 30.2], [-87.5, 32.8], [-83.6, 35.3], [-78.2, 37.8], [-71.7, 39.5]]}}, {"type": "Feature", "properties": {"storm_id": "AL292020", "name": "ETA", "year": 2020, "max_wind": 130.0, "min_pressure": 922.0, "category": 4}, "geometry": {"type": "LineString", "coordinates": [[-72.4, 14.9], [-73.6, 14.9], [-75.1, 14.9], [-76.7, 14.9], [-78.2, 14.9], [-79.4, 14.9], [-80.4, 14.9], [-81.2, 14.8], [-82.0, 14.7], [-82.5, 14.3], [-82.9, 14.0], [-83.1, 13.6], [-83.3, 13.7], [-83.5, 13.8], [-83.7, 13.8], [-84.3, 13.8], [-84.9, 13.8], [-85.4, 13.9], [-86.0, 14.0], [-86.7, 14.2], [-87.5, 14.5], [-87.8, 15.3], [-87.8, 16.2], [-87.6, 16.7], [-87.4, 16.9], [-87.1, 17.1], [-86.4, 17.5], [-85.1, 18.2], [-83.2, 19.1], [-81.5, 19.8], [-80.2, 20.4], [-79.5, 21.1], [-79.2, 21.5], [-79.0, 22.2], [-79.2, 23.5], [-80.1, 24.5], [-80.7, 24.9], [-81.4, 25.0], [-82.9, 24.9], [-84.1, 24.2], [-85.0, 23.4], [-85.4, 23.0], [-85.3, 22.6], [-85.1, 22.9], [-84.6, 23.5], [-84.2, 24.5], [-83.9, 25.8], [-83.7, 26.8], [-83.5, 27.9], [-83.2, 28.7], [-82.9, 29.2], [-82.5, 29.7], [-81.3, 30.9], [-79.9, 31.9], [-78.0, 32.7], [-75.3, 34.0], [-72.5, 35.1], [-69.2, 35.7]]}}, {"type": "Feature", "properties": {"storm_id": "AL302020", "name": "THETA", "year": 2020, "max_wind": 60.0, "min_pressure": 987.0, "category": 0}, "geometry": {"type": "LineString", "coordinates": [[-47.5, 28.4], [-46.8, 28.4], [-45.9, 28.5], [-44.9, 28.6], [-43.7, 28.8], [-42.4, 28.8], [-41.0, 28.8], [-39.5, 28.8], [-38.0, 28.9], [-36.7, 29.0], [-35.8, 29.2], [-34.9, 29.4], [-33.8, 29.6], [-32.5, 30.3], [-31.9, 31.1], [-30.8, 31.5], [-29.4, 31.5], [-28.0, 31.7], [-26.7, 31.9], [-25.4, 31.9], [-24.2, 31.9], [-23.1, 32.0], [-22.1, 32.0], [-21.2, 31.9], [-20.4, 31.8], [-19.6, 31.7], [-18.9, 31.7], [-18.5, 31.6], [-18.3, 31.4], [-18.0, 31.6], [-17.9, 32.1], [-18.2, 32.7], [-18.6, 33.4]]}}, {"type": "Feature", "properties": {"storm_id": "AL312020", "name": "IOTA", "year": 2020, "max_wind": 135.0, "min_pressure": 917.0, "category": 4}, "geometry": {"type": "LineString", "coordinates": [[-70.9, 15.5], [-71.9, 15.3], [-72.7, 15.0], [-73.3, 14.7], [-73.7, 14.4], [-74.1, 14.0], [-74.5, 13.6], [-75.0, 13.3], [-75.7, 12.9], [-76.4, 12.5], [-76.7, 12.6], [-77.1, 13.0], [-78.0, 13.1], [-78.9, 13.2], [-79.8, 13.2], [-80.7, 13.4], [-81.5, 13.5], [-82.3, 13.5], [-83.0, 13.6], [-83.5, 13.6], [-83.8, 13.7], [-84.7, 13.7], [-85.7, 13.7], [-86.7, 13.8], [-87.8, 13.8], [-89.0, 13.7]]}}, {"type": "Feature", "properties": {"storm_id": "AL012021", "name": "ANA", "year": 2021, "max_wind": 50.0, "min_pressure": 1004.0, "category": 0}, "geometry": {"type": "LineString", "coordinates": [[-55.5, 30.3], [-54.5, 31.5], [-53.0, 33.0], [-53.8, 34.2], [-55.0, 34.8], [-57.0, 35.5], [-59.3, 35.7], [-61.1, 35.0], [-61.8, 34.5], [-62.1, 34.2], [-62.7, 34.3], [-62.4, 34.2], [-61.8, 34.7], [-61.1, 35.4], [-60.3, 36.1], [-58.7, 36.8], [-56.7, 37.6]]}}, {"type": "Feature", "properties": {"storm_id": "AL022021", "name": "BILL", "year": 2021, "max_wind": 55.0, "min_pressure": 992.0, "category": 0}, "geometry": {"type": "LineString", "coordinates": [[-78.1, 31.9], [-77.1, 32.5], [-75.9, 33.2], [-74.5, 34.0], [-72.8, 34.9], [-70.8, 36.0], [-67.8, 37.6], [-64.0, 39.4], [-60.8, 40.9], [-57.9, 42.5]]}}, {"type": "Feature", "properties": {"storm_id": "AL032021", "name": "CLAUDETTE", "year": 2021, "max_wind": 40.0, "min_pressure": 1003.0, "category": 0}, "geometry": {"type": "LineString", "coordinates": [[-92.2, 22.5], [-91.8, 23.5], [-91.4, 24.6], [-91.2, 25.9], [-91.1, 27.2], [-91.2, 28.4], [-91.0, 29.2], [-90.8, 29.5], [-89.9, 30.6], [-88.8, 31.5], [-87.8, 32.4], [-86.5, 33.1], [-84.8, 33.5], [-83.1, 33.8], [-81.2, 34.2], [-79.1, 35.0], [-76.5, 36.0], [-73.5, 37.0], [-70.7, 38.4], [-67.8, 39.7], [-65.2, 41.2], [-62.4, 42.6], [-59.6, 44.1]]}}, {"type": "Feature", "properties": {"storm_id": "AL042021", "name": "DANNY", "year": 2021, "max_wind": 40.0, "min_pressure": 1009.0, "category": 0}, "geometry": {"type": "LineString", "coordinates": [[-72.8, 29.8], [-74.5, 30.1], [-76.1, 30.7], [-77.6, 31.5], [-79.5, 32.0], [-80.5, 32.3], [-80.7, 32.4]]}}, {"type": "Feature", "properties": {"storm_id": "AL052021", "name": "ELSA", "year": 2021, "max_wind": 75.0, "min_pressure": 991.0, "category": 1}, "geometry": {"type": "LineString", "coordinates": [[-42.8, 9.4], [-45.3, 9.3], [-47.7, 9.4], [-50.2, 9.9], [-52.6, 10.7], [-55.0, 11.5], [-57.3, 12.3], [-59.8, 13.0], [-62.4, 13.8], [-65.1, 14.7], [-67.9, 15.7], [-70.3, 16.6], [-72.5, 17.2], [-74.4, 17.6], [-75.5, 18.0], [-76.5, 18.5], [-77.6, 19.3], [-78.6, 20.1], [-79.6, 20.7], [-80.7, 21.3], [-81.5, 22.1], [-81.6, 22.2], [-82.0, 22.9], [-82.4, 23.7], [-82.7, 24.6], [-82.9, 25.5], [-83.2, 26.6], [-83.5, 27.8], [-83.6, 29.1], [-83.5, 29.8], [-83.4, 30.3], [-82.7, 31.5], [-81.8, 32.8], [-80.5, 34.2], [-79.0, 35.5], [-77.4, 36.8], [-75.5, 38.4], [-73.1, 40.3], [-72.3, 40.9], [-71.7, 41.4], [-71.0, 42.0], [-68.3, 44.0], [-64.4, 46.8]]}}, {"type": "Feature", "properties": {"storm_id": "AL062021", "name": "FRED", "year": 2021, "max_wind": 55.0, "min_pressure": 991.0, "category": 0}, "geometry": {"type": "LineString", "coordinates": [[-58.7, 13.9], [-60.1, 14.6], [-61.6, 15.3], [-63.1, 16.0], [-64.6, 16.7], [-66.1, 17.3], [-67.6, 17.7], [-69.0, 18.0], [-70.1, 18.4], [-70.4, 18.5], [-71.7, 19.2], [-72.9, 20.0], [-73.9, 20.5], [-74.7, 20.9], [-75.5, 21.2], [-76.6, 21.6], [-77.7, 22.0], [-79.0, 22.3], [-80.2, 22.5], [-81.3, 22.7], [-82.5, 22.9], [-83.5, 23.3], [-84.1, 24.1], [-84.4, 25.0], [-84.7, 25.7], [-85.2, 26.4], [-85.8, 27.0], [-85.9, 27.8], [-85.7, 28.7], [-85.4, 29.5], [-85.4, 29.7], [-85.4, 30.6], [-85.4, 31.7], [-85.2, 32.8], [-84.7, 34.0], [-83.6, 35.9], [-82.3, 37.7], [-81.1, 39.2], [-79.7, 40.4], [-78.2, 41.2], [-76.7, 41.9], [-75.1, 42.4], [-73.5, 42.7], [-72.2, 42.7], [-71.0, 42.6]]}}, {"type": "Feature", "properties": {"storm_id": "AL072021", "name": "GRACE", "year": 2021, "max_wind": 105.0, "min_pressure": 967.0, "category": 3}, "geometry": {"type": "LineString", "coordinates": [[-46.7, 15.0], [-48.7, 15.2], [-50.8, 15.3], [-52.8, 15.4], [-54.8, 15.7], [-57.2, 16.1], [-59.5, 16.2], [-61.7, 16.5], [-63.7, 16.7], [-65.4, 16.9], [-66.7, 17.0], [-68.1, 17.1], [-69.6, 17.2], [-70.8, 17.5], [-71.4, 17.7], [-71.7, 17.8], [-73.2, 17.9], [-74.8, 18.0], [-76.1, 18.2], [-76.6, 18.2], [-77.4, 18.3], [-78.6, 18.3], [-80.1, 18.7], [-81.5, 19.2], [-83.0, 19.6], [-84.8, 19.7], [-86.4, 19.9], [-87.5, 20.1], [-88.1, 20.2], [-89.5, 20.5], [-91.1, 20.8], [-92.6, 20.7], [-93.8, 20.6], [-94.7, 20.6], [-95.8, 20.7], [-97.1, 20.6], [-97.2, 20.6], [-98.0, 20.2]]}}, {"type": "Feature", "properties": {"storm_id": "AL082021", "name": "HENRI", "year": 2021, "max_wind": 65.0, "min_pressure": 986.0, "category": 1}, "geometry": {"type": "LineString", "coordinates": [[-63.4, 35.8], [-63.1, 35.4], [-62.8, 34.8], [-62.7, 34.1], [-62.7, 33.4], [-62.7, 32.5], [-62.7, 31.6], [-62.9, 31.1], [-63.1, 30.8], [-63.3, 30.6], [-63.6, 30.4], [-63.9, 30.3], [-64.5, 30.2], [-65.3, 30.1], [-66.2, 30.0], [-67.1, 29.9], [-68.0, 29.7], [-69.0, 29.5], [-70.0, 29.5], [-71.0, 29.6], [-72.0, 29.7], [-72.9, 29.9], [-73.6, 30.1], [-73.8, 30.8], [-73.7, 31.6], [-73.4, 32.5], [-72.7, 33.6], [-71.8, 35.4], [-70.9, 37.6], [-71.0, 39.4], [-71.3, 40.7], [-71.6, 41.2], [-71.8, 41.3], [-72.0, 41.5], [-73.0, 41.8], [-74.4, 41.7], [-74.2, 41.6], [-73.8, 41.5], [-72.7, 41.4], [-71.2, 41.9], [-69.6, 42.2], [-67.3, 42.3]]}}, {"type": "Feature", "properties": {"storm_id": "AL092021", "name": "IDA", "year": 2021, "max_wind": 130.0, "min_pressure": 929.0, "category": 4}, "geometry": {"type": "LineString", "coordinates": [[-78.9, 16.5], [-79.5, 17.4], [-80.2, 18.3], [-80.9, 19.4], [-81.7, 20.4], [-82.6, 21.5], [-83.2, 22.4], [-83.5, 22.6], [-84.7, 23.5], [-85.7, 24.4], [-86.6, 25.6], [-87.6, 26.7], [-88.7, 27.6], [-89.6, 28.5], [-90.2, 29.1], [-90.4, 29.2], [-90.6, 29.9], [-90.8, 30.6], [-90.9, 31.5], [-90.5, 32.2], [-90.0, 33.0], [-89.4, 33.8], [-88.4, 34.4], [-87.1, 35.1], [-85.5, 35.8], [-83.6, 36.7], [-81.5, 37.7], [-78.5, 39.0], [-75.6, 39.8], [-72.8, 40.6], [-69.7, 41.4], [-67.2, 43.3], [-64.7, 45.4], [-63.6, 46.6], [-62.7, 47.5], [-62.4, 48.6], [-63.1, 48.8], [-63.9, 48.7], [-63.9, 47.6], [-63.5, 46.6]]}}, {"type": "Feature", "properties": {"storm_id": "AL102021", "name": "KATE", "year": 2021, "max_wind": 40.0, "min_pressure": 1004.0, "category": 0}, "geometry": {"type": "LineString", "coordinates": [[-47.3, 13.1], [-48.4, 13.3], [-49.5, 13.5], [-49.8, 13.7], [-50.0, 14.5], [-50.0, 15.2], [-49.9, 16.2], [-50.0, 17.3], [-50.2, 18.4], [-50.3, 19.2], [-50.5, 19.8], [-50.6, 20.5], [-50.8, 21.3], [-50.9, 22.1], [-50.9, 22.6], [-50.9, 22.8], [-50.9, 23.2], [-50.9, 23.9], [-51.2, 24.6], [-51.5, 25.3], [-52.3, 26.6]]}}, {"type": "Feature", "properties": {"storm_id": "AL112021", "name": "JULIAN", "year": 2021, "max_wind": 50.0, "min_pressure": 993.0, "category": 0}, "geometry": {"type": "LineString", "coordinates": [[-51.7, 32.1], [-51.0, 32.2], [-50.1, 32.6], [-49.3, 33.5], [-47.8, 34.5], [-45.7, 35.9], [-42.6, 37.1], [-40.0, 38.9], [-37.9, 40.6], [-36.0, 42.5], [-35.1, 44.8], [-34.5, 47.5], [-35.5, 50.5]]}}, {"type": "Feature", "properties": {"storm_id": "AL122021", "name": "LARRY", "year": 2021, "max_wind": 110.0, "min_pressure": 953.0, "category": 3}, "geometry": {"type": "LineString", "coordinates": [[-20.6, 11.5], [-22.5, 11.9], [-24.5, 12.2], [-26.5, 12.4], [-28.4, 12.5], [-30.0, 12.7], [-31.6, 13.0], [-33.3, 13.3], [-35.0, 13.6], [-36.7, 13.9], [-38.4, 14.1], [-40.0, 14.4], [-41.4, 14.7], [-42.7, 15.2], [-44.0, 15.8], [-45.3, 16.4], [-46.5, 17.0], [-47.5, 17.7], [-48.5, 18.4], [-49.4, 19.2], [-50.3, 20.0], [-51.2, 20.7], [-52.0, 21.2], [-52.7, 21.6], [-53.5, 22.1], [-54.2, 22.7], [-54.8, 23.3], [-55.4, 24.0], [-56.0, 24.7], [-56.5, 25.4], [-57.1, 26.2], [-57.9, 27.2], [-58.9, 28.2], [-59.9, 29.1], [-60.8, 30.1], [-61.5, 31.3], [-62.1, 32.8], [-62.3, 34.4], [-62.2, 36.5], [-61.1, 38.9], [-59.5, 41.9], [-56.6, 45.1], [-54.6, 47.3], [-53.3, 48.8], [-49.7, 52.5], [-46.8, 55.3]]}}, {"type": "Feature", "properties": {"storm_id": "AL132021", "name": "MINDY", "year": 2021, "max_wind": 50.0, "min_pressure": 1000.0, "category": 0}, "geometry": {"type": "LineString", "coordinates": [[-86.8, 28.4], [-85.4, 29.5], [-85.1, 29.7], [-83.9, 30.5], [-81.8, 31.2], [-79.4, 31.7], [-76.8, 32.1], [-74.0, 32.6], [-71.8, 33.2], [-69.8, 33.7]]}}, {"type": "Feature", "properties": {"storm_id": "AL142021", "name": "NICHOLAS", "year": 2021, "max_wind": 65.0, "min_pressure": 988.0, "category": 1}, "geometry": {"type": "LineString", "coordinates": [[-95.2, 21.0], [-95.6, 22.4], [-96.1, 23.7], [-96.5, 24.8], [-96.7, 25.9], [-96.6, 27.0], [-96.2, 28.0], [-95.7, 28.7], [-95.7, 28.8], [-95.4, 29.3], [-94.9, 29.6], [-94.4, 29.9], [-93.8, 30.2], [-93.1, 30.3], [-92.4, 30.2], [-91.8, 29.9], [-91.6, 29.3], [-91.7, 29.7], [-92.2, 29.9], [-92.6, 30.3], [-93.0, 30.8]]}}, {"type": "Feature", "properties": {"storm_id": "AL152021", "name": "ODETTE", "year": 2021, "max_wind": 55.0, "min_pressure": 989.0, "category": 0}, "geometry": {"type": "LineString", "coordinates": [[-74.3, 30.4], [-74.8, 31.4], [-75.2, 32.3], [-75.3, 33.3], [-74.9, 34.1], [-73.9, 35.0], [-72.7, 35.9], [-71.4, 36.8], [-70.1, 37.6], [-68.3, 38.3], [-66.2, 38.7], [-64.1, 39.2], [-61.9, 39.9], [-59.4, 41.1], [-56.6, 42.7], [-54.1, 44.1], [-51.6, 45.0], [-49.7, 44.7], [-48.1, 44.2], [-46.6, 43.2], [-45.4, 41.8], [-43.8, 40.4], [-41.9, 39.9], [-40.1, 40.2], [-39.9, 41.3], [-40.2, 42.4], [-40.8, 43.5], [-41.2, 44.1], [-41.8, 44.2], [-42.4, 44.1], [-42.0, 43.8], [-41.4, 44.1], [-41.0, 44.1], [-40.5, 43.6], [-40.0, 42.7], [-39.4, 41.6], [-38.7, 40.3], [-38.0, 38.9], [-38.1, 37.3], [-38.6, 35.8], [-39.5, 34.4], [-40.5, 32.9], [-41.4, 31.5]]}}, {"type": "Feature", "properties": {"storm_id": "AL162021", "name": "PETER", "year": 2021, "max_wind": 45.0, "min_pressure": 1005.0, "category": 0}, "geometry": {"type": "LineString", "coordinates": [[-52.7, 16.4], [-54.4, 16.8], [-55.8, 17.3], [-57.0, 17.9], [-58.0, 18.4], [-59.0, 18.8], [-60.1, 19.2], [-61.2, 19.5], [-62.3, 19.6], [-63.2, 19.6], [-64.0, 19.8], [-64.6, 20.2], [-65.2, 20.6], [-65.8, 21.0], [-66.4, 21.4], [-66.9, 21.7]]}}, {"type": "Feature", "properties": {"storm_id": "AL172021", "name": "ROSE", "year": 2021, "max_wind": 50.0, "min_pressure": 1004.0, "category": 0}, "geometry": {"type": "LineString", "coordinates": [[-27.4, 10.4], [-27.8, 11.3], [-28.4, 12.6], [-29.4, 13.8], [-30.6, 14.7], [-31.8, 15.6], [-32.9, 16.7], [-34.1, 17.7], [-35.3, 18.8], [-36.1, 20.0], [-36.7, 21.1], [-37.3, 22.1], [-37.7, 22.7], [-38.1, 23.1], [-38.8, 23.4], [-39.7, 23.8], [-40.6, 24.2], [-41.4, 25.0], [-41.9, 26.0], [-42.0, 27.0], [-42.0, 27.8], [-41.7, 28.3]]}}, {"type": "Feature", "properties": {"storm_id": "AL182021", "name": "SAM", "year": 2021, "max_wind": 135.0, "min_pressure": 927.0, "category": 4}, "geometry": {"type": "LineString", "coordinates": [[-33.1, 10.0], [-34.4, 10.2], [-36.0, 10.4], [-37.6, 10.7], [-39.0, 10.9], [-40.3, 11.1], [-41.6, 11.4], [-43.0, 11.6], [-44.3, 11.9], [-45.4, 12.3], [-46.3, 12.6], [-47.2, 12.8], [-48.1, 13.1], [-48.8, 13.4], [-49.4, 13.6], [-50.0, 13.8], [-50.3, 14.1], [-50.6, 14.5], [-51.1, 15.0], [-51.7, 15.4], [-52.3, 15.9], [-52.9, 16.5], [-53.5, 16.9], [-54.1, 17.3], [-54.7, 17.7], [-55.3, 18.1], [-55.9, 18.6], [-56.6, 19.1], [-57.3, 19.7], [-58.0, 20.3], [-58.8, 21.0], [-59.6, 22.0], [-60.4, 23.0], [-61.0, 24.3], [-61.6, 25.8], [-61.9, 27.4], [-61.9, 29.2], [-61.5, 30.8], [-61.0, 32.1], [-60.1, 33.4], [-59.1, 34.7], [-57.9, 35.8], [-56.6, 36.7], [-55.4, 37.3], [-53.9, 38.0], [-52.2, 38.7], [-49.9, 39.9], [-47.1, 41.4], [-43.6, 43.8], [-40.5, 46.5], [-39.7, 49.4], [-39.6, 52.2], [-42.1, 50.6], [-38.9, 49.9], [-35.5, 50.5], [-32.4, 51.5], [-29.0, 53.1], [-25.4, 55.2], [-22.3, 58.1]]}}, {"type": "Feature", "properties": {"storm_id": "AL192021", "name": "TERESA", "year": 2021, "max_wind": 40.0, "min_pressure": 1008.0, "category": 0}, "geometry": {"type": "LineString", "coordinates": [[-62.0, 31.4], [-62.9, 32.8], [-64.1, 33.6], [-65.0, 34.1], [-65.5, 34.3], [-65.2, 34.3], [-64.5, 34.3], [-63.9, 34.7], [-63.2, 35.2], [-61.8, 35.6]]}}, {"type": "Feature", "properties": {"storm_id": "AL202021", "name": "VICTOR", "year": 2021, "max_wind": 55.0, "min_pressure": 997.0, "category": 0}, "geometry": {"type": "LineString", "coordinates": [[-22.0, 7.0], [-23.0, 7.4], [-24.1, 7.8], [-25.1, 8.1], [-26.0, 8.3], [-27.1, 8.7], [-28.4, 9.2], [-29.5, 9.8], [-30.6, 10.5], [-31.8, 11.0], [-33.0, 11.4], [-33.9, 11.8], [-34.9, 12.1], [-35.8, 12.5], [-36.7, 12.7], [-37.7, 13.5], [-38.4, 14.4], [-39.2, 15.1], [-40.0, 15.7], [-41.0, 16.5], [-42.1, 17.2], [-43.1, 17.8]]}}, {"type": "Feature", "properties": {"storm_id": "AL212021", "name": "WANDA", "year": 2021, "max_wind": 60.0, "min_pressure": 973.0, "category": 0}, "geometry": {"type": "LineString", "coordinates": [[-76.3, 32.5], [-74.1, 34.2], [-71.3, 35.9], [-69.1, 37.7], [-68.2, 39.5], [-67.6, 40.8], [-69.4, 41.4], [-70.1, 39.9], [-68.5, 38.7], [-65.9, 39.0], [-63.9, 39.4], [-61.9, 39.8], [-59.8, 40.2], [-58.1, 40.6], [-56.8, 40.7], [-55.5, 40.6], [-54.0, 40.4], [-52.4, 40.1], [-51.2, 39.4], [-49.6, 38.5], [-47.8, 37.5], [-46.0, 36.5], [-44.2, 36.6], [-43.4, 36.5], [-43.5, 36.4], [-44.0, 35.8], [-44.2, 34.8], [-43.4, 34.1], [-42.6, 34.1], [-41.9, 34.4], [-41.3, 34.9], [-40.7, 35.5], [-40.5, 36.2], [-40.4, 36.9], [-40.2, 37.6], [-39.9, 38.4], [-39.7, 39.3], [-39.7, 40.2], [-39.7, 41.0], [-39.7, 41.7], [-39.6, 42.1], [-39.0, 42.3], [-38.3, 42.0], [-37.8, 41.1], [-37.5, 39.6], [-38.0, 38.4], [-38.3, 37.6], [-38.4, 37.2], [-38.0, 37.1], [-37.4, 37.4], [-36.4, 38.1], [-34.9, 39.2], [-32.8, 40.9], [-29.7, 43.2]]}}, {"type": "Feature", "properties": {"storm_id": "AL012022", "name": "ALEX", "year": 2022, "max_wind": 60.0, "min_pressure": 984.0, "category": 0}, "geometry": {"type": "LineString", "coordinates": [[-87.5, 21.3], [-87.3, 21.6], [-87.1, 21.9], [-86.9, 22.2], [-86.3, 22.8], [-85.1, 23.9], [-83.7, 25.0], [-82.0, 26.2], [-80.4, 27.2], [-78.8, 28.0], [-77.2, 28.8], [-75.0, 29.9], [-72.5, 31.0], [-70.2, 32.1], [-67.8, 33.0], [-65.2, 33.8], [-62.2, 34.7]]}}, {"type": "Feature", "properties": {"storm_id": "AL022022", "name": "BONNIE", "year": 2022, "max_wind": 100.0, "min_pressure": 964.0, "category": 3}, "geometry": {"type": "LineString", "coordinates": [[-50.5, 8.3], [-52.2, 8.7], [-54.2, 9.1], [-56.5, 9.6], [-58.9, 10.2], [-61.6, 10.7], [-64.0, 11.1], [-66.2, 11.4], [-68.0, 11.7], [-69.7, 11.9], [-71.4, 12.0], [-73.1, 12.0], [-74.9, 12.0], [-76.7, 11.9], [-78.5, 11.6], [-80.2, 11.3], [-81.8, 11.2], [-83.1, 10.9], [-83.8, 11.0], [-84.5, 11.1], [-85.9, 11.2], [-87.4, 11.2], [-88.9, 11.2], [-90.4, 11.5], [-91.9, 11.8], [-93.4, 12.2], [-94.9, 12.9], [-96.6, 13.4], [-98.2, 13.6], [-99.6, 13.8], [-100.9, 14.4], [-102.4, 14.9], [-103.8, 15.1], [-105.1, 15.4], [-106.4, 15.6], [-107.6, 15.8], [-108.5, 16.0], [-109.5, 16.3], [-110.6, 16.6], [-111.8, 16.9], [-113.1, 17.2], [-114.5, 17.5], [-116.1, 17.8], [-117.7, 18.0], [-119.3, 18.2], [-121.0, 18.6], [-122.8, 19.0], [-124.7, 19.2], [-126.6, 19.4], [-128.6, 19.5], [-130.5, 19.6], [-132.3, 19.5], [-134.0, 19.4], [-135.5, 19.4], [-136.9, 19.4]]}}, {"type": "Feature", "properties": {"storm_id": "AL032022", "name": "COLIN", "year": 2022, "max_wind": 35.0, "min_pressure": 1011.0, "category": 0}, "geometry": {"type": "LineString", "coordinates": [[-80.5, 31.8], [-80.5, 32.4], [-80.4, 32.5], [-79.9, 33.0], [-79.4, 33.4], [-78.9, 33.8]]}}, {"type": "Feature", "properties": {"storm_id": "AL052022", "name": "DANIELLE", "year": 2022, "max_wind": 75.0, "min_pressure": 972.0, "category": 1}, "geometry": {"type": "LineString", "coordinates": [[-46.6, 37.5], [-46.1, 37.8], [-45.6, 38.0], [-45.2, 38.1], [-44.8, 38.1], [-44.4, 38.0], [-44.1, 37.9], [-43.8, 37.8], [-43.6, 37.8], [-43.5, 37.9], [-43.6, 38.0], [-43.8, 38.0], [-44.2, 38.0], [-44.6, 38.0], [-45.0, 37.9], [-45.3, 37.9], [-45.4, 38.1], [-45.2, 38.4], [-45.0, 38.7], [-44.6, 39.2], [-44.1, 39.9], [-43.6, 40.6], [-43.1, 41.3], [-42.5, 41.8], [-41.8, 42.1], [-41.0, 42.3], [-39.9, 42.5], [-38.6, 42.9], [-37.2, 43.5], [-35.6, 44.4], [-33.9, 45.3], [-32.4, 46.2], [-31.4, 47.3], [-30.8, 48.5], [-30.5, 49.8], [-31.1, 51.0], [-33.2, 51.1], [-34.8, 49.8], [-34.1, 47.8], [-31.2, 46.1], [-28.0, 45.2], [-26.1, 44.7], [-24.7, 43.9], [-23.4, 42.7], [-21.9, 41.2], [-20.4, 40.1], [-18.8, 39.1], [-17.0, 38.4], [-15.0, 38.6], [-12.7, 39.4], [-11.2, 40.8], [-10.6, 42.5], [-10.7, 43.3], [-11.3, 43.6], [-11.4, 43.3], [-11.2, 43.0], [-10.9, 42.7], [-10.4, 42.5], [-10.1, 42.2], [-10.0, 41.6], [-10.1, 40.9], [-10.3, 40.2]]}}, {"type": "Feature", "properties": {"storm_id": "AL062022", "name": "EARL", "year": 2022, "max_wind": 95.0, "min_pressure": 948.0, "category": 2}, "geometry": {"type": "LineString", "coordinates": [[-58.6, 17.9], [-59.8, 18.3], [-60.9, 18.6], [-61.9, 18.9], [-62.9, 19.2], [-63.6, 19.4], [-64.1, 19.5], [-64.6, 19.8], [-65.0, 20.0], [-65.3, 20.3], [-65.4, 20.8], [-65.2, 21.5], [-65.2, 22.0], [-65.2, 22.5], [-65.3, 23.1], [-65.7, 23.5], [-65.7, 23.9], [-65.8, 24.5], [-65.9, 25.0], [-65.8, 25.4], [-65.6, 26.1], [-65.5, 26.8], [-65.5, 27.7], [-65.3, 28.7], [-64.8, 29.7], [-64.3, 30.6], [-63.2, 31.9], [-61.9, 33.4], [-59.8, 34.9], [-56.8, 37.1], [-54.3, 40.0], [-53.3, 42.4], [-52.8, 43.3], [-52.6, 43.3], [-52.2, 43.8], [-52.0, 44.2], [-51.9, 44.3], [-51.9, 44.2], [-52.1, 44.3], [-51.9, 43.9], [-51.2, 43.2], [-48.3, 42.9], [-46.8, 43.0], [-45.2, 43.4], [-43.7, 44.3], [-42.4, 45.0], [-41.6, 45.4], [-40.9, 45.5], [-40.5, 45.3], [-39.4, 45.2], [-37.7, 45.2], [-36.1, 45.6]]}}, {"type": "Feature", "properties": {"storm_id": "AL072022", "name": "FIONA", "year": 2022, "max_wind": 120.0, "min_pressure": 931.0, "category": 4}, "geometry": {"type": "LineString", "coordinates": [[-47.9, 16.0], [-49.1, 16.4], [-50.1, 16.6], [-51.3, 16.6], [-52.4, 16.5], [-53.6, 16.4], [-54.8, 16.3], [-56.2, 16.1], [-57.5, 15.8], [-58.8, 15.8], [-60.4, 16.3], [-61.4, 16.4], [-61.6, 16.4], [-62.6, 16.3], [-63.3, 16.4], [-64.0, 16.5], [-64.7, 16.5], [-65.5, 16.9], [-66.2, 17.2], [-66.9, 17.8], [-67.1, 18.0], [-67.8, 18.1], [-68.4, 18.2], [-68.5, 18.4], [-68.9, 18.8], [-69.5, 19.5], [-70.1, 20.2], [-70.7, 20.8], [-71.1, 21.4], [-71.2, 21.5], [-71.7, 22.3], [-71.8, 22.9], [-71.8, 23.5], [-71.7, 24.2], [-71.6, 25.1], [-71.4, 26.0], [-71.1, 26.9], [-70.6, 28.0], [-70.0, 29.5], [-69.0, 30.9], [-67.5, 32.5], [-65.0, 34.3], [-61.7, 37.8], [-60.7, 42.3], [-61.2, 45.0], [-61.2, 45.2], [-61.2, 46.8], [-60.8, 47.9], [-59.8, 48.8], [-58.6, 50.6], [-58.3, 51.3], [-57.5, 53.1], [-58.0, 55.5], [-59.0, 57.5], [-59.0, 58.5], [-59.0, 59.5], [-58.5, 60.5], [-58.0, 61.5], [-57.0, 62.5], [-55.0, 63.3], [-52.0, 64.0]]}}, {"type": "Feature", "properties": {"storm_id": "AL082022", "name": "GASTON", "year": 2022, "max_wind": 55.0, "min_pressure": 994.0, "category": 0}, "geometry": {"type": "LineString", "coordinates": [[-46.3, 28.7], [-45.8, 29.6], [-45.8, 30.4], [-45.9, 31.3], [-45.8, 32.5], [-45.0, 34.0], [-44.1, 35.5], [-43.1, 36.9], [-42.0, 37.9], [-40.7, 38.6], [-38.6, 39.4], [-36.5, 40.1], [-34.8, 40.7], [-33.1, 41.0], [-31.5, 41.1], [-30.1, 40.9], [-29.2, 40.5], [-28.8, 39.8], [-29.2, 39.1], [-29.7, 38.7], [-30.4, 38.2], [-31.4, 38.0], [-32.7, 38.4], [-34.1, 38.9], [-35.7, 39.4], [-37.0, 39.2], [-37.7, 38.8], [-38.5, 38.5], [-39.4, 38.4], [-40.4, 38.2], [-41.5, 38.0], [-42.8, 37.6], [-44.2, 37.2], [-45.9, 37.0]]}}, {"type": "Feature", "properties": {"storm_id": "AL092022", "name": "IAN", "year": 2022, "max_wind": 140.0, "min_pressure": 937.0, "category": 5}, "geometry": {"type": "LineString", "coordinates": [[-66.3, 12.3], [-67.2, 12.9], [-68.1, 13.7], [-69.3, 14.2], [-70.6, 14.6], [-71.7, 14.7], [-72.9, 14.7], [-74.4, 14.5], [-75.8, 14.4], [-77.2, 14.6], [-78.3, 14.6], [-79.4, 15.0], [-80.1, 15.8], [-80.9, 16.8], [-81.7, 17.7], [-82.4, 18.7], [-83.0, 19.7], [-83.3, 20.8], [-83.6, 21.8], [-83.7, 22.2], [-83.6, 22.6], [-83.3, 23.5], [-83.0, 24.4], [-82.9, 24.6], [-82.9, 25.2], [-82.7, 26.0], [-82.4, 26.6], [-82.2, 26.7], [-82.0, 26.8], [-81.7, 27.2], [-81.1, 27.7], [-80.6, 28.4], [-80.1, 28.9], [-79.4, 29.6], [-79.1, 30.3], [-79.0, 31.5], [-79.2, 33.3], [-79.2, 33.3], [-79.3, 34.4], [-79.7, 35.3]]}}, {"type": "Feature", "properties": {"storm_id": "AL102022", "name": "HERMINE", "year": 2022, "max_wind": 35.0, "min_pressure": 1003.0, "category": 0}, "geometry": {"type": "LineString", "coordinates": [[-19.4, 16.6], [-19.9, 17.4], [-20.3, 18.1], [-20.7, 18.7], [-20.9, 19.4], [-20.9, 20.3], [-20.7, 21.4], [-20.5, 22.4], [-20.3, 23.1], [-20.1, 23.7], [-19.8, 24.1], [-19.4, 24.6]]}}, {"type": "Feature", "properties": {"storm_id": "AL112022", "name": "ELEVEN", "year": 2022, "max_wind": 30.0, "min_pressure": 1008.0, "category": 0}, "geometry": {"type": "LineString", "coordinates": [[-35.8, 13.8], [-35.4, 13.6], [-35.0, 13.6], [-34.7, 13.8], [-34.5, 14.1], [-34.3, 14.5], [-34.2, 15.1], [-34.3, 15.7], [-34.7, 16.2], [-35.2, 16.7], [-36.0, 17.5], [-36.9, 18.3]]}}, {"type": "Feature", "properties": {"storm_id": "AL122022", "name": "TWELVE", "year": 2022, "max_wind": 30.0, "min_pressure": 1007.0, "category": 0}, "geometry": {"type": "LineString", "coordinates": [[-29.5, 13.6], [-30.2, 14.2], [-30.5, 14.6], [-30.9, 15.0], [-31.5, 15.3], [-31.9, 16.0], [-32.1, 17.0], [-32.8, 17.7], [-33.9, 18.1], [-35.0, 18.7]]}}, {"type": "Feature", "properties": {"storm_id": "AL132022", "name": "JULIA", "year": 2022, "max_wind": 75.0, "min_pressure": 982.0, "category": 1}, "geometry": {"type": "LineString", "coordinates": [[-66.5, 11.4], [-67.8, 11.6], [-69.2, 11.9], [-69.8, 12.0], [-70.6, 12.1], [-71.2, 12.2], [-72.1, 12.5], [-73.8, 12.8], [-75.5, 12.8], [-77.2, 12.7], [-78.9, 12.7], [-80.5, 12.6], [-82.0, 12.5], [-83.3, 12.4], [-83.6, 12.4], [-84.7, 12.3], [-86.2, 12.3], [-87.6, 12.6], [-88.8, 13.1], [-89.7, 13.6], [-89.9, 13.7]]}}, {"type": "Feature", "properties": {"storm_id": "AL142022", "name": "KARL", "year": 2022, "max_wind": 50.0, "min_pressure": 997.0, "category": 0}, "geometry": {"type": "LineString", "coordinates": [[-94.1, 19.0], [-94.5, 19.6], [-94.8, 20.2], [-94.9, 20.9], [-94.8, 21.5], [-94.6, 22.0], [-94.3, 22.4], [-94.3, 22.4], [-94.0, 21.9], [-93.6, 21.3], [-93.0, 20.9], [-92.6, 20.3], [-92.6, 19.8], [-92.6, 19.4], [-92.7, 19.0], [-92.9, 18.7], [-93.3, 18.5], [-94.0, 18.4]]}}, {"type": "Feature", "properties": {"storm_id": "AL152022", "name": "LISA", "year": 2022, "max_wind": 80.0, "min_pressure": 985.0, "category": 1}, "geometry": {"type": "LineString", "coordinates": [[-73.3, 15.7], [-74.4, 15.7], [-75.5, 15.6], [-76.7, 15.5], [-77.8, 15.5], [-78.8, 15.6], [-79.9, 15.9], [-81.2, 16.2], [-82.5, 16.5], [-84.1, 16.7], [-85.5, 17.0], [-86.7, 17.1], [-87.7, 17.3], [-88.3, 17.4], [-88.6, 17.5], [-89.6, 17.7], [-90.6, 17.9], [-91.7, 18.0], [-92.7, 18.1], [-93.6, 18.3], [-94.5, 18.7], [-95.2, 19.2], [-95.4, 19.4], [-95.4, 19.7]]}}, {"type": "Feature", "properties": {"storm_id": "AL162022", "name": "MARTIN", "year": 2022, "max_wind": 75.0, "min_pressure": 932.0, "category": 1}, "geometry": {"type": "LineString", "coordinates": [[-64.0, 34.2], [-63.1, 34.6], [-62.2, 34.9], [-61.6, 35.0], [-60.9, 35.0], [-59.6, 35.1], [-57.9, 35.2], [-56.7, 35.3], [-55.4, 35.3], [-54.2, 35.1], [-53.0, 35.0], [-50.9, 35.1], [-48.9, 36.1], [-46.4, 38.0], [-43.6, 40.3], [-38.8, 43.7], [-35.3, 49.0], [-38.0, 52.7], [-37.7, 54.7], [-37.2, 55.8], [-36.5, 56.5]]}}, {"type": "Feature", "properties": {"storm_id": "AL172022", "name": "NICOLE", "year": 2022, "max_wind": 65.0, "min_pressure": 980.0, "category": 1}, "geometry": {"type": "LineString", "coordinates": [[-66.8, 20.6], [-66.8, 22.4], [-67.5, 23.9], [-68.2, 25.2], [-69.3, 25.9], [-70.3, 26.4], [-70.7, 26.8], [-71.2, 27.5], [-72.1, 27.7], [-73.3, 27.6], [-74.3, 27.2], [-75.3, 26.8], [-76.2, 26.5], [-77.1, 26.5], [-77.3, 26.5], [-78.2, 26.6], [-78.4, 26.7], [-79.8, 27.3], [-80.3, 27.6], [-81.6, 28.0], [-82.8, 29.0], [-83.0, 29.2], [-84.0, 30.1], [-84.6, 31.2], [-84.6, 33.2], [-83.8, 35.4]]}}, {"type": "Feature", "properties": {"storm_id": "AL012023", "name": "AL012023", "year": 2023, "max_wind": 60.0, "min_pressure": 976.0, "category": 0}, "geometry": {"type": "LineString", "coordinates": [[-71.3, 36.4], [-70.6, 36.8], [-69.7, 37.2], [-68.8, 37.4], [-68.3, 37.5], [-67.6, 37.3], [-66.1, 37.1], [-63.6, 37.6], [-61.6, 39.8], [-60.6, 42.4], [-60.0, 45.5], [-60.0, 45.9], [-60.2, 48.4], [-60.2, 50.4], [-60.2, 51.4]]}}, {"type": "Feature", "properties": {"storm_id": "AL022023", "name": "ARLENE", "year": 2023, "max_wind": 35.0, "min_pressure": 998.0, "category": 0}, "geometry": {"type": "LineString", "coordinates": [[-85.9, 26.4], [-85.7, 26.7], [-85.8, 27.2], [-86.2, 27.7], [-86.5, 28.0], [-86.5, 27.7], [-86.4, 27.3], [-86.3, 27.0], [-86.0, 26.7], [-85.7, 25.9], [-85.6, 25.0], [-85.3, 24.4], [-85.0, 23.9], [-84.1, 23.5], [-83.0, 23.3]]}}, {"type": "Feature", "properties": {"storm_id": "AL032023", "name": "BRET", "year": 2023, "max_wind": 60.0, "min_pressure": 996.0, "category": 0}, "geometry": {"type": "LineString", "coordinates": [[-37.3, 10.7], [-39.1, 10.9], [-40.9, 11.1], [-42.7, 11.3], [-44.5, 11.5], [-46.3, 11.7], [-48.0, 12.0], [-49.4, 12.4], [-50.7, 12.7], [-52.0, 13.0], [-53.3, 13.3], [-54.6, 13.4], [-55.9, 13.5], [-57.3, 13.5], [-58.8, 13.4], [-60.3, 13.3], [-61.2, 13.3], [-62.0, 13.3], [-63.8, 13.2], [-65.6, 13.1], [-67.4, 13.0], [-69.2, 13.0], [-70.9, 13.0]]}}, {"type": "Feature", "properties": {"storm_id": "AL042023", "name": "CINDY", "year": 2023, "max_wind": 50.0, "min_pressure": 1004.0, "category": 0}, "geometry": {"type": "LineString", "coordinates": [[-39.9, 10.4], [-41.1, 10.7], [-42.3, 11.0], [-43.5, 11.3], [-44.8, 11.5], [-46.1, 11.8], [-47.5, 12.2], [-48.8, 12.8], [-50.0, 13.6], [-51.2, 14.6], [-52.5, 15.7], [-53.9, 16.8], [-55.2, 18.2], [-56.4, 19.4], [-57.6, 20.5], [-58.8, 21.6], [-59.9, 22.5]]}}, {"type": "Feature", "properties": {"storm_id": "AL052023", "name": "DON", "year": 2023, "max_wind": 65.0, "min_pressure": 986.0, "category": 1}, "geometry": {"type": "LineString", "coordinates": [[-55.5, 36.5], [-55.0, 36.6], [-54.4, 36.2], [-53.6, 35.3], [-52.6, 34.0], [-51.9, 32.9], [-51.0, 32.0], [-50.2, 31.3], [-48.7, 31.2], [-47.3, 31.7], [-46.7, 32.5], [-46.8, 32.9], [-47.0, 33.4], [-47.2, 33.8], [-47.2, 34.3], [-47.7, 35.3], [-48.4, 36.2], [-48.7, 37.1], [-48.8, 37.8], [-48.7, 38.4], [-48.5, 38.9], [-47.5, 39.4], [-46.4, 39.5], [-45.0, 39.3], [-43.6, 38.9], [-42.2, 38.4], [-40.9, 37.8], [-39.9, 36.8], [-39.4, 36.0], [-39.2, 35.3], [-39.1, 34.6], [-39.1, 34.2], [-39.3, 33.9], [-39.9, 33.8], [-40.6, 33.8], [-41.3, 34.0], [-42.2, 34.3], [-43.3, 34.5], [-44.2, 34.6], [-45.1, 35.0], [-46.0, 35.4], [-47.0, 36.2], [-48.2, 36.9], [-49.3, 37.7], [-49.9, 38.5], [-50.1, 39.5], [-49.9, 40.7], [-49.4, 42.0], [-48.5, 43.3], [-47.3, 44.7], [-45.7, 45.9], [-44.1, 46.7], [-41.9, 47.3], [-39.7, 47.8], [-36.8, 48.5], [-33.7, 49.1], [-29.4, 49.8], [-24.5, 50.4]]}}, {"type": "Feature", "properties": {"storm_id": "AL062023", "name": "GERT", "year": 2023, "max_wind": 50.0, "min_pressure": 998.0, "category": 0}, "geometry": {"type": "LineString", "coordinates": [[-46.6, 14.7], [-47.8, 15.4], [-48.8, 16.1], [-49.9, 16.6], [-51.1, 16.9], [-52.3, 16.8], [-53.3, 16.7], [-54.2, 16.6], [-55.1, 16.6], [-55.9, 16.6], [-56.6, 16.7], [-57.2, 16.9], [-57.9, 17.0], [-58.7, 17.1], [-59.5, 17.4], [-60.1, 17.7], [-60.2, 18.1], [-59.7, 18.3], [-59.2, 18.5], [-59.0, 18.3], [-58.9, 18.1], [-58.7, 17.7], [-58.5, 17.3], [-58.6, 16.9], [-58.8, 16.5], [-59.1, 16.1], [-59.3, 16.0], [-59.5, 16.0], [-59.7, 16.1], [-59.8, 16.3], [-59.7, 16.9], [-59.5, 17.8], [-59.4, 18.7], [-59.5, 19.4], [-59.6, 19.9], [-59.6, 20.2], [-59.6, 20.5], [-59.4, 20.8], [-59.2, 21.2], [-59.2, 21.6], [-59.4, 22.3], [-59.6, 23.0], [-59.6, 23.8], [-59.6, 24.6], [-59.3, 25.4], [-59.0, 26.2], [-58.7, 27.0], [-58.5, 27.5], [-58.3, 28.0], [-58.1, 28.4], [-57.6, 28.5], [-57.0, 28.6], [-56.4, 28.8], [-55.7, 28.8], [-55.2, 28.4], [-54.8, 27.9], [-54.6, 27.7], [-54.4, 27.6], [-54.1, 27.7], [-53.8, 28.1], [-53.5, 28.6], [-53.0, 29.3], [-52.4, 30.4], [-51.6, 31.9], [-50.9, 33.9], [-50.7, 36.5], [-50.8, 39.4]]}}, {"type": "Feature", "properties": {"storm_id": "AL072023", "name": "EMILY", "year": 2023, "max_wind": 45.0, "min_pressure": 998.0, "category": 0}, "geometry": {"type": "LineString", "coordinates": [[-32.9, 15.4], [-33.9, 15.5], [-34.8, 15.6], [-35.3, 15.8], [-35.7, 16.4], [-36.1, 17.2], [-36.7, 18.0], [-37.5, 18.8], [-38.3, 19.4], [-39.0, 20.0], [-39.8, 20.3], [-40.6, 20.6], [-41.4, 21.0], [-42.2, 21.4], [-43.1, 21.9], [-44.1, 22.5], [-45.1, 23.4], [-46.1, 24.4], [-47.2, 25.3], [-48.4, 26.1], [-49.2, 26.9], [-49.6, 27.8], [-49.6, 28.6], [-49.2, 29.3], [-48.9, 29.8], [-48.7, 30.5], [-48.6, 31.4], [-48.6, 32.4]]}}, {"type": "Feature", "properties": {"storm_id": "AL082023", "name": "FRANKLIN", "year": 2023, "max_wind": 130.0, "min_pressure": 926.0, "category": 4}, "geometry": {"type": "LineString", "coordinates": [[-60.5, 12.8], [-62.1, 13.1], [-63.7, 13.5], [-65.2, 14.0], [-66.6, 14.5], [-67.9, 14.8], [-68.8, 14.8], [-69.5, 14.6], [-70.0, 14.1], [-70.4, 14.0], [-70.9, 14.1], [-71.1, 14.8], [-71.3, 15.6], [-71.4, 16.5], [-71.4, 17.3], [-71.2, 17.9], [-71.1, 18.3], [-70.8, 19.4], [-70.6, 20.6], [-70.5, 21.6], [-70.0, 22.0], [-69.3, 22.2], [-68.5, 22.4], [-68.1, 22.2], [-67.9, 21.9], [-67.3, 21.8], [-66.5, 22.2], [-66.0, 22.6], [-66.5, 23.2], [-67.3, 23.5], [-67.9, 23.9], [-68.5, 24.4], [-69.1, 24.9], [-69.7, 25.5], [-70.3, 26.0], [-70.6, 26.7], [-70.9, 27.5], [-71.1, 28.2], [-71.1, 28.9], [-71.0, 29.7], [-70.7, 30.3], [-70.2, 31.1], [-69.5, 31.8], [-68.7, 32.6], [-67.8, 33.2], [-66.7, 33.9], [-65.2, 34.4], [-63.9, 34.7], [-62.6, 35.1], [-61.1, 35.6], [-59.7, 36.4], [-58.2, 37.4], [-56.6, 38.2], [-54.6, 38.8], [-52.0, 39.6], [-48.8, 41.2], [-45.9, 43.0], [-43.4, 44.8], [-41.0, 45.8], [-38.7, 46.4], [-36.2, 47.0], [-33.4, 47.7], [-30.8, 47.8], [-28.6, 47.5], [-27.3, 47.1], [-26.8, 46.7], [-26.6, 46.0], [-26.3, 44.6], [-25.4, 42.8], [-23.8, 41.0], [-21.6, 40.1], [-19.4, 40.1], [-17.7, 41.3], [-16.5, 43.3], [-16.0, 45.4], [-16.1, 46.8], [-16.3, 47.7], [-16.5, 48.5], [-17.2, 48.5], [-17.8, 48.3], [-18.5, 47.9], [-18.9, 47.2], [-19.1, 46.3], [-19.4, 45.3], [-19.8, 44.1], [-20.3, 43.1]]}}, {"type": "Feature", "properties": {"storm_id": "AL092023", "name": "HAROLD", "year": 2023, "max_wind": 50.0, "min_pressure": 995.0, "category": 0}, "geometry": {"type": "LineString", "coordinates": [[-89.2, 24.7], [-90.8, 25.0], [-92.4, 25.4], [-94.3, 25.8], [-96.4, 26.8], [-97.4, 27.1], [-98.3, 27.3], [-100.1, 27.7], [-101.7, 28.5], [-103.3, 29.7]]}}, {"type": "Feature", "properties": {"storm_id": "AL102023", "name": "IDALIA", "year": 2023, "max_wind": 115.0, "min_pressure": 942.0, "category": 4}, "geometry": {"type": "LineString", "coordinates": [[-86.1, 20.8], [-86.2, 21.3], [-86.4, 21.1], [-86.8, 20.5], [-86.3, 19.9], [-85.8, 19.9], [-85.4, 19.8], [-85.2, 19.9], [-85.2, 20.6], [-85.2, 21.2], [-85.1, 21.8], [-85.0, 22.6], [-84.8, 23.8], [-84.8, 25.3], [-84.7, 26.9], [-84.5, 28.3], [-84.1, 29.1], [-83.6, 29.9], [-83.5, 30.0], [-82.5, 31.5], [-80.9, 32.7], [-78.9, 33.5], [-77.0, 33.7], [-74.6, 33.6], [-72.3, 33.4], [-70.5, 32.7], [-68.8, 32.3], [-67.1, 32.1], [-65.7, 31.9], [-64.7, 31.8], [-63.9, 31.8], [-63.1, 31.8], [-62.2, 32.0], [-61.3, 32.5], [-60.5, 33.4], [-59.7, 34.9], [-58.9, 36.2], [-58.0, 37.6], [-57.5, 39.2], [-57.9, 40.5], [-58.7, 41.1], [-59.1, 41.6], [-59.3, 42.2], [-59.8, 42.6], [-60.5, 42.6], [-61.4, 42.6], [-62.0, 42.6], [-62.8, 42.6], [-62.9, 42.9], [-62.1, 43.0], [-61.1, 43.2], [-60.1, 43.6], [-59.3, 44.3], [-58.3, 45.2]]}}, {"type": "Feature", "properties": {"storm_id": "AL112023", "name": "JOSE", "year": 2023, "max_wind": 55.0, "min_pressure": 996.0, "category": 0}, "geometry": {"type": "LineString", "coordinates": [[-51.7, 27.7], [-51.5, 27.7], [-51.5, 27.9], [-51.8, 28.0], [-52.1, 28.0], [-52.1, 28.1], [-52.1, 28.1], [-52.1, 28.2], [-52.1, 28.3], [-52.1, 28.6], [-52.1, 29.3], [-52.3, 30.4], [-52.5, 31.6], [-52.4, 32.9], [-51.4, 34.9], [-49.8, 37.4]]}}, {"type": "Feature", "properties": {"storm_id": "AL122023", "name": "KATIA", "year": 2023, "max_wind": 50.0, "min_pressure": 998.0, "category": 0}, "geometry": {"type": "LineString", "coordinates": [[-21.3, 14.9], [-22.4, 15.2], [-23.4, 15.4], [-24.1, 15.5], [-24.8, 15.8], [-25.5, 16.1], [-26.2, 16.5], [-27.0, 17.0], [-27.6, 17.7], [-27.9, 18.5], [-28.1, 19.3], [-28.3, 20.2], [-28.5, 21.1], [-28.8, 22.3], [-29.4, 23.5], [-30.1, 24.5], [-30.9, 25.3], [-31.5, 26.0], [-32.0, 26.5], [-32.7, 26.9], [-33.3, 27.1], [-33.6, 27.4], [-34.0, 27.7], [-34.4, 27.9], [-34.5, 28.0], [-34.6, 28.2], [-34.6, 28.3], [-34.2, 28.3], [-33.7, 28.0], [-33.1, 27.6], [-32.2, 27.4], [-31.8, 26.7], [-31.8, 26.0], [-32.2, 25.4], [-32.7, 24.6], [-33.8, 24.0], [-34.8, 23.2], [-36.0, 22.3], [-37.6, 21.5], [-39.2, 20.5], [-40.9, 19.6], [-42.0, 18.4], [-42.9, 17.6], [-43.7, 16.8], [-44.5, 16.0], [-45.5, 15.4], [-46.3, 15.0], [-46.9, 14.8], [-47.4, 14.6], [-47.9, 14.5], [-48.1, 14.4], [-48.3, 14.4], [-48.3, 14.4], [-48.3, 14.5], [-48.2, 14.6], [-48.1, 14.7], [-48.0, 14.9], [-47.8, 15.1], [-47.6, 15.0], [-47.7, 14.9], [-47.8, 14.7], [-48.0, 14.5], [-48.4, 14.2], [-48.8, 13.6], [-49.2, 13.0], [-49.1, 12.4], [-48.8, 11.8]]}}, {"type": "Feature", "properties": {"storm_id": "AL132023", "name": "LEE", "year": 2023, "max_wind": 145.0, "min_pressure": 926.0, "category": 5}, "geometry": {"type": "LineString", "coordinates": [[-39.6, 12.2], [-41.1, 12.9], [-42.5, 13.2], [-43.9, 13.5], [-45.0, 14.0], [-46.1, 14.6], [-47.1, 15.1], [-48.2, 15.6], [-49.4, 16.1], [-50.7, 16.6], [-51.8, 17.0], [-53.0, 17.5], [-54.1, 17.9], [-55.1, 18.5], [-56.0, 19.0], [-57.0, 19.5], [-57.9, 20.0], [-58.8, 20.4], [-59.5, 20.8], [-60.2, 21.2], [-60.8, 21.5], [-61.4, 21.9], [-61.9, 22.3], [-62.5, 22.8], [-63.2, 23.2], [-63.9, 23.5], [-64.5, 23.7], [-65.1, 23.9], [-65.7, 24.1], [-66.2, 24.5], [-66.6, 24.9], [-66.9, 25.3], [-67.2, 26.0], [-67.6, 26.8], [-67.8, 27.6], [-68.0, 28.5], [-68.2, 29.8], [-68.3, 31.1], [-67.8, 32.1], [-67.6, 33.6], [-67.1, 35.1], [-66.7, 37.1], [-65.9, 38.7], [-66.0, 40.9], [-66.3, 42.7], [-66.4, 43.8], [-66.3, 44.3], [-66.2, 44.7], [-64.8, 45.9], [-63.0, 47.3], [-60.1, 48.6], [-57.9, 50.7], [-53.2, 51.7], [-48.6, 52.6], [-42.0, 53.0]]}}, {"type": "Feature", "properties": {"storm_id": "AL142023", "name": "MARGOT", "year": 2023, "max_wind": 80.0, "min_pressure": 969.0, "category": 1}, "geometry": {"type": "LineString", "coordinates": [[-26.0, 15.5], [-27.3, 16.0], [-28.6, 16.5], [-30.1, 17.1], [-31.8, 17.8], [-33.6, 18.5], [-35.1, 19.1], [-36.4, 19.7], [-37.5, 20.2], [-38.3, 20.7], [-38.9, 21.2], [-39.4, 21.8], [-39.8, 22.5], [-40.0, 23.3], [-40.0, 24.0], [-40.0, 24.7], [-40.0, 25.5], [-39.9, 26.4], [-39.6, 27.5], [-39.4, 28.6], [-39.3, 29.8], [-39.4, 31.0], [-39.6, 32.1], [-39.9, 33.0], [-40.3, 33.7], [-40.6, 34.4], [-40.7, 35.1], [-40.5, 35.8], [-40.1, 36.3], [-39.6, 36.6], [-39.1, 36.7], [-38.6, 36.7], [-38.1, 36.5], [-37.8, 36.1], [-37.8, 35.7], [-38.0, 35.2], [-38.5, 34.7], [-39.2, 34.3], [-40.1, 34.0], [-41.1, 34.0], [-42.0, 34.3], [-43.0, 34.7], [-43.6, 35.3], [-43.8, 36.0], [-43.6, 36.8], [-42.7, 37.8]]}}, {"type": "Feature", "properties": {"storm_id": "AL152023", "name": "NIGEL", "year": 2023, "max_wind": 85.0, "min_pressure": 958.0, "category": 2}, "geometry": {"type": "LineString", "coordinates": [[-42.2, 13.6], [-43.2, 14.3], [-44.0, 15.2], [-44.8, 16.1], [-45.4, 17.4], [-46.0, 18.7], [-46.7, 20.1], [-47.6, 21.4], [-48.3, 22.5], [-48.8, 23.5], [-49.4, 24.5], [-50.0, 25.3], [-50.6, 26.0], [-51.1, 26.8], [-51.7, 27.5], [-52.4, 28.2], [-53.2, 29.0], [-54.0, 29.9], [-54.7, 31.1], [-55.0, 32.4], [-55.2, 33.7], [-54.7, 35.2], [-53.6, 36.7], [-51.6, 38.3], [-49.2, 40.0], [-46.3, 41.3], [-42.8, 42.8], [-38.7, 44.3], [-34.3, 45.4], [-30.2, 47.2], [-26.8, 48.9], [-24.0, 50.9], [-22.2, 53.3], [-22.7, 55.6], [-23.2, 57.7], [-25.6, 58.3], [-27.4, 57.4], [-26.7, 56.1], [-23.5, 56.4], [-20.9, 58.0], [-18.6, 60.1], [-18.5, 61.0], [-19.4, 61.5], [-20.9, 61.5], [-22.5, 61.5], [-23.3, 61.5]]}}, {"type": "Feature", "properties": {"storm_id": "AL162023", "name": "OPHELIA", "year": 2023, "max_wind": 60.0, "min_pressure": 981.0, "category": 0}, "geometry": {"type": "LineString", "coordinates": [[-76.0, 28.5], [-75.6, 29.0], [-75.3, 29.5], [-75.1, 30.3], [-75.5, 31.6], [-76.1, 32.7], [-76.6, 33.3], [-77.1, 33.8], [-77.1, 34.7], [-77.1, 35.1], [-77.5, 36.3], [-77.6, 36.8], [-77.6, 37.2], [-77.4, 37.9], [-76.9, 38.9]]}}, {"type": "Feature", "properties": {"storm_id": "AL172023", "name": "PHILIPPE", "year": 2023, "max_wind": 50.0, "min_pressure": 998.0, "category": 0}, "geometry": {"type": "LineString", "coordinates": [[-36.6, 15.5], [-38.0, 15.6], [-39.1, 15.7], [-39.8, 15.8], [-40.5, 16.0], [-41.3, 16.3], [-42.0, 16.6], [-42.9, 16.9], [-43.8, 17.1], [-44.8, 17.1], [-46.2, 17.1], [-47.3, 17.4], [-48.5, 17.5], [-49.7, 17.4], [-50.8, 17.1], [-51.6, 17.2], [-52.3, 17.4], [-53.0, 17.5], [-53.7, 17.8], [-54.3, 18.1], [-54.5, 18.5], [-54.7, 18.7], [-54.8, 18.6], [-54.9, 18.5], [-55.0, 18.4], [-55.3, 18.2], [-55.6, 18.0], [-55.7, 17.6], [-55.8, 17.2], [-56.0, 16.8], [-56.3, 16.4], [-56.7, 16.1], [-57.5, 16.0], [-58.4, 16.0], [-58.8, 16.2], [-59.0, 16.5], [-59.7, 16.8], [-60.5, 16.9], [-61.2, 17.3], [-61.8, 17.6], [-61.9, 17.6], [-62.7, 18.1], [-63.6, 18.6], [-64.5, 19.1], [-65.2, 19.5], [-65.4, 20.2], [-65.6, 21.2], [-65.8, 22.2], [-66.0, 23.1], [-66.2, 24.0], [-66.3, 25.1], [-66.1, 26.4], [-66.0, 27.6], [-65.5, 28.7]]}}, {"type": "Feature", "properties": {"storm_id": "AL182023", "name": "RINA", "year": 2023, "max_wind": 45.0, "min_pressure": 999.0, "category": 0}, "geometry": {"type": "LineString", "coordinates": [[-44.5, 15.6], [-45.1, 16.9], [-45.8, 17.7], [-46.2, 18.2], [-46.4, 18.6], [-46.7, 19.1], [-47.5, 19.8], [-48.4, 20.2], [-49.1, 20.5], [-50.0, 21.0], [-51.0, 22.1], [-52.2, 23.0], [-53.3, 23.8], [-54.4, 24.8], [-55.3, 25.8], [-55.6, 26.7]]}}, {"type": "Feature", "properties": {"storm_id": "AL192023", "name": "SEAN", "year": 2023, "max_wind": 40.0, "min_pressure": 1005.0, "category": 0}, "geometry": {"type": "LineString", "coordinates": [[-30.2, 9.6], [-31.4, 9.8], [-32.6, 10.1], [-33.7, 10.7], [-34.7, 11.3], [-35.6, 11.8], [-36.4, 12.3], [-37.1, 12.8], [-37.8, 13.3], [-39.0, 13.7], [-40.1, 14.0], [-41.2, 14.3], [-42.2, 14.6], [-42.7, 14.9], [-43.3, 15.3], [-43.9, 15.8], [-44.5, 16.3], [-45.1, 16.8], [-45.8, 17.3], [-46.6, 17.6], [-47.6, 17.9], [-48.6, 18.1], [-49.8, 18.2], [-51.0, 18.3], [-52.2, 18.4]]}}, {"type": "Feature", "properties": {"storm_id": "AL202023", "name": "TAMMY", "year": 2023, "max_wind": 95.0, "min_pressure": 965.0, "category": 2}, "geometry": {"type": "LineString", "coordinates": [[-51.0, 12.9], [-52.5, 13.0], [-54.0, 13.2], [-55.3, 13.4], [-56.4, 13.5], [-57.2, 13.6], [-57.9, 13.7], [-58.4, 13.9], [-58.9, 14.1], [-59.6, 14.5], [-60.3, 14.9], [-60.6, 15.6], [-61.0, 16.6], [-61.7, 17.5], [-61.8, 17.6], [-62.2, 18.0], [-62.8, 18.7], [-63.4, 19.4], [-63.9, 20.2], [-64.0, 21.0], [-64.0, 21.6], [-63.8, 22.1], [-63.5, 22.6], [-63.1, 23.1], [-62.6, 23.6], [-62.0, 24.0], [-61.2, 24.5], [-60.4, 25.1], [-59.4, 26.1], [-58.3, 27.5], [-57.8, 29.1], [-58.3, 30.0], [-58.8, 30.5], [-59.5, 31.0], [-60.1, 31.5], [-60.6, 31.8], [-61.0, 32.0], [-61.4, 32.3], [-61.5, 32.6], [-61.0, 32.9], [-59.5, 33.1], [-58.0, 33.3], [-56.1, 32.8], [-54.3, 32.6], [-52.5, 31.8], [-50.9, 30.9], [-49.6, 29.6], [-49.0, 28.5], [-48.5, 27.5], [-48.1, 26.5], [-48.5, 25.6], [-49.0, 25.1], [-49.9, 24.9], [-50.6, 24.6]]}}, {"type": "Feature", "properties": {"storm_id": "AL212023", "name": "TWENTY-ONE", "year": 2023, "max_wind": 25.0, "min_pressure": 1007.0, "category": 0}, "geometry": {"type": "LineString", "coordinates": [[-82.6, 11.4], [-83.2, 11.5], [-83.4, 12.2], [-83.5, 12.4], [-83.8, 13.0], [-84.4, 13.5]]}}]}